N°,Ubicación,Referencia,Latitud,Longitud,Nombre común,Nombre científico,Tipo de vegetación,Cantidad,Foto,Código,FEN 2026
1,Educación,p01,-12.067219,-77.079643,Palmera Real,Roystonea regia,Palmera,1,https://drive.google.com/file/d/1-NeMHz57fE9OH8iZRXDXDjqDAeoIghyi/view?usp=drivesdk,,
2,Educación,p02,-12.067226,-77.079638,Palmera Real,Roystonea regia,Palmera,1,https://drive.google.com/file/d/1UnJp82NV1q3vdRFDGXdX7yQycSwjvKjO/view?usp=drivesdk,,
3,Educación,p03,-12.067282,-77.079621,Palmera Real,Roystonea regia,Palmera,1,https://drive.google.com/file/d/13vdeHeWrQ8xU5tIt4-hCQxmeF70LtY0j/view?usp=drivesdk,,
4,Educación,p04,-12.067417,-77.079647,Palmera Real,Roystonea regia,Palmera,1,https://drive.google.com/file/d/1Z1Zf9XcJXTCSjz8MaJHIb1O5oQtGmusR/view?usp=drivesdk,,
5,Educación,p05,-12.067461,-77.079675,Palmera Real,Roystonea regia,Palmera,1,https://drive.google.com/file/d/1GM1jjLyUr8YSq-jDAUl4PtwYtSleLz8c/view?usp=drivesdk,,
6,Educación,p06,-12.067481,-77.079671,Palmera Real,Roystonea regia,Palmera,1,https://drive.google.com/file/d/1e0XPelufVFcHSX7AXN-FBMCU-BOLlAQS/view?usp=drivesdk,,
7,Educación,p07,-12.067532,-77.079648,Palmera Real,Roystonea regia,Palmera,1,https://drive.google.com/file/d/1UL5cGUTGlCSeN6oAjNh6vbYjAw3eyXqR/view?usp=drivesdk,,
8,Educación,p08,-12.067578,-77.079648,Palmera Real,Roystonea regia,Palmera,1,https://drive.google.com/file/d/1elgYrlQejO4IS8CMqsICL1cnF7FLRwGb/view?usp=drivesdk,,
9,Educación,p09,-12.067712,-77.079649,Palmera Real,Roystonea regia,Palmera,1,https://drive.google.com/file/d/1_zqZAiBrkNuA5LyokTuJyYUh8wytAyjp/view?usp=drivesdk,,
10,Educación,p10,-12.067816,-77.079607,Palmera Real,Roystonea regia,Palmera,1,https://drive.google.com/file/d/11wKGkCTajsfbOY40XEqwZUxIzlAza8cR/view?usp=drivesdk,,
11,Educación,p11,-12.067774,-77.079618,Palmera Real,Roystonea regia,Palmera,1,https://drive.google.com/file/d/1AnT4lnIYw6pXVMsMdDOZGgKYyaAnXO5R/view?usp=drivesdk,,
12,hallazgos,p12,-12.06788,-77.079633,Palmera Real,Roystonea regia,Palmera,1,https://drive.google.com/file/d/1IqUIuVwDZ6HmLredI6QWSqhi1gmu0MZm/view?usp=drivesdk,,
13,hallazgos,p13,-12.067959,-77.079642,Palmera Real,Roystonea regia,Palmera,1,https://drive.google.com/file/d/1sr1kUXa4xmsPBxWih3LhZLaUY6rK9cFa/view?usp=drivesdk,,
14,hallazgos,p14,-12.067983,-77.079627,Palmera Real,Roystonea regia,Palmera,1,https://drive.google.com/file/d/1jynry8Veple5A-Biow_Ei32QQnE1zYpT/view?usp=drivesdk,,
15,Tinkuy,p15,-12.068064,-77.079618,Palmera Real,Roystonea regia,Palmera,1,https://drive.google.com/file/d/1dCzYO10YhMb99_joNZWnXOsuGjG4EqzB/view?usp=drivesdk,,
16,Tinkuy,p16,-12.068139,-77.079616,Palmera Real,Roystonea regia,Palmera,1,https://drive.google.com/file/d/1jcvKJcxMm3ipezhwcbPHsUvhubvOzCAv/view?usp=drivesdk,,
17,Tinkuy,p17,-12.068185,-77.079607,Palmera Real,Roystonea regia,Palmera,1,https://drive.google.com/file/d/1mFju8AdndO4N6SlkChF6TumqA_WaNNBv/view?usp=drivesdk,,
18,Tinkuy,p18,-12.068235,-77.079589,Palmera Real,Roystonea regia,Palmera,1,https://drive.google.com/file/d/1Zdz85TVo3jvkP11nftsuWBYDDDYLKX-q/view?usp=drivesdk,,
19,Tinkuy,p19,-12.068248,-77.079573,Palmera Real,Roystonea regia,Palmera,1,https://drive.google.com/file/d/1Bf-OAjwaWnogJRlQNkJTl-hRiYm2GolK/view?usp=drivesdk,,
20,Juan valdez,p20,-12.0686556569468,-77.0795162022114,Palmera Real,Roystonea regia,Palmera,1,https://drive.google.com/file/d/1MKXVQEEGOBYhDR6Li0b7Qndtx7XGfscX/view?usp=drivesdk,,
21,Mac Gregor,p21,-12.068648,-77.079167,Palmera bruja,Syagrus romanzoffiana,Palmera,1,https://drive.google.com/file/d/1530h7qgVDorwrvBsdtRP9cMYqNUAzhgp/view?usp=drivesdk,,
22,Mac Gregor,p22,-12.068658244846,-77.0790320683918,Palmera bruja,Syagrus romanzoffiana,Palmera,1,https://drive.google.com/file/d/1aW7kUuoRbIsqmpvS_pZaE2ceiQmB-Ifo/view?usp=drivesdk,,
23,Mac Gregor,p23,-12.068644,-77.079076,Palmera bruja,Syagrus romanzoffiana,Palmera,1,https://drive.google.com/file/d/1ErLX7z8HxuM8WMvmHnVJhJVoTSUYtAlA/view?usp=drivesdk,,
24,Mac Gregor,p24,-12.068591,-77.079081,Palmera bruja,Syagrus romanzoffiana,Palmera,1,https://drive.google.com/file/d/1tkV5ebzmxbtd9OsMqvnvB_tp1R4zStkS/view?usp=drivesdk,,
25,Mac Gregor,p25,-12.068568,-77.079124,Palmera bruja,Syagrus romanzoffiana,Palmera,1,https://drive.google.com/file/d/1xkYRgX8uQOCtoCcJd3HAKlcJOVHSqczB/view?usp=drivesdk,,
26,Estudio tv2,p26,-12.0687317120152,-77.0812861248862,Palmera Real,Roystonea regia,Palmera,1,https://drive.google.com/file/d/1aHCiBR8rzbDuR7kPlJvUHMdNWqAqm04U/view?usp=drivesdk,,
27,Pabellón Z,p27,-12.0687572886777,-77.0813049003461,Palmera Real,Roystonea regia,Palmera,1,https://drive.google.com/file/d/1E429zkkSdakeOd05jErsxj0Bu4E-8DGR/view?usp=drivesdk,,
28,Pabellón Z,p28,-12.06882,-77.081301,Palmera Real,Roystonea regia,Palmera,1,https://drive.google.com/file/d/1yYnz67pR8KaaSxRgyJgc0squFFxn0aeq/view?usp=drivesdk,,
29,Pabellón Z,p29,-12.068848,-77.081304,Palmera Real,Roystonea regia,Palmera,1,https://drive.google.com/file/d/13xy8isZJcYTsQMjGiQXLWnguHsx50XS2/view?usp=drivesdk,,
30,Pabellón Z,p30,-12.0689127254788,-77.0813320577144,Palmera Real,Roystonea regia,Palmera,1,https://drive.google.com/file/d/1-Q27jMF6X6Xonp9YQ9ZZXW7cUAbJCgJ4/view?usp=drivesdk,,
31,Pabellón Z,p31,-12.0689389539967,-77.081344127655,Palmera Real,Roystonea regia,Palmera,1,https://drive.google.com/file/d/1eHBPLqKPki3-XTbeigwScYYaG602B5Uu/view?usp=drivesdk,,
32,Pabellón Z,p32,-12.0689743494669,-77.081352174282,Palmera Real,Roystonea regia,Palmera,1,https://drive.google.com/file/d/1LibrBcZmYz8iLSZ0RuF_2Mq3-Yqj5tKq/view?usp=drivesdk,,
33,Pabellón Z,p33,-12.0690117182241,-77.0813602209125,Palmera Real,Roystonea regia,Palmera,1,https://drive.google.com/file/d/1WjgIYQfEGx3KLLWjsFUMDkZcapu_ysfb/view?usp=drivesdk,,
34,Letras y Ciencias Humanas,p34,-12.0692779187256,-77.0814105123268,Palmera Real,Roystonea regia,Palmera,1,https://drive.google.com/file/d/1Wm3zF_Vabwj3JNs5iV4GpqmZBtNlNq8i/view?usp=drivesdk,,
35,Letras y Ciencias Humanas,p35,-12.0691789266237,-77.0813944190722,Palmera Real,Roystonea regia,Palmera,1,https://drive.google.com/file/d/1LeyvEpfIHDk61Rx1UVH7ulZS5bAEqKRq/view?usp=drivesdk,,
36,Letras y Ciencias Humanas,p36,-12.069234651308,-77.0814024656991,Palmera Real,Roystonea regia,Palmera,1,https://drive.google.com/file/d/13VeqDtpEAuqlm7PHq605BfOabPqKi8HD/view?usp=drivesdk,,
37,Letras y Ciencias Humanas,p37,-12.0693362957405,-77.0813126116977,Palmera Real,Roystonea regia,Palmera,1,https://drive.google.com/file/d/1uH6dw3FF9-TJ8Gw_mm_KXRudviCp6rma/view?usp=drivesdk,,
38,Letras y Ciencias Humanas,p38,-12.06934,-77.081256,Palmera Real,Roystonea regia,Palmera,1,https://drive.google.com/file/d/1tm7Azq2NNdmtkJRT9pLZeLN3eIvhNlmr/view?usp=drivesdk,,
39,Letras y Ciencias Humanas,p39,-12.069355985044,-77.0811268687281,Palmera Real,Roystonea regia,Palmera,1,https://drive.google.com/file/d/1bLMet3BNwKGIRVA4PwjlvCoPUFWcCmMs/view?usp=drivesdk,,
40,Pabellón Z,p40,-12.069338,-77.080604,Palmera Real,Roystonea regia,Palmera,1,https://drive.google.com/file/d/18XndK0h5olJeqOfGd4f5hAD6IqDigITP/view?usp=drivesdk,,
41,Biblioteca Central,p41,-12.0696235149669,-77.0806588232517,Palmera Real,Roystonea regia,Palmera,1,https://drive.google.com/file/d/1mjWBctsL3QMkhm6y2FIhhtAf9SErJ25s/view?usp=drivesdk,,
42,Biblioteca de Teología,p42,-12.069583,-77.080694,Palmera Real,Roystonea regia,Palmera,1,https://drive.google.com/file/d/1dY_YQlVzjhBmAzKBQCCSyZfcXark68sq/view?usp=drivesdk,,
43,Mecánica,Mec-Pal-1,-12.0721529,-77.0808371,Palmera de la jalea ,Butia capitata,Palmera,1,https://drive.google.com/file/d/1bD9XOA8ptQKR47nuaflI0zbOrqx0V7_t/view?usp=drivesdk,,
44,Mecánica,Mec-Pal-2,-12.0721987,-77.0808384,Palma de guano,Sabal palmetto,Palmera,1,https://drive.google.com/file/d/1hiAkZ_g-K8v3JUq04LlZ3tvv4FGwof3p/view?usp=drivesdk,,
45,Mecánica,Mec-Pal-3,-12.0722368,-77.0808346,Palmera Canaria ,Phoenix canariensis,Palmera,1,https://drive.google.com/file/d/1LdMBRrEXtwneVfpVgiz9DG9NzIMLURDZ/view?usp=drivesdk,,
46,Mecánica,Mec-Pal-4,-12.0722446,-77.0808618,Palmera de abanico mexicana,Washingtonia robusta,Palmera,1,https://drive.google.com/file/d/1zvoL4dshMDp7FN0PK7caVNhQA7lrMwaV/view?usp=drivesdk,,
47,Mecánica,Mec-Pal-5,-12.0722681,-77.0808779,Palmera enana,Phoenix roebelenii,Palmera,1,https://drive.google.com/file/d/1HxhdKSji-RSUfkvr5TT-6lqZCTqXuukJ/view?usp=drivesdk,,
48,Mecánica,Mec-Pal-6,-12.0722735,-77.0808653,Palmera enana,Phoenix roebelenii,Palmera,1,https://drive.google.com/file/d/1wqpk0si3blMREkw5flMwmfPp1I0EKlav/view?usp=drivesdk,,
49,Mecánica,Mec-Pal-7,-12.0722798,-77.0808193,Palmera de abanico mexicana,Washingtonia robusta,Palmera,1,https://drive.google.com/file/d/1oWQ7J-flmBA0uLkgSYiWfEuQ60Z00xzx/view?usp=drivesdk,,
50,Mecánica,Mec-Pal-8,-12.0723296,-77.0808183,Palmera de abanico mexicana,Washingtonia robusta,Palmera,1,https://drive.google.com/file/d/1YFjYDzNvgY3dkvxiPjSrONzALzWHHY5P/view?usp=drivesdk,,
51,Mecánica,Mec-Pal-9,-12.0723287,-77.0808307,Palmera de abanico mexicana,Washingtonia robusta,Palmera,1,https://drive.google.com/file/d/1Wskc57brV1ZigETQFW3y_CLw8-Okv83L/view?usp=drivesdk,,
52,Mecánica,Mec-Pal-10,-12.0723514,-77.080831,Palmera Canaria ,Phoenix canariensis,Palmera,1,https://drive.google.com/file/d/1Hfzb60aev7TKjotVIWglCzwHrHsYxjUJ/view?usp=drivesdk,,
53,Mecánica,Mec-Pal-11,-12.0723932,-77.0808713,Palmera Canaria ,Phoenix canariensis,Palmera,1,https://drive.google.com/file/d/1-h-qARpIHWt0AvFNBhlKZXhhEtSMZliV/view?usp=drivesdk,,
54,Mecánica,Mec-Pal-12,-12.072397,-77.0809375,Palmera de abanico china,Livistona chinensis,Palmera,1,https://drive.google.com/file/d/16OgEcubQckypqa6pvsft8LAx3IU7Dt_F/view?usp=drivesdk,,
55,Mecánica,Mec-Pal-13,-12.0724138,-77.0808435,Palmera de abanico mexicana,Washingtonia robusta,Palmera,1,https://drive.google.com/file/d/1aeg8MhiVtWHLwr50xCntdsXLz6pgSt5N/view?usp=drivesdk,,
56,Mecánica,Mec-Pal-14,-12.072414,-77.0808177,Palmera de abanico mexicana,Washingtonia robusta,Palmera,1,https://drive.google.com/file/d/1B8A7Opjdv91qBIo_lDEJrs_Sb6FySA11/view?usp=drivesdk,,
57,Mecánica,Mec-Pal-15,-12.0724264,-77.0807849,Palmera de abanico mexicana,Washingtonia robusta,Palmera,1,https://drive.google.com/file/d/1U6X-PyzPiiNZKWyt6r5H7yb0dY2Boi8I/view?usp=drivesdk,,
58,Mecánica,Mec-Pal-16,-12.072462,-77.0807877,Palmera de abanico mexicana,Washingtonia robusta,Palmera,1,https://drive.google.com/file/d/1u9EQC3Zxg901TrJHgG99h_C-N8Ktb1E2/view?usp=drivesdk,,
59,Mecánica,Mec-Pal-17,-12.0721636,-77.0808327,Palmera de abanico mexicana,Washingtonia robusta,Palmera,1,https://drive.google.com/file/d/12DgU2jUTjrdMXZXJ1GmgVNfsAghf4ewk/view?usp=drivesdk,,
60,Mecánica,Mec-Pal-18,-12.0721964,-77.0806922,Palmera de Navidad,Adonidia merrillii,Palmera,1,https://drive.google.com/file/d/1-72otia5AAlXLP93-WXKWa0S7AIF94QR/view?usp=drivesdk,,
61,Mecánica,Mec-Pal-19,-12.0721903,-77.0807168,Palmera de abanico mexicana,Washingtonia robusta,Palmera,1,https://drive.google.com/file/d/1cLpq_eEtzE4RlhrOkqOqSK96mZcDvPBr/view?usp=drivesdk,,
62,Mecánica,Mec-Pal-20,-12.0721952,-77.0807069,Palmera Canaria ,Phoenix canariensis,Palmera,1,https://drive.google.com/file/d/1zctS_Z3JLuCDvnI61PsTTr117PcQEAL6/view?usp=drivesdk,,
63,Mecánica,Mec-Pal-21,-12.0722508,-77.0807127,Palmera Canaria ,Phoenix canariensis,Palmera,1,https://drive.google.com/file/d/10NYgsK3pF2S2H9fEKvJbmPlrN9IOK-hq/view?usp=drivesdk,,
64,Mecánica,Mec-Pal-22,-12.0721991984934,-77.0807768369148,Palmera de abanico mexicana,Washingtonia robusta,Palmera,1,https://drive.google.com/file/d/1cibm5jty_qxYzH4RD67szf6sZ98F_126/view?usp=drivesdk,,
65,Mecánica,Mec-Pal-23,-12.0722490417463,-77.0807708002759,Palmera de abanico costera,Thrinax radiata,Palmera,1,https://drive.google.com/file/d/1V1PWST7iYGmjLic2UFQqPYelZnUI1QKe/view?usp=drivesdk,,
66,Mecánica,Mec-Pal-24,-12.0722644,-77.0807141,Palmera de abanico china,Livistona chinensis,Palmera,1,https://drive.google.com/file/d/1qx-Z0eHY2ZWzXuFWgg-k2sDq6lZdwx95/view?usp=drivesdk,,
67,Mecánica,Mec-Pal-25,-12.0723295,-77.0807407,Palmera de abanico china,Livistona chinensis,Palmera,1,https://drive.google.com/file/d/1cvhAC3EtoCHS6QIMUtH5CHXJ5h6uw0yB/view?usp=drivesdk,,
68,Mecánica,Mec-Pal-26,-12.0723306,-77.0807356,Palmera de abanico china,Livistona chinensis,Palmera,1,https://drive.google.com/file/d/13csBvT805p1gyKzfhn2_jdv26mgt0VLG/view?usp=drivesdk,,
69,Mecánica,Mec-Pal-27,-12.0723608,-77.0807385,Palmera de abanico china,Livistona chinensis,Palmera,1,https://drive.google.com/file/d/1iTdfFW-LhNUs6wY1n295PQppFHlG7NG3/view?usp=drivesdk,,
70,Mecánica,Mec-Pal-28,-12.0723215,-77.0806692,Palmera de abanico china,Livistona chinensis,Palmera,1,https://drive.google.com/file/d/1Hf7UsrrfYoC2t5MPIUaCkS4AOoyI9R9O/view?usp=drivesdk,,
71,Mecánica,Mec-Pal-29,-12.0723981,-77.0807176,Palmera de Bismarck,Bismarckia nobilis,Palmera,1,https://drive.google.com/file/d/195D34tL1HXm20YJacNEvrkW-NWuZmCOb/view?usp=drivesdk,,
72,Mecánica,Mec-Pal-30,-12.0723803,-77.0806982,Palmera Canaria ,Phoenix canariensis,Palmera,1,https://drive.google.com/file/d/1Q-esyju_3WQ6tNmKbyl8pLtD79FADtVZ/view?usp=drivesdk,,
73,Mecánica,Mec-Pal-31,-12.0724033,-77.080691,Palmera de Bismarck,Bismarckia nobilis,Palmera,1,https://drive.google.com/file/d/1YfHsLTmTb0WVkZ0o0OH2hfGg-r1t-_fn/view?usp=drivesdk,,
74,Mecánica,Mec-Pal-32,-12.0724271,-77.0806975,Palmera de abanico mexicana,Washingtonia robusta,Palmera,1,https://drive.google.com/file/d/1ehdYBS4pQ5oF1WlCqN0Ch_4E8n9W2gRo/view?usp=drivesdk,,
75,Mecánica,Mec-Pal-33,-12.0724493,-77.0806731,Palmera de abanico mexicana,Washingtonia robusta,Palmera,1,https://drive.google.com/file/d/1swGf5b8u5CFW4jMpeOncXM_vCaqAgRax/view?usp=drivesdk,,
76,Mecánica,Mec-Pal-34,-12.0723031,-77.0807324,Palmera Canaria ,Phoenix canariensis,Palmera,1,https://drive.google.com/file/d/1yC-9d6RcTCY9NzSxmJTheTkyB1Udtslx/view?usp=drivesdk,,
77,Mecánica,Mec-Pal-35,-12.0720838171425,-77.0807835459709,Palmera de abanico mexicana,Washingtonia robusta,Palmera,1,https://drive.google.com/file/d/1dkFdoWRPBYZ3_S-f9webOu9uLdbvVgBV/view?usp=drivesdk,,
78,Mecánica,Mec-Pal-36,-12.0720772505843,-77.0807366073199,Palmera de abanico mexicana,Washingtonia robusta,Palmera,1,https://drive.google.com/file/d/18CeXuC7vJffOIL7HZFklB29a-oTFyz-A/view?usp=drivesdk,,
79,Mecánica,Mec-Pal-37,-12.0721061031175,-77.0807459950447,Palmera de abanico mexicana,Washingtonia robusta,Palmera,1,https://drive.google.com/file/d/1txd7jYgisJuVq5zRzv3yzwHII330vq99/view?usp=drivesdk,,
80,Biblioteca Central,c1,-12.069346138867,-77.0802947133823,Cafeto,Coffea arabica,Arbusto,1,https://drive.google.com/file/d/1R4WiEJowUUA6FgvHsriKIv7o6g7yynnx/view?usp=drivesdk,,
81,Biblioteca Central,c2,-12.0693418750077,-77.0802836492699,Cafeto,Coffea arabica,Arbusto,1,https://drive.google.com/file/d/1LDwuZmmWnrCDsr9vobWuYT496xzFQoL5/view?usp=drivesdk,,
82,Biblioteca Central,c3,-12.0693369564056,-77.0802762731946,Cafeto,Coffea arabica,Arbusto,1,https://drive.google.com/file/d/1gB77qRRWxQXW_5iHy05b7xJaoKHFvhU6/view?usp=drivesdk,,
83,Biblioteca Central,c4,-12.0693323660271,-77.0802685618432,Cafeto,Coffea arabica,Arbusto,1,https://drive.google.com/file/d/1Y1xR-62_5bTk1ICkcgcm8EO2BZgnn3rz/view?usp=drivesdk,,
84,Biblioteca Central,c5,-12.0693156537976,-77.0803007483438,Cafeto,Coffea arabica,Arbusto,1,https://drive.google.com/file/d/1I7qCjxd9U6mt0qMH2DDTBflVrnoWsA4B/view?usp=drivesdk,,
85,Biblioteca Central,c6,-12.0693192553771,-77.0802615210434,Cafeto,Coffea arabica,Arbusto,1,https://drive.google.com/file/d/1MdcoRNuu_-ngppVnitWCx5z1dagvZqR_/view?usp=drivesdk,,
86,Biblioteca Central,c7,-12.0693104055354,-77.080256156625,Cafeto,Coffea arabica,Arbusto,1,https://drive.google.com/file/d/1bg7flpkJqJjmFHsJneGJeYxCOX8fX4_d/view?usp=drivesdk,,
87,Biblioteca Central,c8,-12.0693002445924,-77.0802517980349,Cafeto,Coffea arabica,Arbusto,1,https://drive.google.com/file/d/1AES69D5XaeCVNK7ompMea3XKbFbGLxat/view?usp=drivesdk,,
88,Biblioteca Central,c9,-12.0693008998737,-77.0802393928182,Cafeto,Coffea arabica,Arbusto,1,https://drive.google.com/file/d/1fUTS0n0FcUTevKOGjCYNHoHyD8J7igxd/view?usp=drivesdk,,
89,Biblioteca Central,c10,-12.0693005698552,-77.0802266523255,Cafeto,Coffea arabica,Arbusto,1,https://drive.google.com/file/d/1POOKTqNZy6tq4TJ5TNVrDDp3zxW7tjqD/view?usp=drivesdk,,
90,Biblioteca Central,c11,-12.0693005681503,-77.0802159234894,Cafeto,Coffea arabica,Arbusto,1,https://drive.google.com/file/d/1mF6qBPk7cjDFqW4Ebo0Vhuky-b2ac9ZZ/view?usp=drivesdk,,
91,Biblioteca Central,c12,-12.0693005735341,-77.0802058652004,Cafeto,Coffea arabica,Arbusto,1,https://drive.google.com/file/d/1XhFqtGnoOSLPB2tuYv-mFxef0bGNt5fq/view?usp=drivesdk,,
92,Biblioteca Central,c13,-12.0693005732649,-77.0801941305334,Cafeto,Coffea arabica,Arbusto,1,https://drive.google.com/file/d/1Ayt1xHEHaOeXw1lUc3ubbtzsdia-_rqq/view?usp=drivesdk,,
93,Biblioteca Central,c14,-12.0693008992456,-77.0801830664244,Cafeto,Coffea arabica,Arbusto,1,https://drive.google.com/file/d/1Blp9tPlYYRoyA1goGgii-fpaLuxi54SQ/view?usp=drivesdk,,
94,Biblioteca Central,c15,-12.0693008963742,-77.0801713317599,Cafeto,Coffea arabica,Arbusto,1,https://drive.google.com/file/d/18DVwpNOMNf6aK5ZfdGtq6wzE0iW3LXSz/view?usp=drivesdk,,
95,Biblioteca Central,c16,-12.0693100640351,-77.0801424980163,Cafeto,Coffea arabica,Arbusto,1,https://drive.google.com/file/d/1Qw-7y-YTf6R6DLmh6YNM5yzOF0qvIRnF/view?usp=drivesdk,,
96,Biblioteca Central,c17,-12.0693012291744,-77.0801445096716,Cafeto,Coffea arabica,Arbusto,1,https://drive.google.com/file/d/1kKQta1lvtvMoXCrCk3gmSzfDeDJRXzml/view?usp=drivesdk,,
97,Biblioteca Central,c18,-12.0693025326483,-77.0801284164177,Cafeto,Coffea arabica,Arbusto,1,https://drive.google.com/file/d/1HiCzwqM42oBb6b4wPKu434_z28v9Ic7y/view?usp=drivesdk,,
98,Biblioteca Central,c19,-12.0693066,-77.0800919,Cafeto,Coffea arabica,Arbusto,1,https://drive.google.com/file/d/1O-4NhDivtgUAwgnsNc9tRK4HrkZ2cNsy/view?usp=drivesdk,,
99,Biblioteca Central,c20,-12.0693008991558,-77.0800948888056,Cafeto,Coffea arabica,Arbusto,1,https://drive.google.com/file/d/1lWCcskv4jclfYqVtYIhC0mDd-u_yK9Nb/view?usp=drivesdk,,
100,Biblioteca Central,c21,-12.0693015537193,-77.0800808072081,Cafeto,Coffea arabica,Arbusto,1,https://drive.google.com/file/d/163eVjmVrRtgNG5lzasgbhHK66ItPxHuy/view?usp=drivesdk,,
101,Biblioteca Central,c22,-12.0693025362375,-77.0800694078204,Cafeto,Coffea arabica,Arbusto,1,https://drive.google.com/file/d/1DE0qvwdHZfmajhPuZiGok7yCOJq6CVDo/view?usp=drivesdk,,
102,Biblioteca Central,c23,-12.0693031892756,-77.0800593495365,Cafeto,Coffea arabica,Arbusto,1,https://drive.google.com/file/d/1rSr-TNRoFHSB1fs7hkg1trUmvdgf4CTf/view?usp=drivesdk,,
103,Biblioteca Central,c24,-12.0693044984922,-77.0800459384916,Cafeto,Coffea arabica,Arbusto,1,https://drive.google.com/file/d/1dMGZ1T8ERoW_aimvqO58DXtA23MPL2kh/view?usp=drivesdk,,
104,Biblioteca Central,c25,-12.0693031918777,-77.0800298452376,Cafeto,Coffea arabica,Arbusto,1,https://drive.google.com/file/d/10zny4zwlBPx5NgDzfu0wsuGkjSdHWzIK/view?usp=drivesdk,,
105,Arqueología,c26,-12.0673441787967,-77.0807982981205,Cafeto,Coffea arabica,Arbusto,1,https://drive.google.com/file/d/1AfPlFrPFjWtM2VlRPm9PtFUd7eskkfdL/view?usp=drivesdk,,
106,Arqueología,c27,-12.0673383,-77.0808307,Cafeto,Coffea arabica,Arbusto,1,https://drive.google.com/file/d/10LJwtmEvo-bNsrG1MgeRvHHo7n_omM6u/view?usp=drivesdk,,
107,Arqueología,c28,-12.067344,-77.0808372,Cafeto,Coffea arabica,Arbusto,1,https://drive.google.com/file/d/1ytaikJLA24nmqnQOqZa8YqgKyJgBp6YK/view?usp=drivesdk,,
108,Arqueología,c29,-12.0673459,-77.0808394,Cafeto,Coffea arabica,Arbusto,1,https://drive.google.com/file/d/1nnP1vUA6hyBybaSCXok-4VhC2YGQZ6Ed/view?usp=drivesdk,,
109,Arqueología,c30,-12.0673513,-77.080855,Cafeto,Coffea arabica,Arbusto,1,https://drive.google.com/file/d/1X5xRLqc6VZDTjlUiiejGNY6fbAgS55GL/view?usp=drivesdk,,
110,Arqueología,c31,-12.0673445,-77.0808684,Cafeto,Coffea arabica,Arbusto,1,https://drive.google.com/file/d/1unSkj3PJRPLvZdUct3wgv4Ie-cRM2Jhp/view?usp=drivesdk,,
111,Arqueología,c32,-12.0673447,-77.080871,Cafeto,Coffea arabica,Arbusto,1,https://drive.google.com/file/d/1uT0I7EVSQVUFCHM5sAXjRBeaIjvtpt4B/view?usp=drivesdk,,
112,Arqueología,c33,-12.0673436,-77.0808909,Cafeto,Coffea arabica,Arbusto,1,https://drive.google.com/file/d/1FkzjCJYCkYMV1LNwptHaJthWQXg_3hxk/view?usp=drivesdk,,
113,Arqueología,c34,-12.0673434,-77.0808979,Cafeto,Coffea arabica,Arbusto,1,https://drive.google.com/file/d/1nHhSZHi4cxHHFUqQrsx9uCnT_K-MvyEE/view?usp=drivesdk,,
114,Arqueología,c35,-12.0673423,-77.0809074,Cafeto,Coffea arabica,Arbusto,1,https://drive.google.com/file/d/1NVOwhjFA9pNeYM0WO5fXC6fuy9ILoAzy/view?usp=drivesdk,,
115,Arqueología,c36,-12.0673429,-77.0809132,Cafeto,Coffea arabica,Arbusto,1,https://drive.google.com/file/d/115BWCrpAptA7Brdq-u66wtcfw9bBlgLt/view?usp=drivesdk,,
116,Arqueología,c37,-12.0673373,-77.0809507,Cafeto,Coffea arabica,Arbusto,1,https://drive.google.com/file/d/1g1tbtf0ThHX0aav_szcyo1cSg8-D15GM/view?usp=drivesdk,,
117,Arqueología,c38,-12.0673389,-77.0810163,Cafeto,Coffea arabica,Arbusto,1,https://drive.google.com/file/d/1FJDJ1s6AMvRDF_FF8oi82dReTSDjVJ_M/view?usp=drivesdk,,
118,Arqueología,c39,-12.0673376,-77.0810916,Cafeto,Coffea arabica,Arbusto,1,https://drive.google.com/file/d/1cCCmEob-3S7k98wZFxRRd9_nHPw3sVuT/view?usp=drivesdk,,
119,Arqueología,c40,-12.0673409,-77.0811052,Cafeto,Coffea arabica,Arbusto,1,https://drive.google.com/file/d/1n1Xf_N_a2hGrwqKiru8ZpLbj_63d5zVn/view?usp=drivesdk,,
120,Arqueología,c41,-12.0673411,-77.0811167,Cafeto,Coffea arabica,Arbusto,1,https://drive.google.com/file/d/1OGxwy4dN7XYpjgHIw_Kuaj5YnWBbvwoY/view?usp=drivesdk,,
121,Arqueología,c42,-12.067344,-77.0811326,Cafeto,Coffea arabica,Arbusto,1,https://drive.google.com/file/d/1GOjp2XLnW615trxFAvNnrVtQeeY76g8k/view?usp=drivesdk,,
122,Arqueología,c43,-12.06735,-77.0811406,Cafeto,Coffea arabica,Arbusto,1,https://drive.google.com/file/d/1BOyrJowxeVWwhuhjBwAkjK5uXXzzS5G2/view?usp=drivesdk,,
123,área Deportes,c44,-12.0658727246186,-77.0793418586236,Cafeto,Coffea arabica,Arbusto,1,https://drive.google.com/file/d/1v7n7ovWbKYBCDCgvHYnBVEzIPAovHHSX/view?usp=drivesdk,,
124,área Deportes,c45,-12.0658858329248,-77.0793297886827,Cafeto,Coffea arabica,Arbusto,1,https://drive.google.com/file/d/1dLRAf589EvT6D1ptJYcsGDoQBLFnjPnI/view?usp=drivesdk,,
125,área Deportes,c46,-12.0659009104193,-77.0793244242686,Cafeto,Coffea arabica,Arbusto,1,https://drive.google.com/file/d/1FsqF5BjQyr_FWWUe_urn6Rlx_WId0fcB/view?usp=drivesdk,,
126,área Deportes,c47,-12.0659186191213,-77.0793190598504,Cafeto,Coffea arabica,Arbusto,1,https://drive.google.com/file/d/1vVoQqqfnrFSZAgMtpz0vkmK3SZMrTMUP/view?usp=drivesdk,,
127,área Deportes,c48,-12.065936975305,-77.0793163776401,Cafeto,Coffea arabica,Arbusto,1,https://drive.google.com/file/d/18ZRSDy3tPK4byfXxyPM5PBjXoWDzThLt/view?usp=drivesdk,,
128,área Deportes,c49,-12.0659723989815,-77.0793096721172,Cafeto,Coffea arabica,Arbusto,1,https://drive.google.com/file/d/1ogJiwv_PMb1MCmtbHAf5mK3At9hMAm43/view?usp=drivesdk,,
129,área Deportes,c50,-12.065955338666,-77.0793941617016,Cafeto,Coffea arabica,Arbusto,1,https://drive.google.com/file/d/13JtCYzdZBnardSRC3uH5TC6rXSHZEgeb/view?usp=drivesdk,,
130,Apoyo Rural,c51,-12.0732437726336,-77.0808147273868,Cafeto,Coffea arabica,Arbusto,1,https://drive.google.com/file/d/1WCEtSkO0xZwD46PDuCwamrzhlPqAvGfy/view?usp=drivesdk,,
131,Apoyo Rural,c52,-12.0732604996308,-77.08081372254,Cafeto,Coffea arabica,Arbusto,1,https://drive.google.com/file/d/1PqXG6ryk87X0sIZXbVMSVsaHZYADtfd6/view?usp=drivesdk,,
132,Apoyo Rural,c53,-12.073270342878,-77.0808157345894,Cafeto,Coffea arabica,Arbusto,1,https://drive.google.com/file/d/1lqoCsTbcJvMvmXCv8ErBVK5XJQBkQ-ku/view?usp=drivesdk,,
133,Apoyo Rural,c54,-12.0731017995142,-77.081278751853,Cafeto,Coffea arabica,Arbusto,1,https://drive.google.com/file/d/1Qv4dZaDsO4svEsGyVwwr8C5z6CC0WN90/view?usp=drivesdk,,
134,Apoyo Rural,c55,-12.0730972096884,-77.0812660098388,Cafeto,Coffea arabica,Arbusto,1,https://drive.google.com/file/d/1kxOvlOc0HObZiTVlLwpbvCSJVIgBlREj/view?usp=drivesdk,,
135,Mac Gregor,pd1,-12.0682085327214,-77.0782032609666,Laurel,Laurus nobilis.,Árbol,1,https://drive.google.com/file/d/1AdXvy9_CDwuE0QhsIgMMpRPvucAARtN5/view?usp=sharing,,
136,Educación,pd2,-12.0674784,-77.0795069,Escobillon Rojo,Callistemon viminalis,Árbol,1,https://drive.google.com/file/d/1-QEt0nDtMNwWtyu8f7_NfRrDZGLOXXEh/view?usp=drive_link,,
137,Sala cuna,pd3,-12.0678723,-77.0787791,Eucalipto plateado ,Eucalyptus cinerea,Árbol,1,https://drive.google.com/file/d/1KKkfnzV17QAWNaosdRQMvxwFxk4DRFgY/view?usp=drive_link,,
138,Gelarti,pd4,-12.0714834,-77.0797846,Palmera Canaria ,Phoenix canariensis,Palmera,1,https://drive.google.com/file/d/1Dii3EY-R-HzPLJ6AxBtm6Fy2_Y8gq7fk/view?usp=drive_link,,
139,Química,pd5,-12.0720129559669,-77.0793136954552,Ponciana,Delonix regia,Árbol,1,https://drive.google.com/file/d/1VhxUNU-gJFDMW-2vjLUwbPmClj8OBsS7/view?usp=drive_link,,
140,Química,pd6,-12.0717402452693,-77.0792090893116,Molle Serrano,Schinus molle,Árbol,1,https://drive.google.com/file/d/1V8shW4x-uySXdQNvU3JHTacN6nBC2NHm/view?usp=drive_link,,
141,Apoyo Rural,pd7,-12.073013,-77.081312,Buganvilla,Bougainvillea glabra,Trepadora,1,https://drive.google.com/file/d/1KMYzAgbTE3ezzwWKSBQPWg7jxV7JM6em/view?usp=drive_link,,
142,OCAI,pd8,-12.068289,-77.078028,Ficus benjamina,Ficus benjamina L.,Árbol,1,https://drive.google.com/file/d/1FQyNtQ78IdwBDi97YSF367pxPNMGmmaJ/view?usp=drive_link,,
143,Psicología,pd9,-12.0681587,-77.080774,Palmera de abanico mexicana,Washingtonia robusta,Palmera,1,https://drive.google.com/file/d/1FJIT8NervqnDJ3ZTytEhndYplXTFZ9Wf/view?usp=drive_link,,
144,Cedares,pd10,-12.068909,-77.081094,Jacarandá,Jacaranda mimosifolia.,Árbol,1,https://drive.google.com/file/d/1enNKjWmPKqhQjt1Pe0RwjBbHOXce6IUz/view?usp=drive_link,,
145,Cedares,pd11,-12.068891,-77.08112,Jacarandá,Jacaranda mimosifolia.,Árbol,1,https://drive.google.com/file/d/1_N7bKJuJe87sfSZlXwYEzx9XfSEDhvVM/view?usp=sharing,,
146,Cedares,pd12,-12.0689035237169,-77.0810303092003,Palmera de abanico mexicana,Washingtonia robusta,Palmera,1,https://drive.google.com/file/d/1_N7bKJuJe87sfSZlXwYEzx9XfSEDhvVM/view?usp=sharing,,
147,Biblioteca de Teología,pd13,-12.0696405639251,-77.0806574821472,Molle Serrano,Schinus molle,Árbol,1,https://drive.google.com/file/d/11c-PO1Sl7BREeLn1GjZS6TR_f9KjaZS2/view?usp=drive_link,,
148,CIA,pd14,-12.0718674826142,-77.0801934599874,Molle Serrano,Schinus molle,Árbol,1,https://drive.google.com/file/d/1TzjkZfjvHQY6T1kIWO4gX_bMUUXKVq_P/view?usp=drive_link,,
149,Minas,pd15,-12.0724784150432,-77.0816686749487,Pacae,Inga feuilleei,Árbol,1,https://drive.google.com/file/d/1pxtlTtAgYnzl1c4RYX_vIrnrQHANyGLs/view?usp=drive_link,,
150,Ciencias contables,pd16,-12.0712429601555,-77.0789730548609,Palma de coco,Cocos nucifera,Palmera,1,https://drive.google.com/file/d/1ZlAW0twCavnaggUuLwbr6syxKLMqKEqB/view?usp=drive_link,,
151,Arte Nuevo,eu1,-12.0671112,-77.078875,Eucalipto común,Eucalyptus globulus,Árbol,1,https://drive.google.com/file/d/14vPP5tgVtfUI0BAqfyhDstrdX-ZQ7uI6/view?usp=drivesdk,null,
152,Arte Nuevo,eu2,-12.067109,-77.0789302,Eucalipto común,Eucalyptus globulus,Árbol,1,https://drive.google.com/file/d/1-bwnX5LT4FwaVspEzfQGoz13nldlWHZ-/view?usp=drivesdk,null,
153,Arte Nuevo,eu3,-12.0671213,-77.0789834,Eucalipto común,Eucalyptus globulus,Árbol,1,https://drive.google.com/file/d/1zdxIt1V8L60Bl_CzJMIe4-L3WAxxRMjq/view?usp=drivesdk,null,
154,Arte Nuevo,eu4,-12.0671195,-77.0790105,Eucalipto común,Eucalyptus globulus,Árbol,1,https://drive.google.com/file/d/12Z-ARxLpdFcAS9CVwkhhZkGl1crXUIFH/view?usp=drivesdk,6231,
155,Arte Nuevo,eu5,-12.0671103,-77.0790391,Eucalipto común,Eucalyptus globulus,Árbol,1,https://drive.google.com/file/d/1wK2qlrJeXw5zhY2488YpklUXU273o2eK/view?usp=drivesdk,null,
156,Arte Nuevo,eu6,-12.067111,-77.0790549,Eucalipto común,Eucalyptus globulus,Árbol,1,https://drive.google.com/file/d/1ke3QJ9OiveyTptPq99PfQ-aP8tEOG7Ve/view?usp=drivesdk,null,
157,Arte Nuevo,eu7,-12.0671155,-77.0791463,Eucalipto común,Eucalyptus globulus,Árbol,1,https://drive.google.com/file/d/1bMHHAz08R8QIzE2Riw1tS_jM2mZZokrv/view?usp=drivesdk,null,
158,Arte Nuevo,eu8,-12.0671101,-77.0792205,Eucalipto común,Eucalyptus globulus,Árbol,1,https://drive.google.com/file/d/1jf_GHY5MHYIclEudkEIz20iSIdWiKDPO/view?usp=drivesdk,null,
159,Arte Nuevo,eu9,-12.0671264823021,-77.0792479813112,Eucalipto común,Eucalyptus globulus,Árbol,1,https://drive.google.com/file/d/1_s-Y2Ch-37_MCpj-YVXQT3aTQ8CihzOx/view?usp=drivesdk,null,
160,Arte Nuevo,eu10,-12.0671146779898,-77.0793297886874,Eucalipto común,Eucalyptus globulus,Árbol,1,https://drive.google.com/file/d/1JRXJ31maGflRbpK4h7Quf7pXvJtQaeZV/view?usp=drivesdk,null,
161,Arte Nuevo,eu11,-12.0671317242362,-77.0794384181532,Eucalipto común,Eucalyptus globulus,Árbol,1,https://drive.google.com/file/d/1ZEXFxdG6uiSIzUa1dm21LlsXDbTN4hAr/view?usp=drivesdk,null,
162,Arte Nuevo,eu12,-12.0671251747797,-77.0795309543619,Eucalipto común,Eucalyptus globulus,Árbol,1,https://drive.google.com/file/d/1GBO_8Q2tPPIVZUR3RbbGHLEaSwZ-_-83/view?usp=drivesdk,null,
163,Arte Nuevo,eu13,-12.0671199367937,-77.0795805752261,Eucalipto común,Eucalyptus globulus,Árbol,1,https://drive.google.com/file/d/1O1mzoYqUZXM_i-QmBvFMiiIb9-oBdy4T/view?usp=drivesdk,null,
164,Arte Nuevo,eu14,-12.0671173210309,-77.0796208083651,Eucalipto común,Eucalyptus globulus,Árbol,1,https://drive.google.com/file/d/1B1F-WcipXyZ4MR4y4MT-8t4fsBT1Q_MG/view?usp=drivesdk,null,
165,Arte Nuevo,eu15,-12.0671120683288,-77.0796529948715,Eucalipto común,Eucalyptus globulus,Árbol,1,https://drive.google.com/file/d/1aOM6oaEbwNo7bal5XJSI_wQPQYVfC4hl/view?usp=drivesdk,null,
166,Arte Nuevo,B-1,-12.0671074690288,-77.0784781873187,Baobab,Adansonia digitata,Árbol,1,https://drive.google.com/file/d/1yhFuiVwYPPbNTkocosD6TK1SgkBm36rj/view?usp=drivesdk,,
167,Arte Nuevo,B-2,-12.0670622297473,-77.0784413069482,Baobab,Adansonia digitata,Árbol,1,https://drive.google.com/file/d/18r4TdHimuWgM_-f-kvZ2m-D60cMfCYCw/view?usp=drivesdk,,
168,Arte Nuevo,B-3,-12.0670812383578,-77.0784017443669,Baobab,Adansonia digitata,Árbol,1,https://drive.google.com/file/d/1KehbC1eBj_RXoZnM2K6Wfem2H1xsHx5_/view?usp=drivesdk,,
169,Arte Nuevo,B-4,-12.067082,-77.078343,Baobab,Adansonia digitata,Árbol,1,https://drive.google.com/file/d/1u8fSRcBPcmZH2J0K1LJGR-fBPN9lmyln/view?usp=drivesdk,,
170,Arte Nuevo,B-5,-12.0670500978336,-77.078304514287,Baobab,Adansonia digitata,Árbol,1,https://drive.google.com/file/d/1kqS47ckIbgQsMigGASOr0Geq9Zkyrv82/view?usp=drivesdk,,
171,Arte Nuevo,B-6,-12.0670966428452,-77.0782696455721,Baobab,Adansonia digitata,Árbol,1,https://drive.google.com/file/d/1jLhfEUFyZnMenK2-ehu0AW8lyhFAFI3l/view?usp=drivesdk,,
172,Arte Nuevo,B-7,-12.0670707578973,-77.0782227069142,Baobab,Adansonia digitata,Árbol,1,https://drive.google.com/file/d/1UGhkeznIhHw6uNxP1e4KiKHTqlxP6PMY/view?usp=drivesdk,,
173,Arte Nuevo,B-8,-12.0670497811823,-77.0781851559868,Baobab,Adansonia digitata,Árbol,1,https://drive.google.com/file/d/1gW1c0fXIhog70HTx6UdljxaVuSi6GyAZ/view?usp=drivesdk,,
174,Arte Nuevo,B-9,-12.06709895093,-77.0781375467753,Baobab,Adansonia digitata,Árbol,1,https://drive.google.com/file/d/1m7t7qP6OrUSklImc8bvrZYN2ItGDph_B/view?usp=drivesdk,,
175,DAF,daf 1,-12.06776,-77.078163,Ponciana,Delonix regia,Árbol,1,https://drive.google.com/file/d/1-PqpHHN6prL-wthsNg_HGIyzYzX0PJVV/view?usp=drive_link,,
176,DAF,daf 2,-12.067571,-77.078162,Ponciana,Delonix regia,Árbol,1,https://drive.google.com/file/d/1rx1Flk1W237o2XdQyU7AzqwOJiYXIFo1/view?usp=drive_link,,
177,Industrial,A168,-12.0729946014227,-77.082288274651,Cheflera,Schefflera arboricola,Árbol,1,https://drive.google.com/file/d/1_9r3QDXBz50R3xA0O6fvqDLqWSZqWa79/view?usp=drivesdk,null,
178,Industrial,A169,-12.0730195302005,-77.0822849163931,Cheflera,Schefflera arboricola,Árbol,1,https://drive.google.com/file/d/173lW4aChSY0Grr58d0lLJ7Tu7Sh_amzR/view?usp=drivesdk,null,
179,Industrial,A170,-12.0731519542597,-77.0823539905386,Ponciana,Delonix regia,Árbol,1,https://drive.google.com/file/d/1YWDm7JZ3PvkaILEOZompCr1IdY1vR-cr/view?usp=drivesdk,null,
180,Industrial,A171,-12.0731427947499,-77.0823922103485,Ponciana,Delonix regia,Árbol,1,https://drive.google.com/file/d/1mRKEddfvcPluM8C51_I_BOBnzezl5rgT/view?usp=drivesdk,null,
181,Industrial,A172,-12.0731368,-77.0824474,Ponciana,Delonix regia,Árbol,1,https://drive.google.com/file/d/1HIyqnwefQmV9ZkkcR13loJZVbIVw1__4/view?usp=drivesdk,null,
182,Industrial,A173,-12.0731133438028,-77.082495453998,Ponciana,Delonix regia,Árbol,1,https://drive.google.com/file/d/1yHvjGXRWw2fvicbvTZVR7Q6Z_HHEWy3C/view?usp=drivesdk,null,
183,Industrial,A174,-12.0731001838553,-77.0825645370755,Ponciana,Delonix regia,Árbol,1,https://drive.google.com/file/d/1dckWIFI2LIRymZUcKy_s2f8aBbBLlFfc/view?usp=drivesdk,null,
184,Industrial,A175,-12.0730981838561,-77.08261013031,Ponciana,Delonix regia,Árbol,1,https://drive.google.com/file/d/1lMq3A1fdwAZOe73gg2GniyMgfIYgm4We/view?usp=drivesdk,null,
185,Industrial,A176,-12.0730937,-77.0826117,Naranjo,Citrus x sinensis,Árbol,1,https://drive.google.com/file/d/1foCeX_7IL9q1kRhUy3zF0LKgFLhoq16t/view?usp=drivesdk,null,
186,Industrial,A177,-12.0730241022955,-77.0828414759415,Huarango,Prosopis pallida,Árbol,1,https://drive.google.com/file/d/1Wcz_I0WSLGFAJN0mdbVuUEe6BudJYE_x/view?usp=drivesdk,null,
187,Industrial,A178,-12.0729871,-77.0828706,Ficus benjamina,Ficus benjamina L.,Árbol,1,https://drive.google.com/file/d/1z26qmcGLT4U9UJpLbTWvPCqCAnbdhHMq/view?usp=drivesdk,null,
188,Industrial,A179,-12.0729992,-77.0829335,Huarango,Prosopis pallida,Árbol,1,https://drive.google.com/file/d/1PGV5eHlsI_i8MqO1YOOFt7jLbO2kwbsN/view?usp=drivesdk,null,
189,Industrial,A180,-12.0729712,-77.082995,Cheflera,Schefflera arboricola,Árbol,1,https://drive.google.com/file/d/1eLPCKNZYDPC9eYx8HADOu7ITUT8Rtnfo/view?usp=drivesdk,null,
190,Industrial,A181,-12.0729202,-77.0829737, Ficus blanco,Ficus benjamina Variegata,Árbol,1,https://drive.google.com/file/d/17_0I4SINHAQGz5f3uvTN_0RzE5ExxzuU/view?usp=drivesdk,null,
191,Industrial,A182,-12.0727526674354,-77.082765027488,Palo borracho (Ceiba),Ceiba speciosa,Árbol,1,https://drive.google.com/file/d/1YZJRWqgQJileGMP0SyIumHfx3EYOPfp8/view?usp=drivesdk,null,
192,Industrial,A183,-12.0727009,-77.0827157,Palo borracho (Ceiba),Ceiba speciosa,Árbol,1,https://drive.google.com/file/d/1rqDHz6o7HVzq-VkeaMF5z5JeYZf7Utl6/view?usp=drivesdk,null,
193,Industrial,A184,-12.0727631554769,-77.0827187627197,Palo borracho (Ceiba),Ceiba speciosa,Árbol,1,https://drive.google.com/file/d/1trJkLq-p65c-7VXVHvGgiJTwr13AZsbD/view?usp=drivesdk,null,
194,Industrial,A185,-12.0727657700441,-77.0826939505196,Palo borracho (Ceiba),Ceiba speciosa,Árbol,1,https://drive.google.com/file/d/1ER4P43RH9j3ew9J7VFk0WIFM1RkSWzdw/view?usp=drivesdk,null,
195,Industrial,A186,-12.0727756084933,-77.0826745046024,Palo borracho (Ceiba),Ceiba speciosa,Árbol,1,https://drive.google.com/file/d/1Ae2I9cxFxIkM8ICg56Bl-aWd4vaKAWl1/view?usp=drivesdk,null,
196,Industrial,A187,-12.0727847491889,-77.0826496987822,Palo borracho (Ceiba),Ceiba speciosa,Árbol,1,https://drive.google.com/file/d/1LY44ngihP-8VALFoOayl8XvUN14DC1J5/view?usp=drivesdk,null,
197,Industrial,A188,-12.0728851139559,-77.0824163446348,Palo borracho (Ceiba),Ceiba speciosa,Árbol,1,https://drive.google.com/file/d/16ow4mnqojFYRUCjUfzYXqtXMY9MlmYEb/view?usp=drivesdk,null,
198,Industrial,A189,-12.0728877342137,-77.082400921933,Palo borracho (Ceiba),Ceiba speciosa,Árbol,1,https://drive.google.com/file/d/1GYRPHP3Eq7nXRSU3w327tt0KFkfzJ4aP/view?usp=drivesdk,null,
199,Industrial,A190,-12.0728982213743,-77.0823834865929,Palo borracho (Ceiba),Ceiba speciosa,Árbol,1,https://drive.google.com/file/d/1TzIoKtM_UXXB_-ltH5b0P5njXqhQo8gg/view?usp=drivesdk,null,
200,Industrial,A191,-12.0729021552634,-77.0823553222204,Palo borracho (Ceiba),Ceiba speciosa,Árbol,1,https://drive.google.com/file/d/105RnDotqqQPKHbm6r9vJlUvVvEiiNyN7/view?usp=drivesdk,null,
201,Industrial,A192,-12.0729087391825,-77.0823305131611,Palo borracho (Ceiba),Ceiba speciosa,Árbol,1,https://drive.google.com/file/d/1R9km7lj3Wpb8nWfR4t63Wm9N1CIJJWId/view?usp=drivesdk,null,
202,Industrial,A193,-12.0729211882517,-77.0823036898932,Palo borracho (Ceiba),Ceiba speciosa,Árbol,1,https://drive.google.com/file/d/1tvO6fAEYxEol40wr_v-Dv3SEFn3-llbI/view?usp=drivesdk,null,
203,Industrial,A194,-12.0729309916687,-77.0822782090057,Palo borracho (Ceiba),Ceiba speciosa,Árbol,1,https://drive.google.com/file/d/13o8ar5IdlR_ZDDVxYefYyYA0CIbti_dS/view?usp=drivesdk,null,
204,Industrial,A195,-12.0729739,-77.0823296,Ponciana,Delonix regia,Árbol,1,https://drive.google.com/file/d/1SkgaoUxPzqrIZhBvGSDMsRq0t8LBBw-U/view?usp=drivesdk,null,
205,Industrial,A196,-12.0729139937082,-77.0824391359518,Ponciana,Delonix regia,Árbol,1,https://drive.google.com/file/d/1zRGgdBEjYRQJi5B0WbaBuyIDm18EQ9D6/view?usp=drivesdk,null,
206,Industrial,A197,-12.0728927,-77.0824999,Guayaba,Psidium guajava,Árbol,1,https://drive.google.com/file/d/11WGpuBPg_mzbBDFFtDvViI4belGzAuuk/view?usp=drivesdk,null,
207,Industrial,A198,-12.0728852,-77.0825363,Palto,Persea americana,Árbol,1,https://drive.google.com/file/d/1hNzPWFFKCb75cpXJ9VJBslAl1scNc5ls/view?usp=drivesdk,null,
208,Industrial,A199,-12.0728241108616,-77.0826932862492,Ponciana,Delonix regia,Árbol,1,https://drive.google.com/file/d/1ZtN1uSH4bqqnJv_Zs35SnMrRZpEFaKyj/view?usp=drivesdk,null,
209,Industrial,A200,-12.0728064641782,-77.0827281455436,Ponciana,Delonix regia,Árbol,1,https://drive.google.com/file/d/1Lzja_eAAzPOefIjNTOgCjKi06Sles87J/view?usp=drivesdk,null,
210,CETAM,A201,-12.0725168824666,-77.0828146496799,Álamo,Populus alba,Árbol,1,https://drive.google.com/file/d/1MsI2JJz7P3KoHWUtMHyJn6oevwK8Ud0J/view?usp=drivesdk,null,
211,CETAM,A202,-12.0725722,-77.0828222,Álamo,Populus alba,Árbol,1,https://drive.google.com/file/d/1_H3JAB0bA9zAYbddhu4WVAbxW8wdLdt_/view?usp=drivesdk,null,
212,CETAM,A203,-12.0725303453473,-77.0827663648627,Álamo,Populus alba,Árbol,1,https://drive.google.com/file/d/1P__ADJad0LsZW3398aH-h2nX4XcOJUgU/view?usp=drivesdk,null,
213,CETAM,A204,-12.0725559145663,-77.0827623418436,Álamo,Populus alba,Árbol,1,https://drive.google.com/file/d/1SqjXjKlW0FHdLlY0713kyg6YaIlIgh6t/view?usp=drivesdk,null,
214,CETAM,A205,-12.0725487125699,-77.0827361886371,Álamo,Populus alba,Árbol,1,https://drive.google.com/file/d/1NMYwZyKS8FQRoUEbQz50WzJBna-qwtT9/view?usp=drivesdk,null,
215,CETAM,A206,-12.0725591778522,-77.082722775629,Álamo,Populus alba,Árbol,1,https://drive.google.com/file/d/1l5jO0nnJjOIcswlXN1jjz5e2oq5sp06A/view?usp=drivesdk,null,
216,CETAM,A207,-12.0725709887288,-77.0826694755096,Álamo,Populus alba,Árbol,1,https://drive.google.com/file/d/1GE0lkjaeXsjcbMicUu8s9N5fxubizHKU/view?usp=drivesdk,null,
217,CETAM,A208,-12.0725611581531,-77.0826952818087,Álamo,Populus alba,Árbol,1,https://drive.google.com/file/d/1gfEPpmM89TG8nzGzXVsSD0XJH9x4K51p/view?usp=drivesdk,null,
218,CETAM,A209,-12.0725605177552,-77.0826530338758,Álamo,Populus alba,Árbol,1,https://drive.google.com/file/d/17PTXAZptHQJYrRtWaagr5xp-oDfPMi9M/view?usp=drivesdk,null,
219,CETAM,A210,-12.0728877534782,-77.0822473570257,Jacarandá,Jacaranda mimosifolia.,Árbol,1,https://drive.google.com/file/d/1S1FxriIeM2Z_U4jKHfXbxWd5dJZD9G87/view?usp=drivesdk,null,
220,CETAM,A211,-12.0726842,-77.0822738,Álamo,Populus alba,Árbol,1,https://drive.google.com/file/d/1Id4YeZpM2TGL95fvRVAtUyiesRp3c8-E/view?usp=drivesdk,null,
221,CETAM,A212,-12.0726601559559,-77.0823056974275,Álamo,Populus alba,Árbol,1,https://drive.google.com/file/d/1Ec5GWRWhcZGQ-4Bk_03qaxGoE4Wbn74Y/view?usp=drivesdk,null,
222,CETAM,A213,-12.0726454155699,-77.0823258167434,Álamo,Populus alba,Árbol,1,https://drive.google.com/file/d/1_4gKjUzB2r1NoZf8YdlKb19i_WeKFwfv/view?usp=drivesdk,null,
223,CETAM,A214,-12.0726411610403,-77.0823409043654,Álamo,Populus alba,Árbol,1,https://drive.google.com/file/d/1Sqeb3kqACdnYfMj2yPiw2ZE96Ah7R2oO/view?usp=drivesdk,null,
224,CETAM,A215,-12.0726334,-77.0823744,Álamo,Populus alba,Árbol,1,https://drive.google.com/file/d/1xN_IqNRqVxg2O-z0XNtz4wz1HxJ0n8kx/view?usp=drivesdk,null,
225,CETAM,A216,-12.07264375919,-77.0823982334912,Álamo,Populus alba,Árbol,1,https://drive.google.com/file/d/1oqSK3QlraRCgVsxwumD9PHgzI95QCPGS/view?usp=drivesdk,null,
226,CETAM,A217,-12.072618518935,-77.0824361235216,Álamo,Populus alba,Árbol,1,https://drive.google.com/file/d/1RGdjp64jjOhctG4BUIn051HqyMBUjLSJ/view?usp=drivesdk,null,
227,CETAM,A218,-12.0726109969603,-77.0824777030616,Álamo,Populus alba,Árbol,1,https://drive.google.com/file/d/1bm1F7n_yjDolgiLsn8N4_2bj8IN3-zXG/view?usp=drivesdk,null,
228,CETAM,A219,-12.072604771543,-77.0825105639009,Álamo,Populus alba,Árbol,1,https://drive.google.com/file/d/1x-sfjjfz8yQpkrJVXxxLjOBS7B7hMNn1/view?usp=drivesdk,null,
229,CETAM,A220,-12.07259132399,-77.0825326942847,Álamo,Populus alba,Árbol,1,https://drive.google.com/file/d/1y_3eYJ5MIOMueWugeHWYp0xpyemiZn9p/view?usp=drivesdk,null,
230,CETAM,A221,-12.0725900031328,-77.0825575062885,Álamo,Populus alba,Árbol,1,https://drive.google.com/file/d/117AymrmvlgndmddMWH7InkWStGGF12MX/view?usp=drivesdk,null,
231,CETAM,A222,-12.0725745840349,-77.0825766176657,Álamo,Populus alba,Árbol,1,https://drive.google.com/file/d/18LyBFpIixa4Oi5qcr9G9-O7EgSZzhK8o/view?usp=drivesdk,null,
232,CETAM,A223,-12.0725752474189,-77.0826057884556,Álamo,Populus alba,Árbol,1,https://drive.google.com/file/d/1SBdraSpVFi-o06avmVwj495pzZfyGpjX/view?usp=drivesdk,null,
233,CETAM,A224,-12.0727911,-77.0820935,Lluvia de oro,Cassia fistula,Árbol,1,https://drive.google.com/file/d/1XLSGZdUW_x4fC-jskRlwlewtdF-8SUj8/view?usp=drivesdk,null,
234,CETAM,A225,-12.0727685,-77.0820607,Huaranguay,Tecoma stans,Árbol,1,https://drive.google.com/file/d/1-lL3kMLebtcpugj_xVX7Z9mop3USG-KE/view?usp=drivesdk,null,
235,CETAM,A226,-12.0727080573523,-77.0821239852264,Podocarpus,Podocarpus macrophyllus,Árbol,1,https://drive.google.com/file/d/1OINYKhw0O91v3MZYSWKQsORRHR3ZfN7l/view?usp=drivesdk,null,
236,Bosque Seco,A227,-12.0680661320995,-77.0787866413584,Porotillo,Erythrina smithiana Krukoff,Árbol,1,https://drive.google.com/file/d/1mnWF-8QHG1IFfNwxJzOxW_48txShv28F/view?usp=drivesdk,null,
237,Bosque Seco,A228,-12.0680922,-77.0787789,Porotillo,Erythrina smithiana Krukoff,Árbol,1,https://drive.google.com/file/d/1LIA4pxu1sGoNR8u7LTajYVylyAUEsj8H/view?usp=drivesdk,null,
238,Bosque Seco,A229,-12.0680954,-77.0787838,Porotillo,Erythrina smithiana Krukoff,Árbol,1,https://drive.google.com/file/d/1JTtYuCIGXRgGqIXWK1L5s9xzw9HH0u4e/view?usp=drivesdk,null,
239,Bosque Seco,A230,-12.0681153,-77.0787784,Adelfa ,Nerium oleander,Arbusto,1,https://drive.google.com/file/d/1L98mQExmGJUdF8dJvNA3YFYBmyp0tKMT/view?usp=drivesdk,null,
240,Bosque Seco,A231,-12.0681352,-77.0787738,Buganvilla,Bougainvillea glabra,Trepadora,1,https://drive.google.com/file/d/1PLS6CMbZAe5bkzh0VTkQV0DEqFzfqyM9/view?usp=drivesdk,null,
241,Bosque Seco,A232,-12.0682445129495,-77.0787752419696,Porotillo,Erythrina smithiana Krukoff,Árbol,1,https://drive.google.com/file/d/1LApPGFYYrH_E-P_u1B1XcjIpCVNZ7pv6/view?usp=drivesdk,null,
242,Bosque Seco,A233,-12.0682034,-77.0787626,Buganvilla,Bougainvillea glabra,Trepadora,1,https://drive.google.com/file/d/1VzfI_QVarVby_yK5Nb3dusckJ5bzLniU/view?usp=drivesdk,null,
243,Bosque Seco,A234,-12.0681928,-77.0787635,Buganvilla,Bougainvillea glabra,Trepadora,1,https://drive.google.com/file/d/1HXWLOdKYtB3rYGplZ-gO-r-lLiJxB8aK/view?usp=drivesdk,959,
244,Bosque Seco,A235,-12.068199,-77.0787684,Buganvilla,Bougainvillea glabra,Trepadora,1,https://drive.google.com/file/d/1jwJME6btKhJrXLa09uKDI10dLDgCGjLP/view?usp=drivesdk,null,
245,Bosque Seco,A236,-12.0682042,-77.0787637,Buganvilla,Bougainvillea glabra,Trepadora,1,https://drive.google.com/file/d/1jU6nl7WODazFFzglr1tgiDLjeXCncOsD/view?usp=drivesdk,null,
246,Bosque Seco,A237,-12.0682327090454,-77.0787658542375,Huarango,Prosopis pallida,Árbol,1,https://drive.google.com/file/d/1L5Un4_ESF-bOoRz9SGCODc598fnzih5y/view?usp=drivesdk,null,
247,Bosque Seco,A238,-12.0681789326869,-77.0787665247909,Porotillo,Erythrina smithiana Krukoff,Árbol,1,https://drive.google.com/file/d/123pJUwue2xPavIOPpyUiUUqohtsVMVZF/view?usp=drivesdk,null,
248,Bosque Seco,A239,-12.0680935,-77.0788105,Níspero Japonés,Eriobotrya japonica,Árbol,1,https://drive.google.com/file/d/1J_qO8YDy8dqbqDmbdYX0jf63pRn_vKFk/view?usp=drivesdk,null,
249,Bosque Seco,A240,-12.0681268,-77.0788259,Palo borracho (Ceiba),Ceiba speciosa,Árbol,1,https://drive.google.com/file/d/1zjUTCiAmvp9YYwEh-B-CnpYpsT7B-OBy/view?usp=drivesdk,7117,
250,Bosque Seco,A241,-12.0681216,-77.0787921,Palo borracho (Ceiba),Ceiba speciosa,Árbol,1,https://drive.google.com/file/d/13JkyiyUSvvY1UoITun4f2xwgB_CvYH1G/view?usp=drivesdk,6675,
251,Bosque Seco,A242,-12.0681509,-77.0787878,Palo borracho (Ceiba),Ceiba speciosa,Árbol,1,https://drive.google.com/file/d/1CD8VV4ZLvChdohg2xQwQgRMytCraPQXT/view?usp=drivesdk,null,
252,Bosque Seco,A243,-12.0682007,-77.0788914,Palo borracho (Ceiba),Ceiba speciosa,Árbol,1,https://drive.google.com/file/d/1Q1VKzc_gBZSIhnF3X90CxDi4PAyfFJSN/view?usp=drivesdk,null,
253,Bosque Seco,A244,-12.0682052,-77.0788624,Porotillo,Erythrina smithiana Krukoff,Árbol,1,https://drive.google.com/file/d/1iP2UJVdaZYqZDwzcs-KPgRbuyNdO7qqC/view?usp=drivesdk,null,
254,Bosque Seco,A245,-12.0682102,-77.0788051,Porotillo,Erythrina smithiana Krukoff,Árbol,1,https://drive.google.com/file/d/1uD2wtiHsdLrb0sqyMFBtrqjm64HAEIxx/view?usp=drivesdk,null,
255,Bosque Seco,A246,-12.0682158,-77.0787886,Porotillo,Erythrina smithiana Krukoff,Árbol,1,https://drive.google.com/file/d/1Lw4lfq-AcokVVZrfu89zwaiSgCZerJgQ/view?usp=drivesdk,null,
256,Bosque Seco,A247,-12.0682635,-77.0787833,Eucalipto plateado ,Eucalyptus cinerea,Árbol,1,https://drive.google.com/file/d/1isoNsEzmFMkha99rZpWgNHj_dUWi14m1/view?usp=drivesdk,null,
257,Bosque Seco,A248,-12.0684206,-77.0788653,Palo borracho (Ceiba),Ceiba speciosa,Árbol,1,https://drive.google.com/file/d/1X8t_zTnLnL9Bip0hBH0qMrZ1icxQFGaJ/view?usp=drivesdk,null,
258,Bosque Seco,A249,-12.0683376,-77.0788833,Huarango,Prosopis pallida,Árbol,1,https://drive.google.com/file/d/1xAHuL3vG6o65I0d8KpMeGGiDo3Rluofa/view?usp=drivesdk,null,
259,Bosque Seco,A250,-12.0683259,-77.0788518,Huarango,Prosopis pallida,Árbol,1,https://drive.google.com/file/d/1UvHll5LTMAGXr9FPcmdAFc6NXvhXZTmQ/view?usp=drivesdk,6912,
260,Bosque Seco,A251,-12.0683233,-77.0788456,Guayacán amarillo,Handroanthus chrysanthus,Árbol,1,https://drive.google.com/file/d/1YjQMbCf_kGC2w1bgGz3-NEoJFCQGKIw3/view?usp=drivesdk,6882,
261,Bosque Seco,A252,-12.0683972,-77.078967,Guayacán amarillo,Handroanthus chrysanthus,Árbol,1,https://drive.google.com/file/d/1FEZsP-nSimgwFAVDjqKNcIPsPqD-1MLe/view?usp=drivesdk,null,
262,Bosque Seco,A253,-12.0680506,-77.0789981,Palo borracho (Ceiba),Ceiba speciosa,Árbol,1,https://drive.google.com/file/d/1xZlkfdm4OusJfA2UJUYU8pIQg-bffqy1/view?usp=drivesdk,null,
263,Bosque Seco,A254,-12.06826,-77.0789086,Huarango,Prosopis pallida,Árbol,1,https://drive.google.com/file/d/1cl2V47viicE7frisss3dST911UsizDVG/view?usp=drivesdk,7123,
264,Bosque Seco,A255,-12.0682456,-77.0788711,Palo borracho (Ceiba),Ceiba speciosa,Árbol,1,https://drive.google.com/file/d/1qZFHYZtKJrzn_DckpKEOcalwg7j2-Gvn/view?usp=drivesdk,null,
265,Bosque Seco,A256,-12.0682023,-77.0788911,Huarango,Prosopis pallida,Árbol,1,https://drive.google.com/file/d/17rnFJ3uu01kQc-B2dnQ83KIx8_t1NgYf/view?usp=drivesdk,6876,
266,Bosque Seco,A257,-12.0681622,-77.078903,Huarango,Prosopis pallida,Árbol,1,https://drive.google.com/file/d/1NE7ioG8VEhUI7f7UVLtpxar3AcBR2R_y/view?usp=drivesdk,null,
267,Bosque Seco,A258,-12.0681742,-77.0789031,Palo borracho (Ceiba),Ceiba speciosa,Árbol,1,https://drive.google.com/file/d/18zBH335wQrMlcBLC_0CQ07OEjDbl6hyI/view?usp=drivesdk,null,
268,Bosque Seco,A259,-12.0682027,-77.0789049,Huarango,Prosopis pallida,Árbol,1,https://drive.google.com/file/d/1ihuv5HHUK--45DWhUNBn812sY6fa006e/view?usp=drivesdk,null,
269,Bosque Seco,A260,-12.0682161,-77.0789085,Huarango,Prosopis pallida,Árbol,1,https://drive.google.com/file/d/1M46nTT50qO0sicrSYm4FhaXUwGOBVuhZ/view?usp=drivesdk,null,
270,Bosque Seco,A261,-12.0680777,-77.0788773,Guayacán amarillo,Handroanthus chrysanthus,Árbol,1,https://drive.google.com/file/d/1g0pPrxhKs4GLeY-bGP7eYkuUitMPD7LJ/view?usp=drivesdk,null,
271,Bosque Seco,A262,-12.0682122,-77.0789331,Guayacán amarillo,Handroanthus chrysanthus,Árbol,1,https://drive.google.com/file/d/15RO9YtBFbBjrA5eer7clbYvkbGx8o7T8/view?usp=drivesdk,null,
272,Bosque Seco,A263,-12.0681234,-77.0789266,Guayacán amarillo,Handroanthus chrysanthus,Árbol,1,https://drive.google.com/file/d/1XviOfZn4jXgSelP8ZEZ2ypaxKFKLMh0e/view?usp=drivesdk,null,
273,Bosque Seco,A264,-12.0681324,-77.0789409,Guayacán amarillo,Handroanthus chrysanthus,Árbol,1,https://drive.google.com/file/d/1jBBAGHlSs8LbMnMzWefgtCWUhPpd1mgy/view?usp=drivesdk,null,
274,Bosque Seco,A265,-12.0681052,-77.0789416,Guayacán amarillo,Handroanthus chrysanthus,Árbol,1,https://drive.google.com/file/d/1ARNAk9bEoLKkGG587Y1voLAoSYKvLd7u/view?usp=drivesdk,null,
275,Bosque Seco,A266,-12.0681131,-77.0789575,Guayacán amarillo,Handroanthus chrysanthus,Árbol,1,https://drive.google.com/file/d/1Q7dwqwi04JIdBMOe35o3LaDZaiEpPpRv/view?usp=drivesdk,null,
276,Bosque Seco,A267,-12.0681206,-77.0789772,Guayacán amarillo,Handroanthus chrysanthus,Árbol,1,https://drive.google.com/file/d/1n-12Woaw_eIGdyEqRWx5EPr0aSFOsdHc/view?usp=drivesdk,null,
277,Bosque Seco,A268,-12.0681282,-77.0790071,Guayacán amarillo,Handroanthus chrysanthus,Árbol,1,https://drive.google.com/file/d/1D4IF-sSz3SDXs_g5GgjStFlzr3B2nyxK/view?usp=drivesdk,null,
278,Bosque Seco,A269,-12.0681540378136,-77.0788101106771,Guayacán amarillo,Handroanthus chrysanthus,Árbol,1,https://drive.google.com/file/d/1bY-2yENEgL7pbuPGqDn9tPb4lyjT_PS5/view?usp=drivesdk,null,
279,Bosque Seco,A270,-12.0681738,-77.0788786,Guayacán amarillo,Handroanthus chrysanthus,Árbol,1,https://drive.google.com/file/d/1TlNG50p8UH1Rf2AUJCSDb7aOOlK9Dhwl/view?usp=drivesdk,7115,
280,Bosque Seco,A271,-12.0681767,-77.0789042,Adelfa ,Nerium oleander,Arbusto,1,https://drive.google.com/file/d/1KOV4jCb7mFeUf6B7dshC2re-tjNNrQNz/view?usp=drivesdk,null,
281,Bosque Seco,A272,-12.0681775,-77.0790065,Guayacán amarillo,Handroanthus chrysanthus,Árbol,1,https://drive.google.com/file/d/16OfOxPZbXy0xn5x6VbiNU_Y8z-UQISKX/view?usp=drivesdk,null,
282,Bosque Seco,A273,-12.0681789282003,-77.0787846296779,Huarango,Prosopis pallida,Árbol,1,https://drive.google.com/file/d/1s98-H1dmB1YrdE3W_oIiElMZk42HgsS4/view?usp=drivesdk,null,
283,Bosque Seco,A274,-12.0681282,-77.0788616,Huarango,Prosopis pallida,Árbol,1,https://drive.google.com/file/d/15ftKRFyyymRq2MAL8FXHg_PdzR4cJ9C0/view?usp=drivesdk,null,
284,Bosque Seco,A275,-12.0681452,-77.0788753,Huarango,Prosopis pallida,Árbol,1,https://drive.google.com/file/d/1JRu05lIgIkVtrcpjr8cgv3ZtwfGSd_2Q/view?usp=drivesdk,null,
285,Bosque Seco,A276,-12.0681586,-77.0789063,Huarango,Prosopis pallida,Árbol,1,https://drive.google.com/file/d/1h5P6oVGmffpraWoRZtNX5owzrwQfv5Rq/view?usp=drivesdk,null,
286,Bosque Seco,A277,-12.06827,-77.0790059,Huarango,Prosopis pallida,Árbol,1,https://drive.google.com/file/d/1-tzVl0Kjgm7a7n2eDLyvfZf8tGiSUtwX/view?usp=drivesdk,null,
287,Bosque Seco,A278,-12.0682157,-77.079003,Huarango,Prosopis pallida,Árbol,1,https://drive.google.com/file/d/1cHDpp_PYI1vwHWzhVAlZ3l8JmrUXiv1w/view?usp=drivesdk,null,
288,Bosque Seco,A279,-12.0682104,-77.0790104,Guayacán amarillo,Handroanthus chrysanthus,Árbol,1,https://drive.google.com/file/d/1ZKUUvLzLhwtbS0l_uGNuIH-4XGC-FGl-/view?usp=drivesdk,null,
289,Bosque Seco,A280,-12.068198,-77.0790317,Guayacán amarillo,Handroanthus chrysanthus,Árbol,1,https://drive.google.com/file/d/1JFmEr1Eyhc0cSqjAv0WIhYyEn-PBk-1b/view?usp=drivesdk,null,
290,Bosque Seco,A281,-12.0682076,-77.0790301,Guayacán amarillo,Handroanthus chrysanthus,Árbol,1,https://drive.google.com/file/d/1UXYkD1yORlwumN86xtdTrBYKB7gUh8gD/view?usp=drivesdk,null,
291,Bosque Seco,A282,-12.0681168,-77.0787777,Huarango,Prosopis pallida,Árbol,1,https://drive.google.com/file/d/1ADRu7ryPawinpsjN3i4NEd-mOIAbXdBW/view?usp=drivesdk,null,
292,Bosque Seco,A283,-12.0681711,-77.078823,Huarango,Prosopis pallida,Árbol,1,https://drive.google.com/file/d/1My0WmzxBaEAUcCCCjBWwf2X7jqXHz_lF/view?usp=drivesdk,null,
293,Bosque Seco,A284,-12.0682114,-77.0788727,Guayacán amarillo,Handroanthus chrysanthus,Árbol,1,https://drive.google.com/file/d/19fXl1RJPuZjbCmtd-JH-G0F_2VWSCAwm/view?usp=drivesdk,null,
294,Bosque Seco,A285,-12.0682354,-77.0789184,Guayacán amarillo,Handroanthus chrysanthus,Árbol,1,https://drive.google.com/file/d/1Xuwav7dQ2uCuumWczYYxPlWgMr0w84WD/view?usp=drivesdk,null,
295,Bosque Seco,A286,-12.0682341,-77.0789351,Guayacán amarillo,Handroanthus chrysanthus,Árbol,1,https://drive.google.com/file/d/1ybqNNeb04IXD5hBTd_9fzGRmSY8kSgur/view?usp=drivesdk,null,
296,Bosque Seco,A287,-12.0682615,-77.0789679,Guayacán amarillo,Handroanthus chrysanthus,Árbol,1,https://drive.google.com/file/d/1wXUPFYEp7QhMHH57wo2zMSL7ySPO4VMj/view?usp=drivesdk,null,
297,Bosque Seco,A288,-12.0682597,-77.0790036,Huarango,Prosopis pallida,Árbol,1,https://drive.google.com/file/d/1D2CH0tqY6NNn9xwXTgsy1pMhamcQ3A9p/view?usp=drivesdk,null,
298,Bosque Seco,A289,-12.0682563,-77.0790698,Guayacán amarillo,Handroanthus chrysanthus,Árbol,1,https://drive.google.com/file/d/1TwoaJabtN22iAXjCHyZRTOaLqOGDFs3E/view?usp=drivesdk,null,
299,Bosque Seco,A290,-12.0682501,-77.0790812,Guayacán amarillo,Handroanthus chrysanthus,Árbol,1,https://drive.google.com/file/d/1kbi8dPtyAFz-daLAfUiG5l1lGw556IzE/view?usp=drivesdk,null,
300,Bosque Seco,A291,-12.0681125,-77.0790306,Palo borracho (Ceiba),Ceiba speciosa,Árbol,1,https://drive.google.com/file/d/1YS_37wZwRlptSsfZQHZzqfWAChDqP7Ke/view?usp=drivesdk,null,
301,Bosque Seco,A292,-12.0681865,-77.0789741,Huarango,Prosopis pallida,Árbol,1,https://drive.google.com/file/d/1kG1X_rAQNk_yVMd5dvx7iVp3zKpFsIoU/view?usp=drivesdk,null,
302,Bosque Seco,A293,-12.0682068,-77.0789855,Huarango,Prosopis pallida,Árbol,1,https://drive.google.com/file/d/1FSsVtUSKGfvzovsAmIvLHPFfg-Mqzl-2/view?usp=drivesdk,null,
303,Bosque Seco,A294,-12.068213,-77.0790171,Guayacán amarillo,Handroanthus chrysanthus,Árbol,1,https://drive.google.com/file/d/1nUZZhRjNdzFJFkIq5UriPn4pnQ2N00_M/view?usp=drivesdk,null,
304,Bosque Seco,A295,-12.0682269,-77.079036,Guayacán amarillo,Handroanthus chrysanthus,Árbol,1,https://drive.google.com/file/d/1c9G86CR0q00J_50TBajIg8KNFlGE2SRH/view?usp=drivesdk,null,
305,Bosque Seco,A296,-12.0682179,-77.0790518,Guayacán amarillo,Handroanthus chrysanthus,Árbol,1,https://drive.google.com/file/d/1Q8Kn8nNW0X3MPQTBXRDVbizi2Kt26xBt/view?usp=drivesdk,null,
306,Bosque Seco,A297,-12.0682282,-77.0790975,Guayacán amarillo,Handroanthus chrysanthus,Árbol,1,https://drive.google.com/file/d/1YigM5cDLaYxo2OhmMWA47-moFdmwN2Dv/view?usp=drivesdk,6614,
307,Bosque Seco,A298,-12.0682839,-77.0790909,Guayacán amarillo,Handroanthus chrysanthus,Árbol,1,https://drive.google.com/file/d/1ZNxJnURPp_IXrtwrutUizQInsJqYFB1a/view?usp=drivesdk,null,
308,Bosque Seco,A299,-12.0682378,-77.0788473,Guayacán amarillo,Handroanthus chrysanthus,Árbol,1,https://drive.google.com/file/d/1fosUNuP3Q7wTKCJuJwmvNOhABpwHLjlm/view?usp=drivesdk,null,
309,Bosque Seco,A300,-12.0682854,-77.0789048,Huarango,Prosopis pallida,Árbol,1,https://drive.google.com/file/d/167gac9IAeMaigMi7XgUL2xd39fYYqOWX/view?usp=drivesdk,null,
310,Bosque Seco,A301,-12.0682957,-77.0789171,Guayacán amarillo,Handroanthus chrysanthus,Árbol,1,https://drive.google.com/file/d/1eYLk5c3vXhvGDV8yhgQ6vxlcRN9UvXo5/view?usp=drivesdk,null,
311,Bosque Seco,A302,-12.0682731,-77.078929,Guayacán amarillo,Handroanthus chrysanthus,Árbol,1,https://drive.google.com/file/d/1yf8AZ8oohRZBa8D6XP08NH3AMbBuSa6E/view?usp=drivesdk,null,
312,Bosque Seco,A303,-12.0682733,-77.0789683,Guayacán amarillo,Handroanthus chrysanthus,Árbol,1,https://drive.google.com/file/d/16ioKVf3XxcCYgQhDSd_rlC419bIBuU14/view?usp=drivesdk,null,
313,Bosque Seco,A304,-12.068295,-77.0790124,Guayacán amarillo,Handroanthus chrysanthus,Árbol,1,https://drive.google.com/file/d/1TytmuXv1qyI3bO32SOMKI_zq9YOoPycs/view?usp=drivesdk,null,
314,Bosque Seco,A305,-12.0682867,-77.0790551,Guayacán amarillo,Handroanthus chrysanthus,Árbol,1,https://drive.google.com/file/d/1VJ1Lhia2JBZk0TIKJch3I2NW3Py1XrQo/view?usp=drivesdk,null,
315,Bosque Seco,A306,-12.0682746,-77.0790798,Guayacán amarillo,Handroanthus chrysanthus,Árbol,1,https://drive.google.com/file/d/1aqrV7WobBHDo5wChHlsyCsYKvcN7FHce/view?usp=drivesdk,null,
316,Bosque Seco,A307,-12.0683844,-77.0789274,Guayacán amarillo,Handroanthus chrysanthus,Árbol,1,https://drive.google.com/file/d/1b08aVmuTwyoZBj1ck5zgGiRBQ11yZBqF/view?usp=drivesdk,null,
317,Bosque Seco,A308,-12.0683639,-77.0789046,Guayacán amarillo,Handroanthus chrysanthus,Árbol,1,https://drive.google.com/file/d/1NmiicBtCO3d_1vpprob72FYTJCo6ZIHd/view?usp=drivesdk,null,
318,Bosque Seco,A309,-12.0683421,-77.0789406,Guayacán amarillo,Handroanthus chrysanthus,Árbol,1,https://drive.google.com/file/d/18Bbb5ZpIdrBmzElffPfaSFefmlBy837t/view?usp=drivesdk,null,
319,Bosque Seco,A310,-12.0683232,-77.079029,Eucalipto común,Eucalyptus globulus,Árbol,1,https://drive.google.com/file/d/167c0D6v_DmLB5kULpdun6tqmNPbNzuIs/view?usp=drivesdk,null,
320,Bosque Seco,A311,-12.0682967,-77.0790424,Guayacán amarillo,Handroanthus chrysanthus,Árbol,1,https://drive.google.com/file/d/12zsdFkEDWT4N2xgFqaNFfppwmfrFMjah/view?usp=drivesdk,null,
321,Bosque Seco,A312,-12.068287,-77.0790558,Guayacán amarillo,Handroanthus chrysanthus,Árbol,1,https://drive.google.com/file/d/18ib9jkES62WjcdArQmA78xsU6tETH6Zk/view?usp=drivesdk,null,
322,Bosque Seco,A313,-12.0684762,-77.0789168,Guayacán amarillo,Handroanthus chrysanthus,Árbol,1,https://drive.google.com/file/d/13ULhkv-pTb18hgcL2_BR0UuAswFVBRjj/view?usp=drivesdk,null,
323,Bosque Seco,A314,-12.068385,-77.0789553,Guayacán amarillo,Handroanthus chrysanthus,Árbol,1,https://drive.google.com/file/d/1QGan-x9YbaYVvRZpaz7Pi0LerZmZtLpz/view?usp=drivesdk,null,
324,Bosque Seco,A315,-12.068389,-77.078949,Guayacán amarillo,Handroanthus chrysanthus,Árbol,1,https://drive.google.com/file/d/1Q8lvaovhZI5ioY5nWxFiOVE-5-j-Pgfl/view?usp=drivesdk,null,
325,Bosque Seco,A316,-12.0683898,-77.0789593,Guayacán amarillo,Handroanthus chrysanthus,Árbol,1,https://drive.google.com/file/d/1ccoEtS7LXYz3v7EHfntJjkgT5QTbttRC/view?usp=drivesdk,null,
326,Bosque Seco,A317,-12.0683778,-77.0789883,Guayacán amarillo,Handroanthus chrysanthus,Árbol,1,https://drive.google.com/file/d/1nxRjOhXf7k0g9iMK09x11D6v-ZqSQSP3/view?usp=drivesdk,null,
327,Bosque Seco,A318,-12.0682874,-77.0790463,Guayacán amarillo,Handroanthus chrysanthus,Árbol,1,https://drive.google.com/file/d/120aW5dZJwCK_03OS02lwQrsDurxTZIw8/view?usp=drivesdk,null,
328,Bosque Seco,A319,-12.0682399,-77.0791143,Guayacán amarillo,Handroanthus chrysanthus,Árbol,1,https://drive.google.com/file/d/1R2tcrI62fmx7B6r01u1wcEhqOoTpykj2/view?usp=drivesdk,null,
329,Bosque Seco,A320,-12.0682417,-77.0791712,Tara ,Caesalpinia spinosa (Molina) Kuntze,Árbol,1,https://drive.google.com/file/d/1H18-10_BrH5rIcKnrNKnPTal5WnvHQrd/view?usp=drivesdk,null,
330,Bosque Seco,A321,-12.0682486,-77.0791643,Tara ,Caesalpinia spinosa (Molina) Kuntze,Árbol,1,https://drive.google.com/file/d/1Fl2pH1M1Ejdr0BrqqIpqi97iw93sYNtM/view?usp=drivesdk,null,
331,Bosque Seco,A322,-12.0682367,-77.0791635,Guayacán amarillo,Handroanthus chrysanthus,Árbol,1,https://drive.google.com/file/d/19aQ4UD0GSEcFB_PpVfLyAbSEdwX-lG73/view?usp=drivesdk,null,
332,Bosque Seco,A323,-12.0682229,-77.0791616,Guayacán amarillo,Handroanthus chrysanthus,Árbol,1,https://drive.google.com/file/d/1Abs0vVwPF-42qONrNf59Jv5TgSazx-MS/view?usp=drivesdk,null,
333,Bosque Seco,A324,-12.0681942,-77.0791422,Guayacán amarillo,Handroanthus chrysanthus,Árbol,1,https://drive.google.com/file/d/1b_uuN_tGZsnG3prEi2AO84_KScRnkXW3/view?usp=drivesdk,null,
334,Bosque Seco,A325,-12.0681708,-77.0791348,Huaranguay,Tecoma stans,Árbol,1,https://drive.google.com/file/d/1GV_R3M-zjbKcN9ZgUO2e1BNxE01g-vdq/view?usp=drivesdk,null,
335,Bosque Seco,A326,-12.0681388,-77.0791325,Huaranguay,Tecoma stans,Árbol,1,https://drive.google.com/file/d/1FRBDP4mOsbFVc6f9DT0R766VaGWwlVrd/view?usp=drivesdk,null,
336,Bosque Seco,A326-2,-12.0681398,-77.0791325,Porotillo,Erythrina smithiana Krukoff,Árbol,1,https://drive.google.com/file/d/1y2fWw-arcTaXIEfGhrZbTPAGlxkwR0Od/view?usp=drivesdk,null,
337,Bosque Seco,A327,-12.0681247,-77.0791609,Quillay ,Quillaja saponaria,Árbol,1,https://drive.google.com/file/d/1DjIXQzXsARMZ_NlL4ACzgLRzqsQ5vZo7/view?usp=drivesdk,null,
338,Bosque Seco,A328,-12.0681018,-77.079153,Jacarandá,Jacaranda mimosifolia.,Árbol,1,https://drive.google.com/file/d/1fM9DO52zHyrCmAwzhVv6U-YE-1HICCxa/view?usp=drivesdk,null,
339,Bosque Seco,A329,-12.0681099,-77.0791881,Palo verde,Parkinsonia praecox,Árbol,1,https://drive.google.com/file/d/1uJ7uLskAwzyxrWuxO7LzSDbsZrIdPjoS/view?usp=drivesdk,null,
340,Bosque Seco,A330,-12.0680933,-77.079093,Quillay ,Quillaja saponaria,Árbol,1,https://drive.google.com/file/d/1B1BD_Lh47aG8klZDNebF1bRbcePhIJZn/view?usp=drivesdk,null,
341,Bosque Seco,A331,-12.0680494,-77.0790561,Porotillo,Erythrina smithiana Krukoff,Árbol,1,https://drive.google.com/file/d/1gCDy6YkuGgbqfzklmpN-m9cS0qNR6WrI/view?usp=drivesdk,null,
342,Arqueología,A332,-12.0672733708256,-77.081201300024,Sakura ,Prunus serrulata,Árbol,1,https://drive.google.com/file/d/1mT9e5LNu1DzCFePf0hUESAHVbKDmPvUf/view?usp=drivesdk,null,
343,Arqueología,A333,-12.0673202500367,-77.0812026411285,Sakura ,Prunus serrulata,Árbol,1,https://drive.google.com/file/d/1MEGn8l1JGNucrszJTN9oyhUic5GIGWQx/view?usp=drivesdk,null,
344,Arqueología,A334,-12.067379598877,-77.0812019705772,Sakura ,Prunus serrulata,Árbol,1,https://drive.google.com/file/d/1jgwFYDZ4XxeIt700wniC2dMvTkLAbI8z/view?usp=drivesdk,null,
345,Arqueología,A335,-12.0674487907201,-77.081206664439,Sakura ,Prunus serrulata,Árbol,1,https://drive.google.com/file/d/1TUM6dfQGO-dOsU3Ql4u1QWixRm97ZMYy/view?usp=drivesdk,null,
346,Arqueología,A336,-12.0674530506613,-77.0812049880614,Sakura ,Prunus serrulata,Árbol,1,https://drive.google.com/file/d/1WiKT_pi0zKYCpUGIuiXtEq6qtK9BjLT0/view?usp=drivesdk,null,
347,Arqueología,A337,-12.0675281210338,-77.0812039822338,Sakura ,Prunus serrulata,Árbol,1,https://drive.google.com/file/d/1iIcDkCr-kgO3oH_0KVe6RCg45vizDy4C/view?usp=drivesdk,null,
348,Arqueología,A338,-12.0676917267837,-77.0812113583112,Sakura ,Prunus serrulata,Árbol,1,https://drive.google.com/file/d/11X42v5Ooz7DPflMK0ZlMgfnfT21MRHkl/view?usp=drivesdk,null,
349,Arqueología,A339,-12.0676458346485,-77.0812086760998,Sakura ,Prunus serrulata,Árbol,1,https://drive.google.com/file/d/1Vujl32pNJy5e8U6YiyM84Wh4RsPkk4qF/view?usp=drivesdk,null,
350,Arqueología,A340,-12.0677497560878,-77.081210352482,Sakura ,Prunus serrulata,Árbol,1,https://drive.google.com/file/d/1uoRZjJNEUvip2rq5-T18M2xhb365jzaQ/view?usp=drivesdk,null,
351,Arqueología,A341,-12.0678005816413,-77.0812103524819,Sakura ,Prunus serrulata,Árbol,1,https://drive.google.com/file/d/10_nMC7n3yCG2xjzQvZySK1cWjcUQ_rdR/view?usp=drivesdk,null,
352,Arqueología,A342,-12.0678468,-77.0812129,Sakura ,Prunus serrulata,Árbol,1,https://drive.google.com/file/d/1cvDiZT1dc3AjAUmLA1L7F8Yo-1BLEMvy/view?usp=drivesdk,null,
353,Arqueología,A343,-12.067944,-77.0812095,Sakura ,Prunus serrulata,Árbol,1,https://drive.google.com/file/d/1NktdZwnKVqaqKfYKBYvcLj7sZf2LBBp6/view?usp=drivesdk,null,
354,Arqueología,A344,-12.0680154,-77.0812122,Sakura ,Prunus serrulata,Árbol,1,https://drive.google.com/file/d/1fjhCybsbHBWC8BczljiOfdGSr7ALvVw8/view?usp=drivesdk,null,
355,Arqueología,A345,-12.0680766453626,-77.081235498188,Sakura ,Prunus serrulata,Árbol,1,https://drive.google.com/file/d/1N3eqe3ymDQ06XOVv6zU1aw7kjmytG0LQ/view?usp=drivesdk,null,
356,Arqueología,A346,-12.0681461478436,-77.081241533157,Sakura ,Prunus serrulata,Árbol,1,https://drive.google.com/file/d/1xMcO2G0ZbGOdgCzlggEtWsTepXh6etqK/view?usp=drivesdk,null,
357,Arqueología,A347,-12.0683526450905,-77.0812703669047,Sakura ,Prunus serrulata,Árbol,1,https://drive.google.com/file/d/1_QntjNpGlbJBbDGyHT5-b0J4B1VQBahX/view?usp=drivesdk,null,
358,Arqueología,A348,-12.0684596,-77.0812818,Sakura ,Prunus serrulata,Árbol,1,https://drive.google.com/file/d/1_QDSlb4ugeZ3DsdbnHk5qmPB9EAAyNjI/view?usp=drivesdk,null,
359,Arqueología,A349,-12.0685507311744,-77.0812985300997,Sakura ,Prunus serrulata,Árbol,1,https://drive.google.com/file/d/1zBSz9sDlhV7pTiwWM9ZJMeQOP-hIQK-U/view?usp=drivesdk,null,
360,Arqueología,A350,-12.0686192717396,-77.0813116058669,Sakura ,Prunus serrulata,Árbol,1,https://drive.google.com/file/d/15FDWmFGrzP9J306LSgQkMsTccIKZooHR/view?usp=drivesdk,null,
361,Arqueología,A351,-12.0686561,-77.0812904,Palmera Real,Roystonea regia,Palmera,1,https://drive.google.com/file/d/1qCZm19IcWsBKN0Wxs5vKyvjnQOaUVwt-/view?usp=drivesdk,null,
362,Arqueología,A352,-12.068626148487,-77.0812730491173,Palmera Real,Roystonea regia,Palmera,1,https://drive.google.com/file/d/1QnidIiAWftM8znGh_8WSS9kH6MYsFHBI/view?usp=drivesdk,null,
363,Arqueología,A353,-12.068598268765,-77.081253938378,Palmera Real,Roystonea regia,Palmera,1,https://drive.google.com/file/d/1FW-zLs_vOuPKRunIBgwzD0FHOzx1yI61/view?usp=drivesdk,null,
364,Arqueología,A354,-12.0685536790064,-77.0812405273338,Palmera Real,Roystonea regia,Palmera,1,https://drive.google.com/file/d/1kHoZ_LoYlXFpiWHYKnAGV81YE5MLhnad/view?usp=drivesdk,null,
365,Arqueología,A355,-12.0685094082229,-77.0812277868412,Palmera Real,Roystonea regia,Palmera,1,https://drive.google.com/file/d/1dy0o5ZjcZaVdt1jmMKKwxvNDdjMCJivT/view?usp=drivesdk,null,
366,Arqueología,A356,-12.068457936314,-77.0812230929761,Palmera Real,Roystonea regia,Palmera,1,https://drive.google.com/file/d/1YYxmusN75jc6SN6w_oh5FlbbVkwgtTm1/view?usp=drivesdk,null,
367,Arqueología,A357,-12.0684048191426,-77.0812180638342,Palmera Real,Roystonea regia,Palmera,1,https://drive.google.com/file/d/11MNS5fsabLYkEovFX31vDF1gxCUC1W_k/view?usp=drivesdk,null,
368,Arqueología,A358,-12.068361210348,-77.0812120288645,Palmera Real,Roystonea regia,Palmera,1,https://drive.google.com/file/d/14cnKSpoQdyIhCpzmW-7kWk1BRPTjSnql/view?usp=drivesdk,null,
369,Arqueología,A359,-12.0682953114002,-77.0812029764051,Palmera Real,Roystonea regia,Palmera,1,https://drive.google.com/file/d/1YJanU1VnUCSx9_FOoteECi_BCJTQsqMF/view?usp=drivesdk,null,
370,Arqueología,A360,-12.0681941,-77.0812023,Palmera Real,Roystonea regia,Palmera,1,https://drive.google.com/file/d/13wE6egjjag0dbJCnl53HHV3kmUYoIUDQ/view?usp=drivesdk,null,
371,Arqueología,A361,-12.068127788581,-77.0811818540118,Palmera Real,Roystonea regia,Palmera,1,https://drive.google.com/file/d/12eNFSvlSd8xaYo-mFslj7sQPXuVIw8WZ/view?usp=drivesdk,null,
372,Arqueología,A362,-12.0680733693896,-77.0811738073771,Palmera Real,Roystonea regia,Palmera,1,https://drive.google.com/file/d/12E3KpPZzMDkZZFy731c346j--bxxIObz/view?usp=drivesdk,null,
373,Arqueología,A363,-12.0680248325828,-77.0811697840711,Palmera Real,Roystonea regia,Palmera,1,https://drive.google.com/file/d/1frndffaHn0BOBNukhRLAFo4Wn30Ad0TW/view?usp=drivesdk,null,
374,Arqueología,A364,-12.067981557246,-77.0811677724147,Palmera Real,Roystonea regia,Palmera,1,https://drive.google.com/file/d/1FIv5G-JGPvIE4Lp1M1sgmjIreLDF2uGC/view?usp=drivesdk,null,
375,Arqueología,A365,-12.0679474689878,-77.0811644196537,Palmera Real,Roystonea regia,Palmera,1,https://drive.google.com/file/d/1dfBpkFuPhR74SjltL-6CmOkNswj9R8bE/view?usp=drivesdk,null,
376,Arqueología,A366,-12.0678835365105,-77.0811694487934,Palmera Real,Roystonea regia,Palmera,1,https://drive.google.com/file/d/1Lrta_6uIlpMc_XhQd6T2auuEpJyIls7r/view?usp=drivesdk,null,
377,Arqueología,A367,-12.0678261615333,-77.0811684429658,Palmera Real,Roystonea regia,Palmera,1,https://drive.google.com/file/d/1kD1ul56z1sCjKbgcmyXBr7fWtpjpKI0v/view?usp=drivesdk,null,
378,Arqueología,A368,-12.0677739,-77.0811648,Palmera Real,Roystonea regia,Palmera,1,https://drive.google.com/file/d/1Qw-mxkrx_PPuAHOrxnLEJXkWoQn5aRl8/view?usp=drivesdk,null,
379,Arqueología,A369,-12.0677256,-77.0811688,Palmera Real,Roystonea regia,Palmera,1,https://drive.google.com/file/d/1lc0M9aEcPQIVAyzxSNkFaMSeNZLnsIwQ/view?usp=drivesdk,null,
380,Arqueología,A370,-12.0676739,-77.0811701,Palmera Real,Roystonea regia,Palmera,1,https://drive.google.com/file/d/1rOPXg2GCI4M6gEAeXSSu4maxna_hXsai/view?usp=drivesdk,null,
381,Arqueología,A371,-12.0676361,-77.0811746,Palmera Real,Roystonea regia,Palmera,1,https://drive.google.com/file/d/1walSSm6UaCP6l9R58sVtxjncmeoLLmDq/view?usp=drivesdk,null,
382,Arqueología,A372,-12.0675754,-77.0811769,Palmera Real,Roystonea regia,Palmera,1,https://drive.google.com/file/d/1apSJI92AwLkL1VVB6MIkVJ8uTrLhp5Pf/view?usp=drivesdk,null,
383,Arqueología,A373,-12.0675356678108,-77.0811764895918,Palmera Real,Roystonea regia,Palmera,1,https://drive.google.com/file/d/1BcXvsl-9bzXtvW3oRvVjiXF349_bipb9/view?usp=drivesdk,null,
384,Arqueología,A374,-12.0674949,-77.0811785,Palmera Real,Roystonea regia,Palmera,1,https://drive.google.com/file/d/1hhMb0SMBslLvc5nmGnIvNoigaxXWpP92/view?usp=drivesdk,null,
385,Arqueología,A375,-12.0674153442205,-77.0811805129064,Palmera Real,Roystonea regia,Palmera,1,https://drive.google.com/file/d/1C5IjOVdHB8536D5K94ThCIPl7OZq_t0k/view?usp=drivesdk,null,
386,Arqueología,A376,-12.0673874,-77.0811696,Palmera Real,Roystonea regia,Palmera,1,https://drive.google.com/file/d/1l5wZXpOBlp43QXndk4Z8ltBoSD_PTF59/view?usp=drivesdk,null,
387,Arqueología,A377,-12.0673158,-77.0811787,Palmera Real,Roystonea regia,Palmera,1,https://drive.google.com/file/d/1AqM6l9tdhXYLnt835442f8LzbXfSHIcZ/view?usp=drivesdk,null,
388,Estacionamiento,A378,-12.0680406224,-77.0786042511507,Meijo,Hibiscus tiliaceus,Árbol,1,https://drive.google.com/file/d/1GGiAvvr76-ae942_3Q8cPjEok9AUBwTT/view?usp=drivesdk,null,
389,Estacionamiento,A379,-12.0680409,-77.078532,Meijo,Hibiscus tiliaceus,Árbol,1,https://drive.google.com/file/d/1u1Mo2WhPMxSnntOoa2ycr1ldqh6hCVkG/view?usp=drivesdk,null,
390,Estacionamiento,A380,-12.0680431893401,-77.07845404744,Meijo,Hibiscus tiliaceus,Árbol,1,https://drive.google.com/file/d/1xMc80ogrI_PJoKrdufT7Z0FfjpL73zD9/view?usp=drivesdk,null,
391,Estacionamiento,A381,-12.0680418961791,-77.0783950388433,Meijo,Hibiscus tiliaceus,Árbol,1,https://drive.google.com/file/d/1-1O9MFtEtebhy0CfBXYSzAYJDQk0wdrD/view?usp=drivesdk,null,
392,Estacionamiento,A382,-12.0680477891623,-77.078341394666,Meijo,Hibiscus tiliaceus,Árbol,1,https://drive.google.com/file/d/1wSRKBa7NiCNmVZxx1hxoWNVsvOHBf0A3/view?usp=drivesdk,null,
393,Estacionamiento,A383,-12.0680471289427,-77.0782133191795,Meijo,Hibiscus tiliaceus,Árbol,1,https://drive.google.com/file/d/1b6MR2OLRj5SOYxFdyNpmSP95bnrwOEFs/view?usp=drivesdk,null,
394,Mac Gregor,A384,-12.0683021908479,-77.0785734057325,Pino Romeron,Retrophyllum rospigliosii,Árbol,1,https://drive.google.com/file/d/1_yzEKqIwfH0xAxJBQV9NY1oTv3dJG_tQ/view?usp=drivesdk,7396,
395,Mac Gregor,A385,-12.0683053,-77.078506,Pino Romeron,Retrophyllum rospigliosii,Árbol,1,https://drive.google.com/file/d/1A7frfIpmXt3O7cyPjX0AjERbkoBrU7jg/view?usp=drivesdk,null,
396,Mac Gregor,A386,-12.0684215631937,-77.0784413069517,Pino Romeron,Retrophyllum rospigliosii,Árbol,1,https://drive.google.com/file/d/1qsLfJ9-bykQpk-FIy16PGQ5niYSpExQ-/view?usp=drivesdk,null,
397,Mac Gregor,A387,-12.068425501714,-77.078388333323,Pino Romeron,Retrophyllum rospigliosii,Árbol,1,https://drive.google.com/file/d/1GZN2nmoomsH_S_yAH1z52iQVI3kUkwOz/view?usp=drivesdk,null,
398,Mac Gregor,A388,-12.0683911,-77.0783088,Pino Romeron,Retrophyllum rospigliosii,Árbol,1,https://drive.google.com/file/d/1LzECp2fp3kzcn9wCckc9KUSJvTbsVusH/view?usp=drivesdk,null,
399,Mac Gregor,A389,-12.0684312,-77.0783295,Pino Ciprés Blanco,Callitris columellaris,Árbol,1,https://drive.google.com/file/d/1nniaw3gb3hy3VvbH4Pdq8ghtcvy0Waaj/view?usp=drivesdk,null,
400,Mac Gregor,A390,-12.0684322,-77.0783371,Pino Ciprés Blanco,Callitris columellaris,Árbol,1,https://drive.google.com/file/d/1zxT-Qrtc2hznM7QQAjQDNYluGqyoayuE/view?usp=drivesdk,null,
401,Mac Gregor,A391,-12.0684112,-77.078307,Palmera Reina,Syagrus romanzoffiana,Palmera,1,https://drive.google.com/file/d/12i0EMmODGRIlU1lO706InERQC8n-WfKw/view?usp=drivesdk,null,
402,Mac Gregor,A392,-12.0683408,-77.0782714,Palmera Reina,Syagrus romanzoffiana,Palmera,1,https://drive.google.com/file/d/1P6ju9PoUcTicDtWks6cdrkQlDIsEegIa/view?usp=drivesdk,null,
403,Mac Gregor,A393,-12.0684012,-77.0784213,Palmera Reina,Syagrus romanzoffiana,Palmera,1,https://drive.google.com/file/d/11cyLxBrk5-iirgVBi16XSDFhlXVIMBhF/view?usp=drivesdk,null,
404,Mac Gregor,A394,-12.0683602,-77.07834,Palmera Reina,Syagrus romanzoffiana,Palmera,1,https://drive.google.com/file/d/1gntsLtcVAzM03kIm5ofN1jR1iQYVndsC/view?usp=drivesdk,null,
405,Mac Gregor,A395,-12.0682878,-77.0782671,Tara ,Caesalpinia spinosa (Molina) Kuntze,Árbol,1,https://drive.google.com/file/d/1JwVGMDrnLow1oRakaHxUZB5Tk0KGyZUj/view?usp=drivesdk,null,
406,Mac Gregor,A396,-12.0683577,-77.078238,Pita,Agave americana,Arbusto,3,https://drive.google.com/file/d/1HyEvGj0Fgw5GuhtRqNTXRlSK2VG67TOV/view?usp=drivesdk,null,
407,Mac Gregor,A397,-12.0682969,-77.0782677,Tara ,Caesalpinia spinosa (Molina) Kuntze,Árbol,1,https://drive.google.com/file/d/1TZx3ty21J63i6oh1mOMnYHl-kU-yqDWM/view?usp=drivesdk,null,
408,Mac Gregor,A398,-12.0682969,-77.0782763,Pita,Agave americana,Arbusto,3,https://drive.google.com/file/d/17b3nkmKBuUNwx-cpjYz67HfYkk2ihXsH/view?usp=drivesdk,null,
409,Mac Gregor,A399,-12.0683362,-77.078285,Pita,Agave americana,Arbusto,3,https://drive.google.com/file/d/1DxV1-EznysnjC8XucvOPIDWLL8AznwBe/view?usp=drivesdk,null,
410,Mac Gregor,A400,-12.0684589691743,-77.0782944560124,Tara ,Caesalpinia spinosa (Molina) Kuntze,Árbol,1,https://drive.google.com/file/d/1oH3zOaf24iXBpjH7NSYSkdO4QSM8F_e1/view?usp=drivesdk,null,
411,Mac Gregor,A401,-12.0684321,-77.0783326,Tara ,Caesalpinia spinosa (Molina) Kuntze,Árbol,1,https://drive.google.com/file/d/1GJKMdDlisPSJ1a1kPJ2_4xn5dOnM1WOL/view?usp=drivesdk,null,
412,Mac Gregor,A402,-12.0684167,-77.0783131,Tara ,Caesalpinia spinosa (Molina) Kuntze,Árbol,1,https://drive.google.com/file/d/1usSY1tFrfsBsWAmwTTk77kBiQCPK4Gsh/view?usp=drivesdk,null,
413,Mac Gregor,A403,-12.0684423,-77.0782779,Pita,Agave americana,Arbusto,3,https://drive.google.com/file/d/1-lU_ZAOOGWs6tc5AocciaMjbxOm4tGuE/view?usp=drivesdk,null,
414,Mac Gregor,A404,-12.068405,-77.0782806,Tara ,Caesalpinia spinosa (Molina) Kuntze,Árbol,1,https://drive.google.com/file/d/12ewAAlYfApxlbODAl3DkrLE_JEEXw_V4/view?usp=drivesdk,null,
415,Mac Gregor,A405,-12.0684016,-77.0782819,Pita,Agave americana,Arbusto,3,https://drive.google.com/file/d/1gy00i-4zaptbhdjheuZwxDoNw9MNC1kG/view?usp=drivesdk,null,
416,Mac Gregor,A406,-12.0684049,-77.0782679,Tara ,Caesalpinia spinosa (Molina) Kuntze,Árbol,1,https://drive.google.com/file/d/1Qi2eUbwNa4n52KgPGX_cyWuOOKyChHTy/view?usp=drivesdk,null,
417,Mac Gregor,A407,-12.0683681,-77.0782532,Pita,Agave americana,Arbusto,3,https://drive.google.com/file/d/1HGlx4ZtXkl1vtPxtEUh6UqEpp0ST6evI/view?usp=drivesdk,null,
418,Mac Gregor,A408,-12.0684149,-77.0782547,Tara ,Caesalpinia spinosa (Molina) Kuntze,Árbol,1,https://drive.google.com/file/d/1OSu1HQ5eKtTUw0Z5p3gkb8RLENbELwo7/view?usp=drivesdk,null,
419,Mac Gregor,A409,-12.0683346,-77.0782543,Pita,Agave americana,Arbusto,3,https://drive.google.com/file/d/19uZ6tGbXDsC0jfd-mamEPO9EBZCsDsBP/view?usp=drivesdk,null,
420,Mac Gregor,A410,-12.0682907,-77.0782466,Tara ,Caesalpinia spinosa (Molina) Kuntze,Árbol,1,https://drive.google.com/file/d/1r5PophXZB_4cj9THCEG0e3YM3BaOdKyO/view?usp=drivesdk,null,
421,Mac Gregor,A411,-12.0683143,-77.0782363,Pita,Agave americana,Arbusto,3,https://drive.google.com/file/d/1DSRRi-hqMDVJJ8f-0_fbLBLgKOLwPcet/view?usp=drivesdk,null,
422,Mac Gregor,A412,-12.0682794,-77.0782194,Tara ,Caesalpinia spinosa (Molina) Kuntze,Árbol,1,https://drive.google.com/file/d/1V7ciEIPFl5L0Vniu58eScaswB9PDzZLc/view?usp=drivesdk,null,
423,Mac Gregor,A413,-12.0683573,-77.0780331,Podocarpus,Podocarpus macrophyllus,Árbol,1,https://drive.google.com/file/d/1-v7GzVG7Op_RPJ7y4Pt_fCArqsjthOgs/view?usp=drivesdk,null,
424,Mac Gregor,A414,-12.0682499,-77.0782104,Pita,Agave americana,Arbusto,3,https://drive.google.com/file/d/1VKQjQf6unkz0fIc2AYmb3Gv-eOfhGiJ8/view?usp=drivesdk,null,
425,Mac Gregor,A415,-12.0682529,-77.0782245,Tara ,Caesalpinia spinosa (Molina) Kuntze,Árbol,1,https://drive.google.com/file/d/1X12ROSLVUbvGESCrj1hZsbKXvS7KAsfu/view?usp=drivesdk,null,
426,Mac Gregor,A416,-12.0682454,-77.0782387,Pita,Agave americana,Arbusto,3,https://drive.google.com/file/d/1A7UOXgXfDOt3xmqCjluR7aUoXnFzao9b/view?usp=drivesdk,null,
427,Mac Gregor,A417,-12.0683108,-77.0782491,Podocarpus,Podocarpus macrophyllus,Árbol,1,https://drive.google.com/file/d/1BBrEw-xTthQq1_vGwYWpVGYkOBxqZ3tz/view?usp=drivesdk,null,
428,Mac Gregor,A418,-12.0684142,-77.0782609,Adelfa ,Nerium oleander,Arbusto,1,https://drive.google.com/file/d/1cD6fC-lZpXCTVYauyCOWlBSX1QBKgDqZ/view?usp=drivesdk,null,
429,Mac Gregor,A419,-12.0682779,-77.0782857,Adelfa ,Nerium oleander,Arbusto,1,https://drive.google.com/file/d/1dfnN8QppUg6cBq4ob1IOKgLPRFj9JJ1E/view?usp=drivesdk,null,
430,Mac Gregor,A420,-12.0682671,-77.0783107,Pino Romeron,Retrophyllum rospigliosii,Árbol,1,https://drive.google.com/file/d/16UxCjasBQbThqO1nFeDEa9wXucZ2t7e5/view?usp=drivesdk,null,
431,Mac Gregor,A421,-12.0683151,-77.0783387,Podocarpus,Podocarpus macrophyllus,Árbol,1,https://drive.google.com/file/d/1uEKn3W92qivWksYIKGg1v32zt7HJmhYb/view?usp=drivesdk,null,
432,Mac Gregor,A422,-12.0682752,-77.0784175,Pino Romeron,Retrophyllum rospigliosii,Árbol,1,https://drive.google.com/file/d/1MQ7IcohW-KfSnoRW4D9dKR8Lm1rOTDsY/view?usp=drivesdk,null,
433,Mac Gregor,A423,-12.0682307,-77.0784676,Pino Romeron,Retrophyllum rospigliosii,Árbol,1,https://drive.google.com/file/d/1f6zkcCqZWNpTWApjgqklMCxZBipp6ASw/view?usp=drivesdk,null,
434,Mac Gregor,A424,-12.0682326,-77.0785066,Pino Romeron,Retrophyllum rospigliosii,Árbol,1,https://drive.google.com/file/d/1SJAj2YZzrC0xMvq2ZDeKsFJMW8TtrOqp/view?usp=drivesdk,null,
435,Mac Gregor,A425,-12.0682740022489,-77.078572735191,Palmera majestad,Ravenea rivularis,Palmera,1,https://drive.google.com/file/d/1s0rA5vYG7hzPGyGGS0RWA3_92ouITa5R/view?usp=drivesdk,null,
436,Mac Gregor,A426,-12.0682333588557,-77.0782944560115,Podocarpus,Podocarpus macrophyllus,Árbol,1,https://drive.google.com/file/d/1PC8k63hvbkT8WktPTe9KYe3B9bcr0Q3f/view?usp=drivesdk,null,
437,Mac Gregor,A427,-12.0682249,-77.078392,Palmera Reina,Syagrus romanzoffiana,Palmera,1,https://drive.google.com/file/d/1QD6oSfFaoZ9tJM-rWNsHdj1Ri0Dc2iyI/view?usp=drivesdk,null,
438,Mac Gregor,A428,-12.0682307370022,-77.0783192664429,Podocarpus,Podocarpus macrophyllus,Árbol,1,https://drive.google.com/file/d/1v1OE6edbid4WHsFSDCttRPt100ZnMvxB/view?usp=drivesdk,null,
439,Mac Gregor,A429,-12.0682746,-77.0783187,Palmera Reina,Syagrus romanzoffiana,Palmera,1,https://drive.google.com/file/d/1Jt0cmudLDKDfy1-gwlYgwOTKeBQcheeS/view?usp=drivesdk,7451,
440,Mac Gregor,A430,-12.0683198,-77.0783556,Palmera bambú,Dypsis lutescens,Palmera,1,https://drive.google.com/file/d/14ZJUsmxhUgL5Ie__8tH4f5hluow7MPgv/view?usp=drivesdk,null,
441,Mac Gregor,A431,-12.0683348,-77.078346,Palmera bambú,Dypsis lutescens,Palmera,1,https://drive.google.com/file/d/1b75ENkUrC75LgCYwmn-OeCN03XSePH4n/view?usp=drivesdk,null,
442,Mac Gregor,A432,-12.068318,-77.0783154,Palmera bambú,Dypsis lutescens,Palmera,1,https://drive.google.com/file/d/1vhPsFzNXaszZPglDq6tgf5-VIhwmlQw8/view?usp=drivesdk,null,
443,Mac Gregor,A433,-12.0683386,-77.0782418,Palmera Canaria ,Phoenix canariensis,Palmera,1,https://drive.google.com/file/d/1eQYiEO-Jd881RnuSbD2sEyHqLa5A2iKI/view?usp=drivesdk,null,
444,Mac Gregor,A434,-12.0682832,-77.0783301,Palmera Reina,Syagrus romanzoffiana,Palmera,1,https://drive.google.com/file/d/1WToPMSTaZL8hItcNeTjc-fGtzUAOvTe8/view?usp=drivesdk,7462,
445,Mac Gregor,A435,-12.0682719,-77.0783417,Palmera bambú,Dypsis lutescens,Palmera,1,https://drive.google.com/file/d/1trAyuNCR-qVBEV068TSfBCmYBE_uIEY7/view?usp=drivesdk,null,
446,Mac Gregor,A436,-12.0682836,-77.0783579,Palmera bambú,Dypsis lutescens,Palmera,1,https://drive.google.com/file/d/1yWdl0giXWMyUsRt0kajuEBEs81K9ZcbP/view?usp=drivesdk,null,
447,Mac Gregor,A437,-12.0682963,-77.0783981,Palmera bambú,Dypsis lutescens,Palmera,1,https://drive.google.com/file/d/1kBJpgx-OqxYN4PdCbrAjcAi8mX0-cxXO/view?usp=drivesdk,3672,
448,Mac Gregor,A438,-12.0683226,-77.0783748,Palmera bambú,Dypsis lutescens,Palmera,1,https://drive.google.com/file/d/1TSrC6vVXwql4V-38eLkD_t2Cgk2h_f_1/view?usp=drivesdk,7386,
449,Mac Gregor,A439,-12.0683347,-77.0783892,Palmera bambú,Dypsis lutescens,Palmera,1,https://drive.google.com/file/d/1h4OhHf3kbPYvWvOqHBu5W2Be3BmORwSq/view?usp=drivesdk,7384,
450,Mac Gregor,A440,-12.0683329,-77.0784669,Palmera bambú,Dypsis lutescens,Palmera,1,https://drive.google.com/file/d/1EoXepZEAyLcUl39nHMCP-jaISeiQA-eM/view?usp=drivesdk,7385,
451,Mac Gregor,A441,-12.0683211,-77.0784452,Palmera bambú,Dypsis lutescens,Palmera,1,https://drive.google.com/file/d/1UKe0v_HEyMTEqfVmimqsk1XhZ2FVoEta/view?usp=drivesdk,null,
452,Mac Gregor,A442,-12.0683236,-77.0784761,Palmera Reina,Syagrus romanzoffiana,Palmera,1,https://drive.google.com/file/d/1DFgllDwOKxEkQhcniKUqtQPlG7Bpw0-I/view?usp=drivesdk,7392,
453,Mac Gregor,A443,-12.0682332,-77.0784709,Palmera bambú,Dypsis lutescens,Palmera,1,https://drive.google.com/file/d/1jT0TS50YyBZSNa4_apfIO9c2CLpAdbkm/view?usp=drivesdk,null,
454,Mac Gregor,A444,-12.0682383,-77.0784699,Palmera bambú,Dypsis lutescens,Palmera,1,https://drive.google.com/file/d/1xFN9wacluu0TWUVoPiZiBHdIKjZuT5C7/view?usp=drivesdk,null,
455,Mac Gregor,A445,-12.068276,-77.0785421,Palmera bambú,Dypsis lutescens,Palmera,1,https://drive.google.com/file/d/1DPdJ8uYHO4z4HjDv3z0TuBUEGf4bMSfU/view?usp=drivesdk,null,
456,Gastronomía ,Gh-pal1,-12.0709080887643,-77.0819583535186,Palmera Real,Roystonea regia,Palmera,1,https://drive.google.com/file/d/1FeJlUA798A_TzOMnZaWiagSTerjVCd4n/view?usp=drivesdk,,
457,Gastronomía ,Gh-pal2,-12.0708687532748,-77.0819556713092,Palmera Real,Roystonea regia,Palmera,1,https://drive.google.com/file/d/1QgCv_ChyQ51w4q6SDYWlC-HGJ8fM-qTv/view?usp=drivesdk,null,
458,Gastronomía ,Gh-pal3,-12.0708367,-77.0819479,Palmera Real,Roystonea regia,Palmera,2,https://drive.google.com/file/d/1hzqdxCAEn2vj7qiq-p0bfK7ZSh2Qw11m/view?usp=drivesdk,1982,
459,Gastronomía ,Gh-pal4,-12.070814,-77.0819256,Palmera Real,Roystonea regia,Palmera,1,https://drive.google.com/file/d/1UupWvOsXwqhSJhKj9RVimdfSKpdknYQH/view?usp=drivesdk,null,
460,Gastronomía ,Gh-pal5,-12.0707744,-77.0819122,Palmera Real,Roystonea regia,Palmera,1,https://drive.google.com/file/d/1YhojJmdQN7LmGDxiaZm3158ojRWvhGgV/view?usp=drivesdk,null,
461,Gastronomía ,Gh-pal6,-12.0709385776006,-77.0819382369479,Palmera Real,Roystonea regia,Palmera,1,https://drive.google.com/file/d/1UhTAHl-qr5AqRR5Vdr9QIXKYResGxxdA/view?usp=drivesdk,2053,
462,Gastronomía ,Gh-pal7,-12.0709061167407,-77.0819214731465,Palmera Real,Roystonea regia,Palmera,1,https://drive.google.com/file/d/1cvgRADt26UHEgwqQP7OGHq3ujBYa_WIt/view?usp=drivesdk,null,
463,Gastronomía ,Gh-pal8,-12.0708707087883,-77.0819033682361,Palmera Real,Roystonea regia,Palmera,1,https://drive.google.com/file/d/1Go85zqMW8HJacC8M5ujG7H4_i9fMIRXX/view?usp=drivesdk,null,
464,Gastronomía ,Gh-pal9,-12.0708223,-77.0818841,Palmera Real,Roystonea regia,Palmera,1,https://drive.google.com/file/d/1BeEr6QtiDa7y5u22qlhTzz73Rc7QJGDW/view?usp=drivesdk,null,
465,Gastronomía ,Gh-pal10,-12.0707959579732,-77.0818715170025,Palmera Real,Roystonea regia,Palmera,1,https://drive.google.com/file/d/1Q_Fh7nimdKkP2AnjxzwCiLF1GFXpeSHr/view?usp=drivesdk,null,
466,Gastronomía ,Gh-pal11,-12.0707661174892,-77.0818557590267,Palmera Real,Roystonea regia,Palmera,1,https://drive.google.com/file/d/1cxiA9keboJOnyAaX0q-TLY8Jxw3WIqqZ/view?usp=drivesdk,null,
467,Gastronomía ,Gh-pal12,-12.0709480788971,-77.0818909630148,Palmera Real,Roystonea regia,Palmera,1,https://drive.google.com/file/d/1tDWNyntCIO_-4ILEKD2WMruKUvlpFsjx/view?usp=drivesdk,2052,
468,Gastronomía ,Gh-pal13,-12.0709133,-77.0818703,Palmera Real,Roystonea regia,Palmera,1,https://drive.google.com/file/d/10KtBBypVI_s1SliXMRklaOlLfs0JoX8P/view?usp=drivesdk,null,
469,Gastronomía ,Gh-pal14,-12.0708904,-77.081857,Palmera Real,Roystonea regia,Palmera,1,https://drive.google.com/file/d/1NY3fHaKt_4Q0FV5s7PGWZjGeACHDmFWL/view?usp=drivesdk,null,
470,Gastronomía ,Gh-pal15,-12.0708546416133,-77.0818430185325,Palmera Real,Roystonea regia,Palmera,1,https://drive.google.com/file/d/1JduJEeu05P_LT-v9hfSFgxd5h3lZaJjJ/view?usp=drivesdk,null,
471,Gastronomía ,Gh-pal16,-12.0708162829757,-77.0818356424581,Palmera Real,Roystonea regia,Palmera,1,https://drive.google.com/file/d/1RjqvHPTr3UMseo-60vGTGc251vm05VTG/view?usp=drivesdk,null,
472,Gastronomía ,Gh-pal17,-12.0707844816857,-77.0818185433747,Palmera Real,Roystonea regia,Palmera,1,https://drive.google.com/file/d/1I75N67n5RyhvYTRPd3mhzXpU9mcynn5t/view?usp=drivesdk,null,
473,Gastronomía ,Gh-pal18,-12.0709595520371,-77.0818530768116,Palmera Real,Roystonea regia,Palmera,1,https://drive.google.com/file/d/1Qw3zi-RbCtn5B1kVY6iUa8Zw6eqdbTny/view?usp=drivesdk,2051,
474,Gastronomía ,Gh-pal19,-12.0709185824445,-77.0818400010474,Palmera Real,Roystonea regia,Palmera,1,https://drive.google.com/file/d/1gOYsnbf3Ci7AFTW4huJRglH3ALy8mZmY/view?usp=drivesdk,null,
475,Gastronomía ,Gh-pal20,-12.0708897214357,-77.0818252488969,Palmera Real,Roystonea regia,Palmera,1,https://drive.google.com/file/d/10ANsLYP-_yMAhsFAvBpQCfzmLkZKs7GE/view?usp=drivesdk,null,
476,Gastronomía ,Gh-pal21,-12.070862180849,-77.0818172022689,Palmera Real,Roystonea regia,Palmera,1,https://drive.google.com/file/d/1go0BrcueesxKqOvwUAaJ6s85f7CiuUnE/view?usp=drivesdk,null,
477,Gastronomía ,Gh-pal22,-12.070833006597,-77.0818061381577,Palmera Real,Roystonea regia,Palmera,1,https://drive.google.com/file/d/1KlkuqM8X20O51avGt7sBLyC_Wgr81jhr/view?usp=drivesdk,null,
478,Gastronomía ,Gh-pal23,-12.0707969442545,-77.0817883685231,Palmera Real,Roystonea regia,Palmera,1,https://drive.google.com/file/d/1YkBCd5mo-tIt5YCJcL214spgOI00O5iQ/view?usp=drivesdk,null,
479,Gastronomía ,Gh-pal24,-12.0709667657398,-77.0818161964381,Palmera Real,Roystonea regia,Palmera,1,https://drive.google.com/file/d/1itNw_-zDgkuRKzTTKtol9TNO0-PGk_MU/view?usp=drivesdk,null,
480,Gastronomía ,Gh-pal25,-12.0709316953493,-77.0817980915282,Palmera Real,Roystonea regia,Palmera,1,https://drive.google.com/file/d/1Rjaety8qifFA5QbHcpasGJOVOyYXHj7c/view?usp=drivesdk,null,
481,Gastronomía ,Gh-pal26,-12.0709034922214,-77.0817826688247,Palmera Real,Roystonea regia,Palmera,1,https://drive.google.com/file/d/1HY89G4XQhv-mnrtATpbzr7UniztdVRs1/view?usp=drivesdk,null,
482,Gastronomía ,Gh-pal27,-12.0708766119385,-77.0817675814004,Palmera Real,Roystonea regia,Palmera,1,https://drive.google.com/file/d/1TJ8ytExJaTPZIW9MaT1EY4oC-sUNbYqe/view?usp=drivesdk,null,
483,Gastronomía ,Gh-pal28,-12.0708474265616,-77.0817642286408,Palmera Real,Roystonea regia,Palmera,1,https://drive.google.com/file/d/1n-_pn8Kovw4AFRJ-RN0caNOKAL2CqZtR/view?usp=drivesdk,null,
484,Gastronomía ,Gh-pal29,-12.0707947,-77.0817604,Palmera Real,Roystonea regia,Palmera,1,https://drive.google.com/file/d/1yKzvhQ0BZmJEfoTh8_3t1zI-9yV-Cx3o/view?usp=drivesdk,null,
485,Gastronomía ,Gh-pal30,-12.0709749624031,-77.0817850157587,Palmera Real,Roystonea regia,Palmera,1,https://drive.google.com/file/d/1IajbeZzOrGb7GWtx7rqigxIRzp0t4K4p/view?usp=drivesdk,null,
486,Gastronomía ,Gh-pal31,-12.0709425068417,-77.081772945817,Palmera Real,Roystonea regia,Palmera,1,https://drive.google.com/file/d/1OIagwPKCaNXVC6wlJQIlOGLgce4iqXhX/view?usp=drivesdk,null,
487,Gastronomía ,Gh-pal32,-12.0709165969615,-77.0817612111547,Palmera Real,Roystonea regia,Palmera,1,https://drive.google.com/file/d/1_w06mqyHNS9DpsBuYCH9dKjP5nrG_meJ/view?usp=drivesdk,null,
488,Gastronomía ,Gh-pal33,-12.0708844649491,-77.0817461237302,Palmera Real,Roystonea regia,Palmera,1,https://drive.google.com/file/d/1ZXYtuj0DYRLOKx5GZryWNUYKSiEVS4ek/view?usp=drivesdk,null,
489,Gastronomía ,Gh-pal34,-12.0708533171501,-77.0817380771032,Palmera Real,Roystonea regia,Palmera,1,https://drive.google.com/file/d/1eMQH1B0eUSE3NWIsMAide9geI51oI3kv/view?usp=drivesdk,null,
490,Gastronomía ,Gh-pal35,-12.0708093912995,-77.0817250013351,Palmera Real,Roystonea regia,Palmera,1,https://drive.google.com/file/d/1Nzq7yT_2L1KH3H_beg5vVFNqoKU6bFac/view?usp=drivesdk,2005,
491,Gastronomía ,Gh-pal36,-12.0709834888134,-77.0817410945893,Palmera Real,Roystonea regia,Palmera,1,https://drive.google.com/file/d/1ahpZjGxdw4s8t92SWbttJK4GPkaHeiMW/view?usp=drivesdk,null,
492,Gastronomía ,Gh-pal37,-12.070942193874,-77.0817276835422,Palmera Real,Roystonea regia,Palmera,1,https://drive.google.com/file/d/1jpfWu_Ovr_wsB10W3FUnEzhWs3m7FFEQ/view?usp=drivesdk,null,
493,Gastronomía ,Gh-pal38,-12.0709008838535,-77.0817156136022,Palmera Real,Roystonea regia,Palmera,1,https://drive.google.com/file/d/1He4MAOm0o_upeb4TYrvg90TenYxztuMd/view?usp=drivesdk,null,
494,Gastronomía ,Gh-pal39,-12.070862849586,-77.0817015320046,Palmera Real,Roystonea regia,Palmera,1,https://drive.google.com/file/d/1imIMwEGbpm6dtEZMl2NycfEO-4IeSDYO/view?usp=drivesdk,null,
495,Gastronomía ,Gh-pal40,-12.0708525,-77.0816788,Palmera Real,Roystonea regia,Palmera,1,https://drive.google.com/file/d/1wrVd-jzinWY9icPUS4k4tBy2XYxCftVX/view?usp=drivesdk,null,
496,Gastronomía ,Gh-pal41,-12.0709854633488,-77.0816901326161,Palmera Real,Roystonea regia,Palmera,1,https://drive.google.com/file/d/1pOx9nzrBykbNeXJJiLgcgsTGMKVgAW1Z/view?usp=drivesdk,null,
497,Gastronomía ,Gh-pal42,-12.0709539897625,-77.0816753804658,Palmera Real,Roystonea regia,Palmera,1,https://drive.google.com/file/d/11pkc_rOKlEqMoJx8tDqYQkHASVFA9PpD/view?usp=drivesdk,null,
498,Gastronomía ,Gh-pal43,-12.0709228367673,-77.0816619694192,Palmera Real,Roystonea regia,Palmera,1,https://drive.google.com/file/d/1gidWBai78l_n6Pu7Uh66onVjZ8USbNeK/view?usp=drivesdk,null,
499,Gastronomía ,Gh-pal44,-12.0708782437165,-77.0816415175769,Palmera Real,Roystonea regia,Palmera,1,https://drive.google.com/file/d/1yB6vras4BI7FM9fk78REZ4mKO2iFtvuG/view?usp=drivesdk,null,
500,Gastronomía ,Gh-pal45,-12.0708444755246,-77.0816274359807,Palmera Real,Roystonea regia,Palmera,1,https://drive.google.com/file/d/1bi6itvgdLVVq5wB803OFeRitBPMPtsxM/view?usp=drivesdk,null,
501,Gastronomía ,Gh-pal46,-12.0708067750344,-77.081612348559,Palmera Real,Roystonea regia,Palmera,1,https://drive.google.com/file/d/19JsSMw3Ldhdb0ZMEVEOjDVHD3sseYLYO/view?usp=drivesdk,null,
502,Gastronomía ,Gh-pal47,-12.0709910266098,-77.0816522464139,Palmera Real,Roystonea regia,Palmera,1,https://drive.google.com/file/d/1r5I5lkITK8f_3fKq3JZl5IUGR7Z_8kKa/view?usp=drivesdk,null,
503,Gastronomía ,Gh-pal48,-12.0709595531138,-77.0816391706434,Palmera Real,Roystonea regia,Palmera,1,https://drive.google.com/file/d/1d8PQLf7_h0Qq0CPRMHZ3s3ZGz-F2eiuZ/view?usp=drivesdk,null,
504,Gastronomía ,Gh-pal49,-12.0709234874684,-77.0816291123597,Palmera Real,Roystonea regia,Palmera,1,https://drive.google.com/file/d/1_xrlKJDENU2JNHfrv4u9x_VpHEn8kWrm/view?usp=drivesdk,null,
505,Gastronomía ,Gh-pal50,-12.070883481988,-77.0816093310676,Palmera Real,Roystonea regia,Palmera,1,https://drive.google.com/file/d/1wa3Ezl1OCfcRGDrem0wdsk0FwZKSzcJ4/view?usp=drivesdk,null,
506,Gastronomía ,Gh-pal51,-12.0708510202242,-77.0816006138883,Palmera Real,Roystonea regia,Palmera,1,https://drive.google.com/file/d/1uvTxIKzI2qvvrizMBH9pZSdVOonJfZ0S/view?usp=drivesdk,null,
507,Gastronomía ,Gh-pal52,-12.0708185624045,-77.08158753812,Palmera Real,Roystonea regia,Palmera,1,https://drive.google.com/file/d/17qIT2JInmKHx9rm_ev74A-Zw7XRQ4t1H/view?usp=drivesdk,null,
508,Gastronomía ,Gh-pal53,-12.0710015174154,-77.0816110074451,Palmera Real,Roystonea regia,Palmera,1,https://drive.google.com/file/d/1ktEzJdHCuZVBgSkmbO9TYrjtUefsC1Ra/view?usp=drivesdk,null,
509,Gastronomía ,Gh-pal54,-12.0709628484331,-77.0816019549942,Palmera Real,Roystonea regia,Palmera,1,https://drive.google.com/file/d/1tpr-0vMrForv6xpTmvNX4FEmX4booLAD/view?usp=drivesdk,null,
510,Gastronomía ,Gh-pal55,-12.0709293947451,-77.0815905556016,Palmera Real,Roystonea regia,Palmera,1,https://drive.google.com/file/d/1TXP0Vs_1MuzylhfZ5nAaYkdntAA35b1n/view?usp=drivesdk,null,
511,Gastronomía ,Gh-pal56,-12.0708962823753,-77.0815804973171,Palmera Real,Roystonea regia,Palmera,1,https://drive.google.com/file/d/11iHrNVf-dJcdchACm6SKSn9cl0Etfqxa/view?usp=drivesdk,null,
512,Gastronomía ,Gh-pal57,-12.0708589011415,-77.0815701037576,Palmera Real,Roystonea regia,Palmera,1,https://drive.google.com/file/d/1GxSQgZA1363FqfQEGF-fF_0Egt_yrrli/view?usp=drivesdk,null,
513,Gastronomía ,Gh-pal58,-12.0708320056898,-77.0815603807504,Palmera Real,Roystonea regia,Palmera,1,https://drive.google.com/file/d/1eBgAeexSVGX1QU_DSneSxYsSbaB9yKrm/view?usp=drivesdk,null,
514,Gastronomía ,Gh-pal59,-12.0709775793844,-77.0815657451745,Palmera Real,Roystonea regia,Palmera,1,https://drive.google.com/file/d/103_7N_Sw8R-2QVQJIzicxwDRCXZhS7mM/view?usp=drivesdk,null,
515,Gastronomía ,Gh-pal60,-12.0709493862214,-77.0815620571347,Palmera Real,Roystonea regia,Palmera,1,https://drive.google.com/file/d/1bt3EHpWWBd-LoPO8oF-b8Mm0D1n9KT_T/view?usp=drivesdk,null,
516,Gastronomía ,Gh-pal61,-12.0709139782747,-77.0815530046795,Palmera Real,Roystonea regia,Palmera,1,https://drive.google.com/file/d/1ydp8Gl9oyB4RlPsEePMVRz_piGwAjo4V/view?usp=drivesdk,null,
517,Gastronomía ,Gh-pal62,-12.0708801927694,-77.0815479755394,Palmera Real,Roystonea regia,Palmera,1,https://drive.google.com/file/d/1Pgqm9CRd6fmM74emXJ7rUKV_rM42DZpe/view?usp=drivesdk,null,
518,Gastronomía ,Gh-pal63,-12.0708526773062,-77.0815392583609,Palmera Real,Roystonea regia,Palmera,1,https://drive.google.com/file/d/1Jk77eVgT3rS1KC3FXytYZxPf8mJVcnRI/view?usp=drivesdk,null,
519,Gastronomía ,Gh-pal64,-12.0708284166032,-77.0815335586679,Palmera Real,Roystonea regia,Palmera,1,https://drive.google.com/file/d/1YM54cSt1KSfjROMA9T2L0ZnG6VoFL9uL/view?usp=drivesdk,null,
520,Gastronomía ,Gh-pal65,-12.0709280935223,-77.0815221592763,Palmera Real,Roystonea regia,Palmera,1,https://drive.google.com/file/d/1bpViuF-mkB5Tppe1MXGLPfY4TM6EkXi7/view?usp=drivesdk,null,
521,Gastronomía ,Gh-pal66,-12.0709113663177,-77.0815178006855,Palmera Real,Roystonea regia,Palmera,1,https://drive.google.com/file/d/1MZMiM6851-MQ-yLBfngC6b8dSmARZfex/view?usp=drivesdk,4323,
522,Gastronomía ,Gh-pal67,-12.0708867708477,-77.0815164595814,Palmera Real,Roystonea regia,Palmera,1,https://drive.google.com/file/d/1kKx6kx5r0Izwj988NYxJseEa7ymXyoLq/view?usp=drivesdk,null,
523,Gastronomía ,Gh-pal68,-12.0708579259869,-77.0815100893358,Palmera Real,Roystonea regia,Palmera,1,https://drive.google.com/file/d/1L-YICuXqyYItkO856zxLYUpwmMYImzEw/view?usp=drivesdk,null,
524,Gastronomía ,Gh-pal69,-12.0709658,-77.0815217,Palmera Real,Roystonea regia,Palmera,1,https://drive.google.com/file/d/1Uoq5smggQvcn4TG9cN9mMRJAqgLPvJBT/view?usp=drivesdk,null,
525,Rivaguero,rivag1,-12.0687345,-77.0813246,Sakura ,Prunus serrulata,Árbol,1,https://drive.google.com/file/d/1UHRnxggyxwuQrta_x6yNZdZLBDqHv3GR/view?usp=drivesdk,,
526,Rivaguero,rivag2,-12.0688362,-77.0813398,Sakura ,Prunus serrulata,Árbol,1,https://drive.google.com/file/d/1CQ4zApErx3TkRuaSM5yF4DuRcTI_BlVr/view?usp=drivesdk,,
527,Rivaguero,rivag3,-12.0689631,-77.08138,Sakura ,Prunus serrulata,Árbol,1,https://drive.google.com/file/d/1PS0C-yThkUV732FwTLsQwSWSSuBlz9vz/view?usp=drivesdk,,
528,Rivaguero,rivag4,-12.0689966423403,-77.0813897252058,Sakura ,Prunus serrulata,Árbol,1,https://drive.google.com/file/d/1llzuqgJhIBhJLtz86LL_VhMzyPZ6W4Ry/view?usp=drivesdk,,
529,Rivaguero,rivag5,-12.069350073964,-77.0814423635592,Palmera Real,Roystonea regia,Palmera,1,https://drive.google.com/file/d/1D6NaNSXuWLMGcTXhMsqt-2kdTOS_WZH8/view?usp=drivesdk,,
530,Rivaguero,rivag6,-12.0693559628806,-77.0814899727695,Sakura ,Prunus serrulata,Árbol,1,https://drive.google.com/file/d/1N2XRjTYE3FpB2ekeulE0BYa8A3MdGkfk/view?usp=drivesdk,,
531,Rivaguero,rivag7,-12.0693858086363,-77.0814390107999,Palmera Real,Roystonea regia,Palmera,1,https://drive.google.com/file/d/1EuH1ohg1bgzrbB5D3khGq-sXfF3abluJ/view?usp=drivesdk,,
532,Rivaguero,rivag8,-12.0694608784674,-77.0815221592764,Sakura ,Prunus serrulata,Árbol,1,https://drive.google.com/file/d/15QmalT9boix6bioJKIv-aWDjoiXaBDEf/view?usp=drivesdk,,
533,Rivaguero,rivag9,-12.0694661296878,-77.0814960077372,Palmera Real,Roystonea regia,Palmera,1,https://drive.google.com/file/d/1e7ZtdqtRxcYZ4L1xfL8bnGfAZ1520-hp/view?usp=drivesdk,,
534,Rivaguero,rivag10,-12.0695451389873,-77.0814829319734,Palmera Real,Roystonea regia,Palmera,1,https://drive.google.com/file/d/1f3w2FbqNNM27ei1SV2wCuY9qIfj2qG4J/view?usp=drivesdk,,
535,Rivaguero,rivag11,-12.0695582,-77.0815156,Palmera Real,Roystonea regia,Palmera,1,https://drive.google.com/file/d/1KJ7mpTV4J_7fv1maz73telsbyMQ3FSlV/view?usp=drivesdk,,
536,Rivaguero,rivag12,-12.0695756475399,-77.0815473049875,Sakura ,Prunus serrulata,Árbol,1,https://drive.google.com/file/d/15U4ivlt-9h8SPiqgskE5jeU6bMZWLqaj/view?usp=drivesdk,,
537,Rivaguero,rivag13,-12.0695891068595,-77.081523835657,Palmera Real,Roystonea regia,Palmera,1,https://drive.google.com/file/d/15lg4RHrJeTcJYk2Hw8AfS5D329nK1LRS/view?usp=drivesdk,,
538,Rivaguero,rivag14,-12.0696936764547,-77.0815791562152,Palmera Real,Roystonea regia,Palmera,1,https://drive.google.com/file/d/1qg4htcB1Kxdpn__zYYp8QjXdvGSFO_7L/view?usp=drivesdk,,
539,Rivaguero,rivag15,-12.0696946655218,-77.0815986022314,Sakura ,Prunus serrulata,Árbol,1,https://drive.google.com/file/d/1vxPIgTqwbbWCpy0lc900bSktANX6xiLA/view?usp=drivesdk,,
540,Rivaguero,rivag16,-12.069725808251,-77.0815848559117,Palmera Real,Roystonea regia,Palmera,1,https://drive.google.com/file/d/1g3B3ZvEMKeGntrJ0okE00f2E4K5HgxEZ/view?usp=drivesdk,,
541,Rivaguero,rivag17,-12.0697310555181,-77.0816066488584,Sakura ,Prunus serrulata,Árbol,1,https://drive.google.com/file/d/15HWGiYYe6inWVYqJHTWxAcY7ckhm3g9B/view?usp=drivesdk,,
542,Rivaguero,rivag18,-12.0697785950529,-77.081601954994,Palmera Real,Roystonea regia,Palmera,1,https://drive.google.com/file/d/1fSwZn5HHskRVxlSE2ZlZFkWqqSMfbIWY/view?usp=drivesdk,,
543,Rivaguero,rivag19,-12.0697785948735,-77.0816207304567,Sakura ,Prunus serrulata,Árbol,1,https://drive.google.com/file/d/1TYOupVBYvWNz8eD20PnLoT6Ipk0fY3Xo/view?usp=drivesdk,,
544,Rivaguero,rivag20,-12.0698194,-77.0816193,Palmera Real,Roystonea regia,Palmera,1,https://drive.google.com/file/d/1aHbpp1OUkDpzWSWqwHQ4LJ0THFljLHFN/view?usp=drivesdk,,
545,Rivaguero,rivag21,-12.0698274496259,-77.0816354826077,Sakura ,Prunus serrulata,Árbol,1,https://drive.google.com/file/d/1VOLGwUNXmuEuxwfnu6t1yAvjyBgzzpHt/view?usp=drivesdk,,
546,Rivaguero,rivag22,-12.069874,-77.0816266,Palmera Real,Roystonea regia,Palmera,1,https://drive.google.com/file/d/1VcS6G4V2gpvq4c66sHFPiDdnoW-37SY0/view?usp=drivesdk,,
547,Rivaguero,rivag23,-12.0698772829373,-77.0816512405854,Sakura ,Prunus serrulata,Árbol,1,https://drive.google.com/file/d/1eivuDq7Wjw15E7QmToOyPlVs61XQjtt7/view?usp=drivesdk,,
548,Rivaguero,rivag24,-12.0699264,-77.081629,Palmera Real,Roystonea regia,Palmera,1,https://drive.google.com/file/d/158s98AmiiHaHFAF8qZR8KaPaGApPOI-a/view?usp=drivesdk,,
549,Rivaguero,rivag25,-12.069977594852,-77.0816794037787,Sakura ,Prunus serrulata,Árbol,1,https://drive.google.com/file/d/1tM3JDQg6H333U5a59rZNZ0AMgGLOt_JZ/view?usp=drivesdk,,
550,Rivaguero,rivag26,-12.0699789201271,-77.0816317945733,Palmera Real,Roystonea regia,Palmera,1,https://drive.google.com/file/d/1td04mZarSLUL9FW2ToOMvxlRwIYLtuUg/view?usp=drivesdk,,
551,Rivaguero,rivag27,-12.0700320156307,-77.0816988497955,Sakura ,Prunus serrulata,Árbol,1,https://drive.google.com/file/d/1OgdzQtj5qkqpCPScyX2xkIntcUM0BhOI/view?usp=drivesdk,,
552,Rivaguero,rivag28,-12.0700313739004,-77.0816452056188,Palmera Real,Roystonea regia,Palmera,1,https://drive.google.com/file/d/1HEC4DhLozhKjdJWYXG5ww3TTU9b3KVTg/view?usp=drivesdk,,
553,Rivaguero,rivag29,-12.0701533470316,-77.081678733229,Palmera Real,Roystonea regia,Palmera,1,https://drive.google.com/file/d/1co_37dpfkLftP2PlwBxr744gtw4rd7nd/view?usp=drivesdk,,
554,Rivaguero,rivag30,-12.0701861235535,-77.0817454531748,Sakura ,Prunus serrulata,Árbol,1,https://drive.google.com/file/d/1v61fUDXI-iza8qC5R_4IWVydxJc-9gz1/view?usp=drivesdk,,
555,Rivaguero,rivag31,-12.0702044835725,-77.0816914737235,Palmera Real,Roystonea regia,Palmera,1,https://drive.google.com/file/d/1V1QkN8pf8_aUmJUMq7Grek-hyClX4SKB/view?usp=drivesdk,,
556,Rivaguero,rivag32,-12.0702451306148,-77.0817719399883,Sakura ,Prunus serrulata,Árbol,1,https://drive.google.com/file/d/1erYNX-2jdO4PQqsPLBqymuJOoXNdC8ry/view?usp=drivesdk,,
557,Rivaguero,rivag33,-12.0702582519872,-77.0817109197387,Palmera Real,Roystonea regia,Palmera,1,https://drive.google.com/file/d/1UOjgqTUycQlR_tkRY2AbqeeB-XrI6_-H/view?usp=drivesdk,,
558,Rivaguero,rivag34,-12.0702858,-77.0817862,Sakura ,Prunus serrulata,Árbol,1,https://drive.google.com/file/d/1XGs18tjzc1XwGFMeNdx4xV0ZW6v2jEqY/view?usp=drivesdk,,
559,Rivaguero,rivag35,-12.0702975994107,-77.0817256718903,Palmera Real,Roystonea regia,Palmera,1,https://drive.google.com/file/d/1sFnKr3gfF5l-8SVlhI1bL-Frk1SoGSfp/view?usp=drivesdk,,
560,Rivaguero,rivag36,-12.0703343179964,-77.0818027853937,Sakura ,Prunus serrulata,Árbol,1,https://drive.google.com/file/d/1h2moz9AB9pJjM7EIA6cG8HvWds-kIdUD/view?usp=drivesdk,,
561,Rivaguero,rivag37,-12.0703880815396,-77.0817880332464,Palmera Real,Roystonea regia,Palmera,1,https://drive.google.com/file/d/1_l9VllS852Jdo7yHWdLOfxoKfefpzUC7/view?usp=drivesdk,,
562,Rivaguero,rivag38,-12.0703979178081,-77.0818302780342,Sakura ,Prunus serrulata,Árbol,1,https://drive.google.com/file/d/1Q4REC9MQ-YsjlWnxnyQyq2jAJyZca5Cs/view?usp=drivesdk,,
563,Rivaguero,rivag39,-12.070735634017,-77.0819335430848,Sakura ,Prunus serrulata,Árbol,1,https://drive.google.com/file/d/1XGleclC3SPTU3Qby2JdGOzefQalWEBXb/view?usp=drivesdk,,
564,Rivaguero,rivag40,-12.0707752,-77.0819499,Sakura ,Prunus serrulata,Árbol,1,https://drive.google.com/file/d/1m3lpBFTCjSGRaX1OxwUMvmRGW-Gu_KW-/view?usp=drivesdk,,
565,Rivaguero,rivag41,-12.0708399,-77.0819709,Sakura ,Prunus serrulata,Árbol,1,https://drive.google.com/file/d/1HY0yEeJhRoq_tclfmnwtPSmLGjvIqlPw/view?usp=drivesdk,,
566,Rivaguero,rivag42,-12.0709043,-77.0819851,Sakura ,Prunus serrulata,Árbol,1,https://drive.google.com/file/d/1RnIw8MrsilmavjGJWn1Co3nLEEwQVbZL/view?usp=drivesdk,,
567,Rivaguero,rivag43,-12.0710215198334,-77.0819771289862,Palmera Real,Roystonea regia,Palmera,1,https://drive.google.com/file/d/10pcfgFbI5uUCVmsQ6C4LTHYQA7hTAeML/view?usp=drivesdk,,
568,Rivaguero,rivag44,-12.0710457,-77.0819858,Palmera Real,Roystonea regia,Palmera,3,https://drive.google.com/file/d/1C3gGJfHjzXVKq0YSwUvKRI1jKCKgyJVN/view?usp=drivesdk,,
569,Rivaguero,rivag45,-12.0710654661975,-77.082044184204,Sakura ,Prunus serrulata,Árbol,1,https://drive.google.com/file/d/1M3qvCbxE9PoOPWkxXJtSLF-rgXT8FFC4/view?usp=drivesdk,,
570,Rivaguero,rivag46,-12.0710958,-77.0820149,Palmera Real,Roystonea regia,Palmera,1,https://drive.google.com/file/d/1uMd0Yh23PlaPcl5LkqlRzyFYW1HMLBka/view?usp=drivesdk,,
571,Rivaguero,rivag47,-12.0711564,-77.0820215,Palmera Real,Roystonea regia,Palmera,1,https://drive.google.com/file/d/15RTXJPLn0ZlKluN6hGinEzcnTskGphf0/view?usp=drivesdk,,
572,Rivaguero,rivag48,-12.0713375999175,-77.0821394026279,Sakura ,Prunus serrulata,Árbol,1,https://drive.google.com/file/d/1orzDosL2XMHUNoXy0hlefSaFWdtSsgGY/view?usp=drivesdk,,
573,Rivaguero,rivag49,-12.0713788843918,-77.0821018517003,Palmera Real,Roystonea regia,Palmera,1,https://drive.google.com/file/d/1dvRfKXSJgy2nresYKaEodF9Q06B3nA9s/view?usp=drivesdk,,
574,Rivaguero,rivag50,-12.0713537,-77.0820999,Sakura ,Prunus serrulata,Árbol,1,https://drive.google.com/file/d/1qBIxmwvFLnyx3KDI0lFriCVvOmbdZw_G/view?usp=drivesdk,,
575,Rivaguero,rivag51,-12.0714093,-77.0821005,Palmera Real,Roystonea regia,Palmera,1,https://drive.google.com/file/d/1JrejDyrcVAf465EGsnbPRUDbaERbSU9L/view?usp=drivesdk,,
576,Rivaguero,rivag52,-12.0714312,-77.0821286,Sakura ,Prunus serrulata,Árbol,1,https://drive.google.com/file/d/19WI3KCvenUqvVzctYf_KDQ3XEX5xvI5M/view?usp=drivesdk,,
577,Rivaguero,rivag53,-12.071451,-77.0821221,Palmera Real,Roystonea regia,Palmera,1,https://drive.google.com/file/d/1JEEzA0Fwb9-C9SWy8TsDWJkwRdMAQpTl/view?usp=drivesdk,,
578,Rivaguero,rivag54,-12.0714876,-77.0821531,Sakura ,Prunus serrulata,Árbol,1,https://drive.google.com/file/d/1Yz7g_AFyUhNvAnOjP_OZwdZgj9q2u36s/view?usp=drivesdk,,
579,Rivaguero,rivag55,-12.0714824,-77.0821481,Palmera Real,Roystonea regia,Palmera,1,https://drive.google.com/file/d/1Z4xzG_ldeESJ6LxyvsJyoLX5bj9k5L2e/view?usp=drivesdk,,
580,Rivaguero,rivag56,-12.0715046,-77.0821465,Sakura ,Prunus serrulata,Árbol,1,https://drive.google.com/file/d/1wvqK49QOBZGsUMUV2z9vIPBYbcdgZx0y/view?usp=drivesdk,,
581,Rivaguero,rivag57,-12.0715586,-77.0821256,Palmera Real,Roystonea regia,Palmera,1,https://drive.google.com/file/d/1E05pjcV4kkLbi3O1ZQ-Bwvq9KohtmJCk/view?usp=drivesdk,,
582,Rivaguero,rivag58,-12.0715697189293,-77.0822191983423,Sakura ,Prunus serrulata,Árbol,1,https://drive.google.com/file/d/1DIbB3harCmov4OXkU8HS0h3WI0_sUBvi/view?usp=drivesdk,,
583,Rivaguero,rivag59,-12.0716162,-77.0821493,Palmera Real,Roystonea regia,Palmera,1,https://drive.google.com/file/d/1gMC1Q92l3HPRGZlvoNdxc456nk8ABTrg/view?usp=drivesdk,,
584,Rivaguero,rivag60,-12.0716136492315,-77.0822259038633,Sakura ,Prunus serrulata,Árbol,1,https://drive.google.com/file/d/1nxSZXJlDBzHLbz2zNQPqY9A5a3dfFDZK/view?usp=drivesdk,,
585,Rivaguero,rivag61,-12.071643,-77.0822141,Palmera Real,Roystonea regia,Palmera,1,https://drive.google.com/file/d/14I3R5kBnrNm4uvocHa-LjZ7MjRj7Zsyx/view?usp=drivesdk,,
586,Rivaguero,rivag62,-12.0715241,-77.0820419,Palmera botella,Hyophorbe lagenicaulis,Palmera,1,https://drive.google.com/file/d/19_vEp8I3UazCd5b34eOHZ62cwKmD4OjJ/view?usp=drivesdk,,
587,Rivaguero,rivag63,-12.0722264,-77.0824543,Ponciana,Delonix regia,Árbol,1,https://drive.google.com/file/d/1NfNPtT4A_gXnLXwrY8QxyliG1et5CEno/view?usp=drivesdk,,
588,Rivaguero,rivag64,-12.071334,-77.082097,Palmera Real,Roystonea regia,Palmera,1,https://drive.google.com/file/d/1oLa3utLFPpV2ev3Cqx95XRhju2BFPQPa/view?usp=drivesdk,,
589,Rivaguero,Po 1,-12.0721874081058,-77.0825457572937,Ponciana,Delonix regia,Árbol,1,https://drive.google.com/file/d/1LxVdFTzu3VMbSx010nMXmrw4dHoX-ccW/view?usp=drivesdk,,
590,Rivaguero,Po 2,-12.0721155,-77.0825167,Ponciana,Delonix regia,Árbol,1,https://drive.google.com/file/d/1YiUX70Cx8XifEesn8I2fDrua-saDFUD3/view?usp=drivesdk,,
591,Rivaguero,Po 3,-12.0720641343239,-77.0824988186359,Ponciana,Delonix regia,Árbol,1,https://drive.google.com/file/d/1WQi9UGu4-aG5FNBzMEqWPw6TVk0HA9-g/view?usp=drivesdk,,
592,Rivaguero,Po 4,-12.0720064421572,-77.0824746787548,Ponciana,Delonix regia,Árbol,1,https://drive.google.com/file/d/1X8l6oNFn6QFmOPTRKihW2xq-8xQ19E34/view?usp=drivesdk,,
593,Rivaguero,Po 5,-12.0719526749899,-77.0824626088142,Ponciana,Delonix regia,Árbol,1,https://drive.google.com/file/d/10iicnRoAnXaaoWBfcK955yM-Zpgx93hl/view?usp=drivesdk,,
594,Rivaguero,Po 6,-12.0718765963441,-77.0824384689331,Ponciana,Delonix regia,Árbol,1,https://drive.google.com/file/d/15VxXfK4wfcluHqcf9sDd8J8fA3OOPN8d/view?usp=drivesdk,,
595,Rivaguero,Po 7,-12.071813642559,-77.08241969347,Ponciana,Delonix regia,Árbol,1,https://drive.google.com/file/d/1lwtWaNQ6IfG2_auGxdFStlHKCNXBrnt4/view?usp=drivesdk,,
596,Rivaguero,Po 8,-12.0717638096968,-77.0824022591114,Ponciana,Delonix regia,Árbol,1,https://drive.google.com/file/d/1Mf1dmESkhUR0uTIL4VNhsrN7mINrrlhm/view?usp=drivesdk,,
597,Rivaguero,Po 9,-12.0716835,-77.0823729,Ponciana,Delonix regia,Árbol,1,https://drive.google.com/file/d/1g_iPiFnn1svwyshu88n2co07UOZM1B2Z/view?usp=drivesdk,,
598,Rivaguero,Po 10,-12.0716247997728,-77.0823593437671,Ponciana,Delonix regia,Árbol,1,https://drive.google.com/file/d/1GgzJkKmTcR90GOXZC9s6AAHCGFkT9nxT/view?usp=drivesdk,,
599,Rivaguero,Po 11,-12.0715080811836,-77.0823217928409,Ponciana,Delonix regia,Árbol,1,https://drive.google.com/file/d/11guGwafK7s4bp1mmXT1dC9fbMUt-F-YA/view?usp=drivesdk,,
600,Rivaguero,Po 12,-12.0714503827975,-77.0823030173778,Ponciana,Delonix regia,Árbol,1,https://drive.google.com/file/d/1FWh9oCRj9-6fduyZQunvhO-gnDyDBQqo/view?usp=drivesdk,,
601,Rivaguero,Po 13,-12.0713926678936,-77.0822761952877,Ponciana,Delonix regia,Árbol,1,https://drive.google.com/file/d/1JWG2O5Pd8D7_MmG74joIP7VTSgkwK0dj/view?usp=drivesdk,,
602,Rivaguero,Po 14,-12.0713362812913,-77.0822574198246,Ponciana,Delonix regia,Árbol,1,https://drive.google.com/file/d/16-jz9aG375G0ZsX91ylMwqpaV1antNXx/view?usp=drivesdk,,
603,Rivaguero,Po 15,-12.0712694023573,-77.0822359621524,Ponciana,Delonix regia,Árbol,1,https://drive.google.com/file/d/1REd3oSqmOki1rrvfvYp3JU1lQJUoNgBr/view?usp=drivesdk,,
604,Rivaguero,Po 16,-12.0712143196447,-77.0822064578533,Ponciana,Delonix regia,Árbol,1,https://drive.google.com/file/d/156Xo5_ze07LYB-NBJod2O3VBi0javLwV/view?usp=drivesdk,,
605,Rivaguero,Po 17,-12.0711487467491,-77.0821876823902,Ponciana,Delonix regia,Árbol,1,https://drive.google.com/file/d/1i4RwkcQU-d6F3xX8CA8xEf2NB1f_jMTA/view?usp=drivesdk,,
606,Rivaguero,Po 18,-12.0710857935105,-77.0821715891361,Ponciana,Delonix regia,Árbol,1,https://drive.google.com/file/d/1ki01kJkU6VSQ7R316ZKKkBCY8AlVnppC/view?usp=drivesdk,,
607,Rivaguero,Po 19,-12.0710123554621,-77.0821514725685,Ponciana,Delonix regia,Árbol,1,https://drive.google.com/file/d/1Y6VvN5WGkd3OxdXNd4T9NzWTFgqnFdeT/view?usp=drivesdk,,
608,Pista de Salud,SA-01,-12.0663474773328,-77.0781442523002,Kurrajong,Brachychiton populneus,Árbol,1,https://drive.google.com/file/d/1aLo6VDoQZ4q8zoVN8XopWrvWdryfGs7B/view?usp=drivesdk,null,
609,Pista de Salud,SA-02,-12.066226824173,-77.0781630277633,Kurrajong,Brachychiton populneus,Árbol,1,https://drive.google.com/file/d/1uhqmM7ttyRkCfCigorBJcmk5NrpmoJvc/view?usp=drivesdk,null,
610,Pista de Salud,SA-03,-12.0661325,-77.0781534,Tipa,Tipuana tipu,Árbol,1,https://drive.google.com/file/d/1YNOHBusWBD_uMb9HZVxKGBNCeMvW9Aoe/view?usp=drivesdk,5933,Floración temprana 
611,Pista de Salud,SA-04,-12.0659884,-77.0781802,Tipa,Tipuana tipu,Árbol,1,https://drive.google.com/file/d/1QCbpAjNUuXvU8Zma1QXkUsYYSPucdBX1/view?usp=drivesdk,null,
612,Pista de Salud,SA-05,-12.0658392,-77.0781879,Tipa,Tipuana tipu,Árbol,1,https://drive.google.com/file/d/1LY8tYpDBAVBfSnhzboecJUMsEy_frFpL/view?usp=drivesdk,null,
613,Pista de Salud,SA-06,-12.0657656,-77.0781786,Tipa,Tipuana tipu,Árbol,1,https://drive.google.com/file/d/1LglDSUNBpI_ficSGh8Rkt-rQYg0UKzgs/view?usp=drivesdk,null,
614,Pista de Salud,SA-07,-12.0656911,-77.0782209,Tipa,Tipuana tipu,Árbol,1,https://drive.google.com/file/d/1gUHrgSVbacNQRrffY3-uW10Mw6CDgYW1/view?usp=drivesdk,null,
615,Pista de Salud,SA-08,-12.0656130689722,-77.0782180130497,Ficus benjamina,Ficus benjamina L.,Árbol,1,https://drive.google.com/file/d/1tbssgu4O-XQdrF-XGZW2Hv8Cu2LV6odN/view?usp=drivesdk,null,
616,Pista de Salud,SA-09,-12.0655182,-77.0782367,Ficus benjamina,Ficus benjamina L.,Árbol,1,https://drive.google.com/file/d/1UzlqjLitneRYIJZJ0wiDPCSAg8MzMIds/view?usp=drivesdk,5944,
617,Pista de Salud,SA-10,-12.0654918,-77.0782394,Ficus benjamina,Ficus benjamina L.,Árbol,1,https://drive.google.com/file/d/1feW04vSLW67prrCBG3DfCH2Hu9ZcAIp5/view?usp=drivesdk,null,
618,Pista de Salud,SA-11,-12.0653541,-77.0782279,Ficus benjamina,Ficus benjamina L.,Árbol,1,https://drive.google.com/file/d/10c-6uZvqzeUn3eLuCKKMgeqzx82eszFd/view?usp=drivesdk,null,
619,Pista de Salud,SA-12,-12.0652947,-77.0782579,Ficus benjamina,Ficus benjamina L.,Árbol,1,https://drive.google.com/file/d/1_6i4yOnFnCBHC6zJuej--lW11aiHOwJc/view?usp=drivesdk,null,
620,Pista de Salud,SA-13,-12.0652209,-77.0782633,Ficus benjamina,Ficus benjamina L.,Árbol,1,https://drive.google.com/file/d/1Bsj0BOn9RBVinv9W_0h0O20MQfyRUwED/view?usp=drivesdk,null,
621,Pista de Salud,SA-14,-12.0651815722667,-77.0782823860667,Tipa,Tipuana tipu,Árbol,1,https://drive.google.com/file/d/1RHeLkqEjh6Qo6emNVzUzBEUvijQ1EKUk/view?usp=drivesdk,null,
622,Pista de Salud,SA-15,-12.0651369787093,-77.0782917737988,Ficus benjamina,Ficus benjamina L.,Árbol,1,https://drive.google.com/file/d/17i4Mg3HqGeWTpPFQnZKh2mtqtvJiAzHm/view?usp=drivesdk,5954,
623,Pista de Salud,SA-16,-12.0650635408247,-77.0783078670501,Tipa,Tipuana tipu,Árbol,1,https://drive.google.com/file/d/1qrmjzBNwvuW7nQf6SeC6z2UJSU_2O6Nu/view?usp=drivesdk,null,
624,Pista de Salud,SA-17,-12.0650386187437,-77.0783199369907,Ficus benjamina,Ficus benjamina L.,Árbol,1,https://drive.google.com/file/d/1Or7Bt6EFTeT5ixdxRa9Y5_bvhGe_N2Xw/view?usp=drivesdk,null,
625,Pista de Salud,SA-18,-12.0650129,-77.0783202,Tipa,Tipuana tipu,Árbol,1,https://drive.google.com/file/d/1DD698bdKF-zXpKgLbugO0yB0amgiOSsz/view?usp=drivesdk,null,
626,Pista de Salud,SA-19,-12.064965,-77.0783317,Ficus benjamina,Ficus benjamina L.,Árbol,1,https://drive.google.com/file/d/1GmLMsOdDVos6QflnhmJatSeIubpoybqJ/view?usp=drivesdk,null,
627,Pista de Salud,SA-20,-12.0649411,-77.0783216,Tipa,Tipuana tipu,Árbol,1,https://drive.google.com/file/d/1SkKyexBPnNFYxdzJg2kXDUcKsVnJryGx/view?usp=drivesdk,null,
628,Pista de Salud,SA-21,-12.0649009,-77.0783383,Ficus benjamina,Ficus benjamina L.,Árbol,1,https://drive.google.com/file/d/1nlIeXaxxvT_qrAJhLAMGsSrbOokK6VwJ/view?usp=drivesdk,null,
629,Pista de Salud,SA-22,-12.0648629437897,-77.0783346891372,Tipa,Tipuana tipu,Árbol,1,https://drive.google.com/file/d/13gA0Sdfl-iVgIrL4O7ueV-MzV0Fou9-2/view?usp=drivesdk,null,
630,Pista de Salud,SA-23,-12.0644353437148,-77.0785023272037,Ficus benjamina,Ficus benjamina L.,Árbol,1,https://drive.google.com/file/d/1fRlzbAwjNytytqNZR8Fy3_OZ2N5aiafN/view?usp=drivesdk,null,
631,Pista de Salud,SA-24,-12.0644340322311,-77.0785345137119,Tipa,Tipuana tipu,Árbol,1,https://drive.google.com/file/d/1mrDE8ed9U8KoyUMhQv2-ufAhE-dnycVn/view?usp=drivesdk,null,
632,Pista de Salud,SA-25,-12.0644248554328,-77.0785747468471,Ficus benjamina,Ficus benjamina L.,Árbol,1,https://drive.google.com/file/d/12HKmopaFF72XDT3YD3iELnymCXz-7dSs/view?usp=drivesdk,null,
633,Pista de Salud,SA-26,-12.0644248496917,-77.0786230266094,Tipa,Tipuana tipu,Árbol,1,https://drive.google.com/file/d/1yCDDzA6GOEjzH8FZ2ktm8RzXwmPglrzg/view?usp=drivesdk,null,
634,Pista de Salud,SA-27,-12.0644411,-77.0786795,Ficus benjamina,Ficus benjamina L.,Árbol,1,https://drive.google.com/file/d/1QULgcy8M0We9Aeie1zNcLoZyZbMhvERa/view?usp=drivesdk,null,
635,Pista de Salud,SA-28,-12.0644471391743,-77.0787048339843,Tipa,Tipuana tipu,Árbol,1,https://drive.google.com/file/d/1d4eD0jDFc79aRTgfa_DtY5r4J7WxrPMP/view?usp=drivesdk,null,
636,Pista de Salud,SA-29,-12.064453701975,-77.07873031497,Ficus benjamina,Ficus benjamina L.,Árbol,1,https://drive.google.com/file/d/1BKfz60KFDOWYNbVWYep7z18w0S4z-yrW/view?usp=drivesdk,null,
637,Pista de Salud,SA-30,-12.064461574465,-77.0787531137466,Tipa,Tipuana tipu,Árbol,1,https://drive.google.com/file/d/1FDEmLf4ILk8RfIVO2kZ4wlYxY_2vEFvk/view?usp=drivesdk,null,
638,Pista de Salud,SA-31,-12.0644733727939,-77.0787973701954,Palmera de abanico mexicana,Washingtonia robusta,Palmera,1,https://drive.google.com/file/d/1Bs50aqb5W0Gz4HoEfOHfsyrOoyMR5tS8/view?usp=drivesdk,null,
639,Pista de Salud,SA-32,-12.06453958494,-77.0787806063887,Palmera de abanico mexicana,Washingtonia robusta,Palmera,1,https://drive.google.com/file/d/1k4IVJtjPWmUjnR_jgO8QO05jyjfdXcry/view?usp=drivesdk,null,
640,Pista de Salud,SA-33,-12.0644878009087,-77.078827545046,Ficus benjamina,Ficus benjamina L.,Árbol,1,https://drive.google.com/file/d/1ukXojnR5PGqBIx6-f8wdgvWSLhhVL2e3/view?usp=drivesdk,null,
641,Pista de Salud,SA-34,-12.0644923936133,-77.0788503438226,Palmera de abanico mexicana,Washingtonia robusta,Palmera,1,https://drive.google.com/file/d/1dzEtUOIP6mraalH3QLqnUBeYgDRp6CSb/view?usp=drivesdk,null,
642,Pista de Salud,SA-35,-12.0644996033625,-77.0788885652993,Tipa,Tipuana tipu,Árbol,1,https://drive.google.com/file/d/1ryR3Lz9_vPdiHn4XOaefweZXeouRACuK/view?usp=drivesdk,null,
643,Pista de Salud,SA-36,-12.0645441817715,-77.0789281278837,Palmera de abanico mexicana,Washingtonia robusta,Palmera,1,https://drive.google.com/file/d/1EdXir15cBWDviIvJDmrGb62KGvWgdj85/view?usp=drivesdk,null,
644,Pista de Salud,SA-37,-12.064679934069,-77.079668417572,Tipa,Tipuana tipu,Árbol,1,https://drive.google.com/file/d/1CAckPlxBkF7smglfcCqLChOsHHoYJIPP/view?usp=drivesdk,null,
645,Pista de Salud,SA-38,-12.0646858296386,-77.0797006040821,Ficus benjamina,Ficus benjamina L.,Árbol,1,https://drive.google.com/file/d/1n5Aa6ad17fi5WicyPVvs6av0KhFOMfj5/view?usp=drivesdk,null,
646,Pista de Salud,SA-39,-12.0646904180328,-77.0797240734103,Tipa,Tipuana tipu,Árbol,1,https://drive.google.com/file/d/13J2ezTBltolqJSASibxI0Mkf2ajhM0Ml/view?usp=drivesdk,null,
647,Pista de Salud,SA-40,-12.0647001,-77.079747,Ficus benjamina,Ficus benjamina L.,Árbol,1,https://drive.google.com/file/d/1rlhEjrDprYXAlsp4RizmjEGMXLBeMIQE/view?usp=drivesdk,null,
648,Pista de Salud,SA-41,-12.0647182,-77.0798201,Tipa,Tipuana tipu,Árbol,1,https://drive.google.com/file/d/1ZM4GLVREfc3GrxiAU2TCyg-sYLn7AYQj/view?usp=drivesdk,null,
649,Pista de Salud,SA-42,-12.0647704231196,-77.0800023525946,Ficus benjamina,Ficus benjamina L.,Árbol,1,https://drive.google.com/file/d/1Kl6oFHzv18x0Ko-aAGD3hAUI9XPKrwE8/view?usp=drivesdk,null,
650,Pista de Salud,SA-43,-12.0647822271762,-77.0800600200881,Ficus benjamina,Ficus benjamina L.,Árbol,1,https://drive.google.com/file/d/1Dh3k_o1vHCcP3PYt-VAXJA6pSRL1XHem/view?usp=drivesdk,null,
651,Pista de Salud,SA-44,-12.064886490697,-77.0804569870234,Palmera de abanico mexicana,Washingtonia robusta,Palmera,1,https://drive.google.com/file/d/1lL73Ma-DWJqwyeGRcLcsGyvi-IbGz0T0/view?usp=drivesdk,null,
652,Pista de Salud,SA-45,-12.0653088259927,-77.0816297829151,Palmera de abanico mexicana,Washingtonia robusta,Palmera,1,https://drive.google.com/file/d/1knJt8tCbYtIMOwcnI65rlGGPHYHn1qTf/view?usp=drivesdk,null,
653,Pista de Salud,SA-46,-12.06527078555,-77.081608325243,Palmera de abanico mexicana,Washingtonia robusta,Palmera,1,https://drive.google.com/file/d/13rgRc7WCXHpjPWR1yDJutc2w8wENYCeJ/view?usp=drivesdk,null,
654,Pista de Salud,SA-47,-12.065196007158,-77.0815198123455,Palmera de abanico mexicana,Washingtonia robusta,Palmera,1,https://drive.google.com/file/d/1y0tqGfykNSq6FV3fW7mRqTFY13gr7ot-/view?usp=drivesdk,null,
655,Pista de Salud,SA-48,-12.0652760181924,-77.0816887915134,Palmera de abanico mexicana,Washingtonia robusta,Palmera,1,https://drive.google.com/file/d/1pSdrjYuDVBH2mQCGnTaDSw1eNimRr3eQ/view?usp=drivesdk,null,
656,Pista de Salud,SA-49,-12.0653959,-77.081698,Palmera de abanico mexicana,Washingtonia robusta,Palmera,1,https://drive.google.com/file/d/1Fn3JWo3GSFUZroNRgXd8A8IfJXNRT4mn/view?usp=drivesdk,null,
657,Pista de Salud,SA-50,-12.0653920588178,-77.0817645639143,Mango,Mangifera indica,Árbol,1,https://drive.google.com/file/d/1Xw6yHnlypBUrDWHnhtRPzfF-e-vHSzCM/view?usp=drivesdk,null,
658,Pista de Salud,SA-51,-12.0653966507891,-77.0817229896776,Indano,Byrsonima crassifolia,Árbol,1,https://drive.google.com/file/d/1Xf4hzU5NaQGh1DxBLzBVBMyYkVdgiGJm/view?usp=drivesdk,6557,
659,Pista de Salud,SA-52,-12.0654215653006,-77.0817638933625,Indano,Byrsonima crassifolia,Árbol,1,https://drive.google.com/file/d/1_0n-uYxJBBhlqNjix111zhQEUiB-A2_K/view?usp=drivesdk,null,
660,Pista de Salud,SA-53,-12.0654471335751,-77.0817679166759,Indano,Byrsonima crassifolia,Árbol,1,https://drive.google.com/file/d/1bYxiAc6RnPOLkBmyN-QAZGH--zfc-GSx/view?usp=drivesdk,6560,
661,Pista de Salud,SA-54,-12.0654575,-77.0817117,Indano,Byrsonima crassifolia,Árbol,1,https://drive.google.com/file/d/1LxI9J-vHJkfG42pcOZpU3fn1st8TgQew/view?usp=drivesdk,null,
662,Pista de Salud,SA-55,-12.0654487,-77.0817082,Indano,Byrsonima crassifolia,Árbol,1,https://drive.google.com/file/d/1lcFUQ54BnzK0I3mExodFupFjiWAqAxbB/view?usp=drivesdk,null,
663,Pista de Salud,SA-56,-12.0654537,-77.0816988,Indano,Byrsonima crassifolia,Árbol,1,https://drive.google.com/file/d/1w1DISPRdVWBqWYNkxeBh_fVlJtihJYWI/view?usp=drivesdk,null,
664,Pista de Salud,SA-57,-12.0655114058991,-77.0817759633035,Tara ,Caesalpinia spinosa (Molina) Kuntze,Árbol,1,https://drive.google.com/file/d/1obq85nguMB2NoXpxxXCFq7rvNyAMuLsz/view?usp=drivesdk,null,
665,Pista de Salud,SA-58,-12.0655395985574,-77.0817692577827,Tara ,Caesalpinia spinosa (Molina) Kuntze,Árbol,1,https://drive.google.com/file/d/1eq7jcz4h1qz5HwoYT54nkplESbUzTX99/view?usp=drivesdk,null,
666,Pista de Salud,SA-59,-12.0655658299177,-77.0817558467374,Tara ,Caesalpinia spinosa (Molina) Kuntze,Árbol,1,https://drive.google.com/file/d/1XBCjj1HrmplvjpscUvKKzT5plCYQWl1s/view?usp=drivesdk,null,
667,Pista de Salud,SA-60,-12.0656038584762,-77.0817410945884,Tara ,Caesalpinia spinosa (Molina) Kuntze,Árbol,1,https://drive.google.com/file/d/1hbzrlzM7U1_kb8QUDo-AmY2JctNv5RMv/view?usp=drivesdk,null,
668,Pista de Salud,SA-61,-12.0657350098368,-77.0815037190885,Pacae,Inga feuilleei,Árbol,1,https://drive.google.com/file/d/1TQueABMrlaERnXA4CUjdgIkwHerfgeqH/view?usp=drivesdk,null,
669,Pista de Salud,SA-62,-12.0658517354269,-77.0816934853774,Buganvilla,Bougainvillea glabra,Trepadora,1,https://drive.google.com/file/d/17s4NHdtXqIK-NUd6BVAwLatQNJ1Xe2x0/view?usp=drivesdk,null,
670,Pista de Salud,SA-63,-12.0658902,-77.0816853,Buganvilla,Bougainvillea glabra,Trepadora,1,https://drive.google.com/file/d/1ftvM6ELEomkANxEKTqV7tdoRdmdObSsU/view?usp=drivesdk,null,
671,Pista de Salud,SA-64,-12.0659269,-77.0816596,Buganvilla,Bougainvillea glabra,Trepadora,1,https://drive.google.com/file/d/1Nfr9QaAruzp2-wCFz41PjPJl5AZAjA5b/view?usp=drivesdk,null,
672,Pista de Salud,SA-65,-12.0659786,-77.0816501,Buganvilla,Bougainvillea glabra,Trepadora,1,https://drive.google.com/file/d/1Y5aUesNpI-B0OlCF0Vz5RZXH4OpR7Y2U/view?usp=drivesdk,null,
673,Pista de Salud,SA-66,-12.0660172,-77.081633,Buganvilla,Bougainvillea glabra,Trepadora,1,https://drive.google.com/file/d/1C9XnbyP3xYXVkprPZ8s8EKGK8VqJoy45/view?usp=drivesdk,null,
674,Pista de Salud,SA-67,-12.0661533815637,-77.0816230773925,Buganvilla,Bougainvillea glabra,Trepadora,1,https://drive.google.com/file/d/1hz8j6GO3T6x8Xroo8EqtOduP7BYRg5CW/view?usp=drivesdk,null,
675,Pista de Salud,SA-68,-12.06611,-77.0816277,Higuera ,Ficus carica,Árbol,1,https://drive.google.com/file/d/1CMTqXRff_FQPmenLUyjVE51_nJUczIay/view?usp=drivesdk,null,
676,Pista de Salud,SA-69,-12.0660812331868,-77.0816405117511,Buganvilla,Bougainvillea glabra,Trepadora,1,https://drive.google.com/file/d/1daG13tiyWVrToomELIccUbD-YbtMo4nj/view?usp=drivesdk,null,
677,Pista de Salud,SA-70,-12.0662072,-77.0816356,Higuera ,Ficus carica,Árbol,1,https://drive.google.com/file/d/1cIfBwllIRJ8vnETQTcFs0a-dWK7RjKCa/view?usp=drivesdk,null,
678,Pista de Salud,SA-71,-12.0663409059669,-77.0816002786159,Higuera ,Ficus carica,Árbol,1,https://drive.google.com/file/d/1XKV1eN23If0Knq8j6horRilGQ897uwz0/view?usp=drivesdk,null,
679,Pista de Salud,SA-72,-12.0663842126131,-77.0815882086733,Buganvilla,Bougainvillea glabra,Trepadora,1,https://drive.google.com/file/d/1TdBQ-snYc4NA0cGBPjWfSTihMAvxltrF/view?usp=drivesdk,null,
680,Pista de Salud,SA-73,-12.0664419027564,-77.0815855264643,Buganvilla,Bougainvillea glabra,Trepadora,1,https://drive.google.com/file/d/1oH5VFog7zyhAvpKrISZelEKaBNMohowT/view?usp=drivesdk,null,
681,Pista de Salud,SA-74,-12.0664877989563,-77.0815801620476,Buganvilla,Bougainvillea glabra,Trepadora,1,https://drive.google.com/file/d/1DIAyprquOS1416bQvQhZkDm2SVIe590k/view?usp=drivesdk,6630,
682,Pista de Salud,SA-75,-12.0665586,-77.0815851,Higuera ,Ficus carica,Árbol,1,https://drive.google.com/file/d/1o7c-vN0UIP4IifkwxRaCgKgRGbBID-dg/view?usp=drivesdk,null,
683,Pista de Salud,SA-76,-12.0665913974628,-77.0815801620479,Buganvilla,Bougainvillea glabra,Trepadora,1,https://drive.google.com/file/d/1HdnDGdtsZ-_xZqnHIFsxrLXL9OICE1rj/view?usp=drivesdk,null,
684,Pista de Salud,SA-77,-12.0666320534879,-77.0815788209416,Buganvilla,Bougainvillea glabra,Trepadora,1,https://drive.google.com/file/d/1q5vrt4yadtrYPs95V5tkg6qJqwUtCAR4/view?usp=drivesdk,null,
685,Pista de Salud,SA-78,-12.0667162,-77.081567,Buganvilla,Bougainvillea glabra,Trepadora,1,https://drive.google.com/file/d/121r0sazf3g2MFi6jsM6ReY6r6qPbnxcC/view?usp=drivesdk,null,
686,Pista de Salud,SA-79,-12.0668379613104,-77.0815654098975,Buganvilla,Bougainvillea glabra,Trepadora,1,https://drive.google.com/file/d/1u60iOV0XeUKEuhR4w3VFecHb-r8ZIEyx/view?usp=drivesdk,null,
687,Pista de Salud,SA-80,-12.0668615676258,-77.0815680921065,Huaranguillo ,Vachellia horrida,Árbol,1,https://drive.google.com/file/d/1juGM__HCZf6yT-cZt1qYJykQ3mradsv0/view?usp=drivesdk,null,
688,Pista de Salud,SA-81,-12.0668937,-77.0815694,Mioporo ,Myoporum laetum,Árbol,1,https://drive.google.com/file/d/1cG_WnwJyrM6FRx9kosj8ZE7UbNArA99i/view?usp=drivesdk,null,
689,Pista de Salud,SA-82,-12.0669248,-77.0815719,Buganvilla,Bougainvillea glabra,Trepadora,1,https://drive.google.com/file/d/11KFaHG_HIyQ3vL8VfT3fEz9T5DGaOca0/view?usp=drivesdk,null,
690,Pista de Salud,SA-83,-12.0669791,-77.0815661,Aromo,Vachellia farnesiana,Arbusto,1,https://drive.google.com/file/d/17E39w6QfdQyZn0J4eW-SHmZeO15hId6A/view?usp=drivesdk,null,
691,Pista de Salud,SA-84,-12.0669914032207,-77.081566080451,Acacia cordón de zapato,Acacia stenophylla,Árbol,1,https://drive.google.com/file/d/1s3vOa6isPLe3nQ0ZRhIGr46r5IFWaJte/view?usp=drivesdk,null,
692,Pista de Salud,SA-85,-12.0670064820888,-77.0815654098984,Árbol de los dedos,Euphorbia tirucalli,Árbol,1,https://drive.google.com/file/d/1GCT5-CiooW32KoAiiX99wNYnmFuWuU6u/view?usp=drivesdk,null,
693,Pista de Salud,SA-86,-12.0671409,-77.0815462,Buganvilla,Bougainvillea glabra,Trepadora,1,https://drive.google.com/file/d/17lI_5H6AofnMbU5KT_wXFwssXuNGwfTG/view?usp=drivesdk,null,
694,Polideportivo,PD-Suc1,-12.0670425456592,-77.0798327028736,Suche,Plumeria rubra,Árbol,1,https://drive.google.com/file/d/1qHV9ENw7dRKGtcgn4WNhkXzR8bbhn5vj/view?usp=drivesdk,null,
695,Polideportivo,PD-Suc2,-12.0670451851117,-77.0798635482766,Suche,Plumeria rubra,Árbol,1,https://drive.google.com/file/d/1Ir2WrC-G8n-DA4fNZg8nQbgfysMyq6Yh/view?usp=drivesdk,null,
696,Polideportivo,PD-Suc3,-12.0670478166678,-77.0799145102459,Suche,Plumeria rubra,Árbol,1,https://drive.google.com/file/d/1aivzIyAKQd6W4tYDoWkipmDEQY4clD3X/view?usp=drivesdk,null,
697,Polideportivo,PD-Suc4,-12.067047810925,-77.0799466967517,Suche,Plumeria rubra,Árbol,1,https://drive.google.com/file/d/10cCbag8GT8Dsr_GlMIz6FM9KSIZ0N9N7/view?usp=drivesdk,null,
698,Polideportivo,PD-Suc5,-12.0670425722196,-77.0799896120902,Suche,Plumeria rubra,Árbol,1,https://drive.google.com/file/d/1UVbdhSgrk8dGZ-weethfocKvvoz61ppc/view?usp=drivesdk,null,
699,Polideportivo,PD-Suc6,-12.0670424,-77.0800323,Suche,Plumeria rubra,Árbol,1,https://drive.google.com/file/d/1hfpZLo3C_tcyxfyIlMxtwDaL0eESuMx2/view?usp=drivesdk,null,
700,Polideportivo,PD-Suc7,-12.0670556761615,-77.080064713954,Suche,Plumeria rubra,Árbol,1,https://drive.google.com/file/d/1COU824gjcuimH67t-_ARAyqU153XSnfR/view?usp=drivesdk,null,
701,Polideportivo,PD-Suc8,-12.0670425643232,-77.0800915360445,Suche,Plumeria rubra,Árbol,1,https://drive.google.com/file/d/1mKeo392yuja55Xm2GXz_s3VhVb1smDoF/view?usp=drivesdk,null,
702,Polideportivo,PD-Suc9,-12.0670635313478,-77.0801049470921,Suche,Plumeria rubra,Árbol,1,https://drive.google.com/file/d/1rATPK4-HP14j6W9o4D61EtfqgJqDLJG5/view?usp=drivesdk,null,
703,Polideportivo,PD-Suc10,-12.0670478019519,-77.0801223814506,Suche,Plumeria rubra,Árbol,1,https://drive.google.com/file/d/1oZsxkj9aY_qybXfahLmmtgbqtbIH9B01/view?usp=drivesdk,null,
704,Polideportivo,PD-Suc11,-12.0670615804725,-77.080144509672,Suche,Plumeria rubra,Árbol,1,https://drive.google.com/file/d/1Q0XDr3IUjfGv77zE4_chsyzwpwXpViEV/view?usp=drivesdk,6645,
705,Polideportivo,PD-Suc12,-12.0670508,-77.0801894,Suche,Plumeria rubra,Árbol,1,https://drive.google.com/file/d/1zBU9BicHbdSoIrqb4VuthK5ZGLCgggtY/view?usp=drivesdk,6644,
706,Polideportivo,PD-Suc13,-12.0670615679102,-77.0801974833061,Suche,Plumeria rubra,Árbol,1,https://drive.google.com/file/d/1En61iKlRfiX8evn-szDHWNkyqon3vkjv/view?usp=drivesdk,null,
707,Polideportivo,PD-Suc14,-12.0670386270389,-77.0802336931253,Suche,Plumeria rubra,Árbol,1,https://drive.google.com/file/d/1HGvlCuZMLuacMox2jwRa5zC98LnzeAE_/view?usp=drivesdk,null,
708,Polideportivo,PD-Suc15,-12.0670641926466,-77.0802631974231,Suche,Plumeria rubra,Árbol,1,https://drive.google.com/file/d/1f8vCkMV4ljh-WjNQctnVqtjnZ36BCYdX/view?usp=drivesdk,null,
709,Polideportivo,PD-Suc16,-12.0670478024903,-77.0802819728868,Suche,Plumeria rubra,Árbol,1,https://drive.google.com/file/d/1Snt2Dpoikbhq-fQb7IysJDCrMycb3qnw/view?usp=drivesdk,6641,
710,Polideportivo,PD-Suc17,-12.0670661589556,-77.0803222060196,Suche,Plumeria rubra,Árbol,1,https://drive.google.com/file/d/1Z2cw34Wjy5jwRo8ZTS0hCLChAca-kWkN/view?usp=drivesdk,null,
711,Polideportivo,PD-Suc18,-12.0670386257826,-77.0803456753486,Suche,Plumeria rubra,Árbol,1,https://drive.google.com/file/d/1DPeJj6D2wbnzsNRmyRGpP0T5uSrhtdYA/view?usp=drivesdk,6639,
712,Polideportivo,PD-Suc19,-12.0670307557002,-77.0803879201412,Suche,Plumeria rubra,Árbol,1,https://drive.google.com/file/d/1WC5ZIbAoJf1Qj-a9zFPwyGz1bW-wIRZE/view?usp=drivesdk,null,
713,EEGGLL (Estudios generales Letras),PD-L-J-1,-12.0671533712164,-77.0803765207497,Jacarandá,Jacaranda mimosifolia.,Árbol,1,https://drive.google.com/file/d/1tOQy3wFIwryJi1PhTl3svjlwnDIv9Eng/view?usp=drivesdk,null,
714,EEGGLL (Estudios generales Letras),PD-L-J-2,-12.06715337337,-77.0803423225893,Jacarandá,Jacaranda mimosifolia.,Árbol,1,https://drive.google.com/file/d/1durwUuYtChvZvQgUN840ADl64ZCFwaFN/view?usp=drivesdk,null,
715,EEGGLL (Estudios generales Letras),PD-L-J-3,-12.0671232,-77.0803021,Jacarandá,Jacaranda mimosifolia.,Árbol,1,https://drive.google.com/file/d/1SZ9yW53xAa3QVLXtUzzjfXnmY9aGzEIp/view?usp=drivesdk,null,
716,EEGGLL (Estudios generales Letras),PD-L-J-4,-12.0671343554326,-77.0802343636734,Jacarandá,Jacaranda mimosifolia.,Árbol,1,https://drive.google.com/file/d/1g0nU6O-DBwP3YCo9nOU5BoMtWoA7usRJ/view?usp=drivesdk,null,
717,EEGGLL (Estudios generales Letras),PD-L-J-5,-12.0671540221062,-77.0802182704187,Jacarandá,Jacaranda mimosifolia.,Árbol,1,https://drive.google.com/file/d/1BNb0bjGMdGmugg5j1rHky61Of4uHDAZ6/view?usp=drivesdk,null,
718,EEGGLL (Estudios generales Letras),PD-L-J-6,-12.0671566391248,-77.0801733434203,Jacarandá,Jacaranda mimosifolia.,Árbol,1,https://drive.google.com/file/d/1wLEI9bzCjgj9Kr1rYdrgWvXfZXEbL-PK/view?usp=drivesdk,null,
719,EEGGLL (Estudios generales Letras),PD-L-J-7,-12.0671238758715,-77.0801331102822,Jacarandá,Jacaranda mimosifolia.,Árbol,1,https://drive.google.com/file/d/1U2dN-gN-Yab1Zg7uNxryEYvu8J2zl6io/view?usp=drivesdk,null,
720,EEGGLL (Estudios generales Letras),PD-L-J-8,-12.0671592783967,-77.0800841599703,Jacarandá,Jacaranda mimosifolia.,Árbol,1,https://drive.google.com/file/d/1bTVWVkhGeVxSQ0xw07Yske7wlZtBt1L7/view?usp=drivesdk,null,
721,EEGGLL (Estudios generales Letras),PD-L-J-9,-12.0671199262054,-77.0800191164018,Jacarandá,Jacaranda mimosifolia.,Árbol,1,https://drive.google.com/file/d/1qpwymmrSMAHaWjXAy0QciyfzzuAjm79c/view?usp=drivesdk,null,
722,EEGGLL (Estudios generales Letras),PD-L-J-10,-12.0671107399886,-77.0799520611758,Jacarandá,Jacaranda mimosifolia.,Árbol,1,https://drive.google.com/file/d/1g8IyuOeO6dSBRjekvz91U26Ec43agZXZ/view?usp=drivesdk,null,
723,EEGGLL (Estudios generales Letras),PD-L-J-11,-12.0671592640397,-77.079908475281,Jacarandá,Jacaranda mimosifolia.,Árbol,1,https://drive.google.com/file/d/1j87MNhKb8rvZ1Oix_YdET7sq_nbYaWWV/view?usp=drivesdk,7012,
724,EEGGLL (Estudios generales Letras),PD-L-J-12,-12.0671140348169,-77.0798803120839,Jacarandá,Jacaranda mimosifolia.,Árbol,1,https://drive.google.com/file/d/14Q6Pr14w5waH4Lk9LjUP-arZcK55aQFv/view?usp=drivesdk,null,
725,EEGGLL (Estudios generales Letras),PD-L-J-13,-12.0671405838408,-77.0798538252701,Jacarandá,Jacaranda mimosifolia.,Árbol,1,https://drive.google.com/file/d/1d3XkXzenK9VLyNWtbyfykZN9x9i_0M61/view?usp=drivesdk,null,
726,EEGGLL (Estudios generales Letras),PD-L-J-14,-12.067136979271,-77.0798236504207,Jacarandá,Jacaranda mimosifolia.,Árbol,1,https://drive.google.com/file/d/1i_14_DTr5hLY1pLnruhYoWem7LH-gfzk/view?usp=drivesdk,null,
727,EEGGLL (Estudios generales Letras),PD-L-J-15,-12.0671245199417,-77.0797985047091,Jacarandá,Jacaranda mimosifolia.,Árbol,1,https://drive.google.com/file/d/1HvKFEZUP7-fpsQMuYw14kxtASfKiwy0r/view?usp=drivesdk,null,
728,EEGGLL (Estudios generales Letras),Lt-TD-1,-12.067225,-77.079808,Lapacho rosado,Handroanthus impetiginosus,Árbol,1,https://drive.google.com/file/d/1uw7vR1b_5fX5JvSLiSdH16xVAR2ywARL/view?usp=drivesdk,7018,
729,EEGGLL (Estudios generales Letras),Lt-TD-2,-12.067229,-77.079781,Tipa,Tipuana tipu,Árbol,1,https://drive.google.com/file/d/1knCynM31dqvlS5ylArhnFZ1UkmSHHEag/view?usp=drivesdk,null,
730,EEGGLL (Estudios generales Letras),Lt-TD-3,-12.0673101042725,-77.079762965436,Cedro de altura,Khaya senegalensis,Árbol,1,https://drive.google.com/file/d/1bUKjgOXsKZTwvueNdwTdcLOnDOWrwaxy/view?usp=drivesdk,null,
731,EEGGLL (Estudios generales Letras),Lt-TD-4,-12.067401,-77.079759,Tipa,Tipuana tipu,Árbol,1,https://drive.google.com/file/d/1qyYPkSnT0PznuqiMb0MF5aYdC1VCOa8l/view?usp=drivesdk,null,
732,EEGGLL (Estudios generales Letras),Lt-TD-5,-12.0675645143612,-77.0797549157709,Tipa,Tipuana tipu,Árbol,1,https://drive.google.com/file/d/1xFnpGEa2ehLDckIlx_c8D2lq4h77QS2t/view?usp=drivesdk,null,
733,EEGGLL (Estudios generales Letras),Lt-TD-6,-12.067679,-77.079748,Cedro de altura,Khaya senegalensis,Árbol,1,https://drive.google.com/file/d/1EqsPXWC48pKJ9hQesUNA2FuXbNYg6JRR/view?usp=drivesdk,null,
734,EEGGLL (Estudios generales Letras),Lt-TD-7,-12.067826,-77.079762,Tipa,Tipuana tipu,Árbol,1,https://drive.google.com/file/d/1JojKAOms_g9lTwJ45xbSEDoK0Vfk44Zt/view?usp=drivesdk,null,
735,EEGGLL (Estudios generales Letras),Lt-TD-8,-12.067803,-77.079796,Cepillo de botella de arroyo,Melaleuca viminalis,Árbol,1,https://drive.google.com/file/d/1u24OIwTVpssGfkAJIEV1AGP3P_sv-Xvw/view?usp=drivesdk,null,
736,EEGGLL (Estudios generales Letras),Lt-TD-9,-12.0676841866513,-77.0798075571685,Árbol del té de hoja estrecha,Melaleuca alternifolia,Árbol,1,https://drive.google.com/file/d/1JDSz0MLfGF0TKkocixrpqOlBQfdSmHJG/view?usp=drivesdk,null,
737,EEGGLL (Estudios generales Letras),Lt-TD-10,-12.067537,-77.079827,Tipa,Tipuana tipu,Árbol,1,https://drive.google.com/file/d/1wa93oaGVjfhm1gBuWHsBuOPCghpAqCVG/view?usp=drivesdk,null,
738,Humanidades,Hu-TD-1,-12.0679093777984,-77.0797441892906,Fresno silvestre mexicano,Fraxinus uhdei,Árbol,1,https://drive.google.com/file/d/17BWC4MX5_euiui2TLjfla-aoTFtEsyev/view?usp=drivesdk,null,
739,Humanidades,Hu-TD-2,-12.0679126928058,-77.0798561825101,Fresno silvestre mexicano,Fraxinus uhdei,Árbol,1,https://drive.google.com/file/d/1cfLjQV9f9gDWy1yYCwnmOTR7IBcIrX39/view?usp=drivesdk,null,
740,Humanidades,Hu-TD-3,-12.0679488,-77.0798019,Cedro de altura,Khaya senegalensis,Árbol,1,https://drive.google.com/file/d/1VBFsfhmBg-VVlw67IejdHUEc-jFizX-l/view?usp=drivesdk,7305,
741,Humanidades,Hu-TD-4,-12.0679940413852,-77.0798521551723,Fresno silvestre mexicano,Fraxinus uhdei,Árbol,1,https://drive.google.com/file/d/1gbp6P0MGJAvRoBkn7Y1DD6povACkSHCH/view?usp=drivesdk,null,
742,Humanidades,Hu-TD-5,-12.0679940405095,-77.0797435124565,Fresno silvestre mexicano,Fraxinus uhdei,Árbol,1,https://drive.google.com/file/d/1oHrQ9uzjGYXkLlE0DKXPW0LuCWdWAHoH/view?usp=drivesdk,7306,
743,Humanidades,Hu-TD-6,-12.0680537022452,-77.0797508954995,Leea púrpura,Leea guineensis,Arbusto,1,https://drive.google.com/file/d/1ShKObyBHmVR1RpcQGHeGTIV6DseT7TUI/view?usp=drivesdk,null,
744,Humanidades,Hu-TD-7,-12.0680445130096,-77.079840749498,Leea púrpura,Leea guineensis,Arbusto,1,https://drive.google.com/file/d/1IULpcJAp3uXUNV-YNnovw1vy3Yn1xeOA/view?usp=drivesdk,null,
745,Humanidades,Hu-TD-8,-12.0681758,-77.0798152,Jacarandá,Jacaranda mimosifolia.,Árbol,1,https://drive.google.com/file/d/1DpOwEOpplpwANLg_UPOLzx3_NPCNixJj/view?usp=drivesdk,null,
746,Humanidades,Hu-TD-9,-12.068166471432,-77.0797535777053,Tipa,Tipuana tipu,Árbol,1,https://drive.google.com/file/d/1JSiEKNm3_6YVZlom8GbWPa5Yh68z3G12/view?usp=drivesdk,null,
747,Huaca 64,H64-1,-12.0671605769458,-77.0783279836143,Palo borracho (Ceiba),Ceiba speciosa,Árbol,1,https://drive.google.com/file/d/1z54TdYAU5sZFF7_RYFhleGltklczseQc/view?usp=drivesdk,,
748,Huaca 64,H64-2,-12.0671592767816,-77.0782595872882,Palo borracho (Ceiba),Ceiba speciosa,Árbol,1,https://drive.google.com/file/d/1wsHBSG2aZU6o_6IJdVv0hcWb4h7zRPzh/view?usp=drivesdk,,
749,Huaca 64,H64-3,-12.0671612448845,-77.0781838148837,Palo borracho (Ceiba),Ceiba speciosa,Árbol,1,https://drive.google.com/file/d/17VDrEy62HAAfnfI8XldwmD_dHLFrQx8I/view?usp=drivesdk,,
750,Huaca 64,H64-4,-12.0671592757048,-77.0781308412552,Palo borracho (Ceiba),Ceiba speciosa,Árbol,1,https://drive.google.com/file/d/1VqE7x-OdTJPGNzVl6XUcqol2aEku96rp/view?usp=drivesdk,,
751,Comedor de Letras,CL-TD-1,-12.0684274576729,-77.0797324548224,Higuera de agua,Ficus insipida,Árbol,1,https://drive.google.com/file/d/1eEcuvSlItdn08lG3VgoWccZgpYTSKgfF/view?usp=drivesdk,null,
752,Comedor de Letras,CL-TD-2,-12.0684290985356,-77.0797344670681,Carbonero,Calliandra carbonaria,Árbol,1,https://drive.google.com/file/d/1oj0_I3tGUBgZ16bVUWWo0rRUKMEaZGIO/view?usp=drivesdk,null,
753,Comedor de Letras,CL-TD-3,-12.0684909,-77.0797216,Roble Blanco,Tabebuia roseoalba,Árbol,1,https://drive.google.com/file/d/1UXjgcBeUvpGRjwKQum0FqNYPg_Ds4dsZ/view?usp=drivesdk,null,
754,Comedor de Letras,CL-TD-4,-12.0684834,-77.0797492,Lirio listado,Chlorophytum comosum,Planta suculenta,1,https://drive.google.com/file/d/1z7WB0qMr6jfNwf2nI8QialaBD_Y48r4n/view?usp=drivesdk,null,
755,Comedor de Letras,CL-TD-5,-12.0685558,-77.0797183,Jazmin del paraguay,Brunfelsia australis,Arbusto,1,https://drive.google.com/file/d/1vT-5rspvs-3QD-nR3ikXzPYDiBD5dyNY/view?usp=drivesdk,null,
756,Comedor de Letras,CL-TD-6,-12.0685742,-77.0797346,Cheflera,Schefflera arboricola,Árbol,1,https://drive.google.com/file/d/1MnlMmjtEqMYujOhpUzVRded-_OVTzu_Q/view?usp=drivesdk,null,
757,Comedor de Letras,CL-TD-7,-12.0685392,-77.079765,Cheflera,Schefflera arboricola,Árbol,1,https://drive.google.com/file/d/1jHCelocWfH8VCLlFqWAJXa0GikM2ycFw/view?usp=drivesdk,null,
758,Comedor de Letras,CL-TD-8,-12.0685311,-77.0798095,Jacarandá,Jacaranda mimosifolia.,Árbol,1,https://drive.google.com/file/d/1dqKnA6h7CJSGAe1SCTDb4PapzpS3Qgl8/view?usp=drivesdk,null,
759,Comedor de Letras,CL-TD-9,-12.0686241702279,-77.0798534893079,Jacarandá,Jacaranda mimosifolia.,Árbol,1,https://drive.google.com/file/d/1ewKOohEvkQmV4-CMh8UrRoeJFyPkSTjP/view?usp=drivesdk,null,
760,Comedor de Letras,CL-TD-10,-12.0685815,-77.0798571,Geranio Aralia,Polyscias guilfoylei,Arbusto,1,https://drive.google.com/file/d/1MXq2HX9QZlUHZqNeQowXFzbFw5nX07Ph/view?usp=drivesdk,null,
761,Comedor de Letras,CL-TD-11,-12.0686025,-77.0798915,Ponciana,Delonix regia,Árbol,1,https://drive.google.com/file/d/1T8ZrCskKvAma9ROm3QCTALtFAwwoMOsc/view?usp=drivesdk,null,
762,Comedor de Letras,CL-TD-12,-12.0686084,-77.0798999,Naranjo,Citrus x sinensis,Árbol,1,https://drive.google.com/file/d/19EurJAAy8ES46eQGOqbMkynxiBITzHD6/view?usp=drivesdk,null,
763,Comedor de Letras,CL-TD-13,-12.0685844,-77.0799017,Rueda del fuego,Stenocarpus sinuatus,Árbol,1,https://drive.google.com/file/d/1c-nefQ7VvdeE8r-6Hmcw9hZaJtbv4oKl/view?usp=drivesdk,null,
764,Comedor de Letras,CL-TD-14,-12.0685928,-77.0799296,Matico,Piper aduncum,Arbusto,1,https://drive.google.com/file/d/1-XQC8UgjLkg8mVs6S28SgJ-xS5zsDIBt/view?usp=drivesdk,null,
765,Comedor de Letras,CL-TD-15,-12.0685728,-77.0799465,Geranio Aralia,Polyscias guilfoylei,Arbusto,1,https://drive.google.com/file/d/1_529sxs7MMDqVaVk-Se_cUJkYQmWnPsO/view?usp=drivesdk,null,
766,Comedor de Letras,CL-TD-16,-12.0685568,-77.0799596,Cheflera,Schefflera arboricola,Árbol,1,https://drive.google.com/file/d/1uIupQvBF9oPF22o9EKlMtd8Ij98322NY/view?usp=drivesdk,null,
767,Comedor de Letras,CL-TD-17,-12.0686173,-77.0799846,Tipa,Tipuana tipu,Árbol,1,https://drive.google.com/file/d/1ACndns7jXoEsX-hWbpeJ4-dVM6X0GLBY/view?usp=drivesdk,7326,
768,Comedor de Letras,CL-TD-18,-12.068638,-77.0800029,Palmera de abanico mexicana,Washingtonia robusta,Palmera,1,https://drive.google.com/file/d/1RsjGqHsHcJ1MOJGs3GgPVgUsqxIRpCqR/view?usp=drivesdk,7327,
769,Comedor de Letras,CL-TD-19,-12.0686381,-77.0800621,Alhelí,Matthiola incana,Arbusto,1,https://drive.google.com/file/d/1zEw5vYWjai85eTeZsVfGYtRlbT1RQZKU/view?usp=drivesdk,null,
770,Comedor de Letras,CL-TD-20,-12.0686365,-77.0800755,Crucetilla,Randia aculeata,Arbusto,1,https://drive.google.com/file/d/19H0c3LYMcl73xtbdzoP-bp8wIPYnrK_c/view?usp=drivesdk,7331,
771,Comedor de Letras,CL-TD-21,-12.0686063,-77.0800755,Jacarandá,Jacaranda mimosifolia.,Árbol,1,https://drive.google.com/file/d/19enChpj5oBXEwVnHO3RjMrmVuO1Msohu/view?usp=drivesdk,null,
772,Comedor de Letras,CL-TD-22,-12.068583,-77.0800642,Palto,Persea americana,Árbol,1,https://drive.google.com/file/d/1MntajDXz1spmF8QrDyAo4cO2rbvMdBzt/view?usp=drivesdk,null,
773,Comedor de Letras,CL-TD-23,-12.0685547,-77.0800372,Jacarandá,Jacaranda mimosifolia.,Árbol,1,https://drive.google.com/file/d/1jq-0Jw3zjaCMqaFNWKoRi-K0LFOAKZlL/view?usp=drivesdk,null,
774,Comedor de Letras,CL-TD-24,-12.0685451606849,-77.0800533137323,Frangipani blanco,Plumeria obtusa,Árbol,1,https://drive.google.com/file/d/1K28v8D1wK4iyN1INSzGKea0QkIk2rhPQ/view?usp=drivesdk,null,
775,Comedor de Letras,CL-TD-25,-12.0684881,-77.0800795,Higuera de agua,Ficus insipida,Árbol,1,https://drive.google.com/file/d/1KgiC48pp7PtjwRjkYcIw1pMin8VB_jmq/view?usp=drivesdk,null,
776,Comedor de Letras,CL-TD-26,-12.0683905,-77.0800809,Fresno silvestre mexicano,Fraxinus uhdei,Árbol,1,https://drive.google.com/file/d/15UR338XHdLlWik25Cl1FF0XwR0mzp-xQ/view?usp=drivesdk,null,
777,Comedor de Letras,CL-TD-27,-12.0683976,-77.0801058,Palo de Brasil,Dracaena fragrans,Arbusto,1,https://drive.google.com/file/d/1-ftWydEDT7G2bA-9O-QyXGbs5I1GZbLf/view?usp=drivesdk,null,
778,Comedor de Letras,CL-TD-28,-12.0684009,-77.0801083,Cheflera,Schefflera arboricola,Árbol,1,https://drive.google.com/file/d/1RT3-u_V7v0gG1CL78x0nsyuGmdVmdazU/view?usp=drivesdk,null,
779,Comedor de Letras,CL-TD-29,-12.0684152,-77.0801156,Higuera de agua,Ficus insipida,Árbol,1,https://drive.google.com/file/d/1KKEZ5I4Ls60kiNdbJTbxC9Fe7CARxTdm/view?usp=drivesdk,7343,
780,Comedor de Letras,CL-TD-30,-12.068484,-77.0801058,Palto,Persea americana,Árbol,1,https://drive.google.com/file/d/10LHTRkLvwQwrLU2SZKQFtprrPQmOGhCN/view?usp=drivesdk,null,
781,Comedor de Letras,CL-TD-31,-12.0685211,-77.0800717,Ombú,Phytolacca dioica,Árbol,1,https://drive.google.com/file/d/1NxITopK2t4M80tmYnfKr8n2mx6pB2vJq/view?usp=drivesdk,null,
782,Comedor de Letras,CL-TD-32,-12.0685351,-77.0800975,Hibisco,Hibiscus rosa-sinensis,Arbusto,1,https://drive.google.com/file/d/1I2LVT4Upwpc16BjXaGPu2KAiRio8tcRn/view?usp=drivesdk,null,
783,Comedor de Letras,CL-TD-33,-12.0685795716176,-77.080330252651,Tipa,Tipuana tipu,Árbol,1,https://drive.google.com/file/d/1u5iwVohxMevfsvbxGjZBKDuxp0G0_-J8/view?usp=drivesdk,null,
784,Comedor de Letras,CL-TD-34,-12.0686533,-77.0801775,Palto,Persea americana,Árbol,1,https://drive.google.com/file/d/1HUaQwUnOXjtlD3mS0tfMcjiwnGQGMF-g/view?usp=drivesdk,null,
785,Comedor de Letras,CL-TD-35,-12.0685753,-77.0801736,Jabillo,Hura crepitans,Árbol,1,https://drive.google.com/file/d/11pIR-WhTlB9Xo4Op8M5ww3x2_24C-J2f/view?usp=drivesdk,null,
786,Comedor de Letras,CL-TD-36,-12.0685966,-77.0802017,Cedro Americano,Cedrela odorata,Árbol,1,https://drive.google.com/file/d/1O3KZ31w6BMpPFgRFHYYnhaTrQklWK4C2/view?usp=drivesdk,null,
787,Comedor de Letras,CL-TD-37,-12.0685653,-77.0802147,Falsa acacia,Robinia pseudoacacia,Árbol,1,https://drive.google.com/file/d/1takXyp1srq6PGvZlmGdstLs6z5OKn2LU/view?usp=drivesdk,null,
788,Comedor de Letras,CL-TD-38,-12.068621,-77.080279,Planta de la vida,Euphorbia umbellata,Arbusto,1,https://drive.google.com/file/d/10yKo_G0BsjaWNqjIm2RfkSod-_ZoVhLE/view?usp=drivesdk,null,
789,Comedor de Letras,CL-TD-39,-12.0685993,-77.0802967,Ylang-ylang,Cananga odorata,Árbol,1,https://drive.google.com/file/d/1_Prv3smqySBTQiar00lXJgWQtHqI-jLw/view?usp=drivesdk,null,
790,Comedor de Letras,CL-TD-40,-12.068637,-77.0802259,Colorín Amarillo,Erythrina variegata,Árbol,1,https://drive.google.com/file/d/1kceW3cEspKsSczPDlLuSg4_ydDJIrJND/view?usp=drivesdk,null,
791,Comedor de Letras,CL-TD-41,-12.0686292,-77.0801978,Palo borracho (Ceiba),Ceiba speciosa,Árbol,1,https://drive.google.com/file/d/18fsIU8L_Y7u_WTCxfNYJwnyXlXcFDJVK/view?usp=drivesdk,null,
792,Comedor de Letras,CL-TD-42,-12.0686906,-77.0802099,Ylang-ylang,Cananga odorata,Árbol,1,https://drive.google.com/file/d/1v2TOmkrzw0xK7lkWNRpy4yFEif3zkKBw/view?usp=drivesdk,null,
793,Comedor de Letras,CL-TD-43,-12.0686178,-77.0801918,Ylang-ylang,Cananga odorata,Árbol,1,https://drive.google.com/file/d/18zOKsOEaTr7pTJN0FeyCrjE3dKTh3LiT/view?usp=drivesdk,null,
794,Comedor de Letras,CL-TD-44,-12.0686996043111,-77.080166640793,Palo borracho (Ceiba),Ceiba speciosa,Árbol,1,https://drive.google.com/file/d/1WqT7AVDW0E100Q_J--iVi2bZqY7mysXa/view?usp=drivesdk,null,
795,Comedor de Letras,CL-TD-45,-12.068679,-77.0801486,Ylang-ylang,Cananga odorata,Árbol,1,https://drive.google.com/file/d/1SVoicAqQeXW_5dDE6zeY7X7Tb5PTZLbM/view?usp=drivesdk,null,
796,Comedor de Letras,CL-TD-46,-12.0687130317,-77.0801321075482,Ginkgo,Ginkgo biloba,Árbol,1,https://drive.google.com/file/d/1CtOVpSBCSOe1-6hVX6vGoSq8I9GDJ3Ao/view?usp=drivesdk,7336,
797,Comedor de Letras,CL-TD-47,-12.0687568,-77.0801155,Ave del paraíso,Caesalpinia gilliesii,Arbusto,1,https://drive.google.com/file/d/1EA00kzLC8ZWxZw4tGC3bMQsDhEJFoXAX/view?usp=drivesdk,7338,
798,Comedor de Letras,CL-TD-48,-12.0687311,-77.0800743,Ginkgo,Ginkgo biloba,Árbol,1,https://drive.google.com/file/d/1l10kolPxbi8Q7Rw27nn4HAqH7SxX6YxR/view?usp=drivesdk,null,
799,Comedor de Letras,CL-TD-49,-12.06872,-77.0801068,Leea púrpura,Leea guineensis,Arbusto,1,https://drive.google.com/file/d/1wvh6tsJmT6x0VeNygrZ4JVD_QpHamsEt/view?usp=drivesdk,null,
800,Comedor de Letras,CL-TD-50,-12.0687157,-77.0800642,Colorín Amarillo,Erythrina variegata,Árbol,1,https://drive.google.com/file/d/1OUkak0cXsELzyWMlsD3EoSDs-Dln0xsn/view?usp=drivesdk,7329,
801,Comedor de Letras,CL-TD-51,-12.0687041,-77.0800023,Palo borracho (Ceiba),Ceiba speciosa,Árbol,1,https://drive.google.com/file/d/1vf04SvR0mrUisdsAku7cFr5YPnBvadme/view?usp=drivesdk,null,
802,Comedor de Letras,CL-TD-52,-12.0686772,-77.0798995,Palmera bambú,Dypsis lutescens,Palmera,1,https://drive.google.com/file/d/1f92LBnNDg1YKc7T8twz26Yagq1t3e8Qa/view?usp=drivesdk,null,
803,Comedor de Letras,CL-TD-53,-12.0686704,-77.0798662,Palmera bambú,Dypsis lutescens,Palmera,1,https://drive.google.com/file/d/1nwAMTLAhJYalvBB5Bxj86EuHqvDWaY2t/view?usp=drivesdk,null,
804,Comedor de Letras,CL-TD-54,-12.0686487,-77.0798179,Palo borracho (Ceiba),Ceiba speciosa,Árbol,1,https://drive.google.com/file/d/1V2f-cY2cp_jA1mJBWGQq2tTq7uu76xMS/view?usp=drivesdk,null,
805,Comedor de Letras,CL-TD-55,-12.068634701558,-77.0797267533124,Tipa,Tipuana tipu,Árbol,1,https://drive.google.com/file/d/1zsJhCs9l3gIjDoC_QRkqHIHhuAvS3ETz/view?usp=drivesdk,null,
806,Rivaguero,Po20,-12.0708877592823,-77.0821112394261,Ponciana,Delonix regia,Árbol,1,https://drive.google.com/file/d/1p6_KfXm0Zex1nqpjrDN2J4klnMmK-OT5/view?usp=drivesdk,,
807,Rivaguero,Po21,-12.0708248088526,-77.082082405684,Ponciana,Delonix regia,Árbol,1,https://drive.google.com/file/d/1lejEyU376LoHYzLqO8fYQSaU7AlqTwbJ/view?usp=drivesdk,,
808,Rivaguero,Po22,-12.0707518,-77.0820565,Ponciana,Delonix regia,Árbol,1,https://drive.google.com/file/d/1YM3S6WtOvspaK4jBIdt0BvSCUgGoLHf0/view?usp=drivesdk,,
809,Rivaguero,Po23,-12.0706930073072,-77.0820347964749,Ponciana,Delonix regia,Árbol,1,https://drive.google.com/file/d/1S6iaaOBmiKXtLTAU6VOf7hN5xldRw91w/view?usp=drivesdk,,
810,Rivaguero,Po24,-12.0706130066804,-77.0820086449391,Ponciana,Delonix regia,Árbol,1,https://drive.google.com/file/d/14tk5RqUqSvkLsxApPeNOq9d65Ekp_QMo/view?usp=drivesdk,,
811,Rivaguero,Po25,-12.0705421885398,-77.0819845050564,Ponciana,Delonix regia,Árbol,1,https://drive.google.com/file/d/1Rw10rZGtkq6vvr_2b5lYDDi2KJTfXXoO/view?usp=drivesdk,,
812,Rivaguero,Po26,-12.0704676,-77.0819674,Ponciana,Delonix regia,Árbol,1,https://drive.google.com/file/d/1BDCIBlA4HOAP79uW2z0eAkcp9kT7ZXQg/view?usp=drivesdk,,
813,Rivaguero,Po27,-12.0704189272816,-77.081942930817,Ponciana,Delonix regia,Árbol,1,https://drive.google.com/file/d/1Ck-h7HZjgXaEK1QWxF259d9e8eS36KuN/view?usp=drivesdk,,
814,Rivaguero,Po28,-12.0703710518313,-77.0819261670085,Ponciana,Delonix regia,Árbol,1,https://drive.google.com/file/d/1YAkykBWfKBSagzhpg55SiEi4sprPyXgl/view?usp=drivesdk,,
815,Rivaguero,Po29,-12.0703271006874,-77.0819107443061,Ponciana,Delonix regia,Árbol,1,https://drive.google.com/file/d/1xNTF9lgVSF3ElN1JbdEEycuX9EpSMEYe/view?usp=drivesdk,,
816,Rivaguero,Po30,-12.0702545,-77.081887,Ponciana,Delonix regia,Árbol,1,https://drive.google.com/file/d/1NhiXHoIapb0jX-sjhQonD_w_HCBDFekX/view?usp=drivesdk,,
817,Rivaguero,Po31,-12.0702182608541,-77.0818798989013,Ponciana,Delonix regia,Árbol,1,https://drive.google.com/file/d/1cF7-8vIz91oBSqehHa5y6BvOvnAR20y9/view?usp=drivesdk,,
818,Rivaguero,Po32,-12.0701671070876,-77.081861793993,Ponciana,Delonix regia,Árbol,1,https://drive.google.com/file/d/1uzps5NTXWscsmgS8hBKNZ6rVqITjiCz5/view?usp=drivesdk,,
819,Rivaguero,Po33,-12.0700910509012,-77.0818349719032,Ponciana,Delonix regia,Árbol,1,https://drive.google.com/file/d/1-NKwiPts1S8KT4nX8N3WvsuFOxR5qZqI/view?usp=drivesdk,,
820,Rivaguero,Po34,-12.070001,-77.0818149,Ponciana,Delonix regia,Árbol,1,https://drive.google.com/file/d/1l71c4-xGXvE15irWJdjW27Fe4r1U2L9m/view?usp=drivesdk,,
821,Rivaguero,Po35,-12.0699605656559,-77.0817933976637,Ponciana,Delonix regia,Árbol,1,https://drive.google.com/file/d/1VAevLYRzLgkr7KTmuw3p3xMG10wmJsOa/view?usp=drivesdk,,
822,Rivaguero,Po36,-12.0698231890046,-77.0817665755721,Ficus variegado,Ficus benjamina ‘Variegata’,Árbol,1,https://drive.google.com/file/d/1fpyZBIfNCZvNRMX7VG01-9kLT22JtsKS/view?usp=drivesdk,,
823,Rivaguero,Po37,-12.0699212104662,-77.0819355547407,Ponciana,Delonix regia,Árbol,1,https://drive.google.com/file/d/1ClOXnn2wqi1_IT-JH7j4YNypSRXnP3xa/view?usp=drivesdk,,
824,Rivaguero,Po38,-12.0699686,-77.0819114,Ponciana,Delonix regia,Árbol,1,https://drive.google.com/file/d/1j8OxbpukvMA3ysvVMWfBdR-9YqdK2tHP/view?usp=drivesdk,,
825,Rivaguero,Po39,-12.0700510435917,-77.08197444677,Ponciana,Delonix regia,Árbol,1,https://drive.google.com/file/d/1QaWSRfQpOnHOOZCaop2o0cDJKAh-FC-3/view?usp=drivesdk,,
826,Rivaguero,Po40,-12.0701008839502,-77.0819959044436,Ponciana,Delonix regia,Árbol,1,https://drive.google.com/file/d/17VpcDkl8_pdwL8O5WK0EtwExQMbs7Gg6/view?usp=drivesdk,,
827,Rivaguero,Po41,-12.0701598933633,-77.0820093154892,Ponciana,Delonix regia,Árbol,1,https://drive.google.com/file/d/1y-pgwkLLpWPiCredliVbB75a_h-lW--m/view?usp=drivesdk,,
828,Rivaguero,Po42,-12.0702313657174,-77.0820280909532,Ponciana,Delonix regia,Árbol,1,https://drive.google.com/file/d/13PNdIpUFmLgs8MwRDcRvutJQoVVy9JY9/view?usp=drivesdk,,
829,Rivaguero,Po43,-12.0702864500683,-77.0820522308346,Ponciana,Delonix regia,Árbol,1,https://drive.google.com/file/d/1Sn4GLXw2I0KM8nVWeXfUlzRaF0W8u9hu/view?usp=drivesdk,,
830,Rivaguero,Po44,-12.0703474271611,-77.0820663124319,Ponciana,Delonix regia,Árbol,1,https://drive.google.com/file/d/14R0L6n-sJPHXPXOCKTzb-evMEFBvdBHQ/view?usp=drivesdk,,
831,Rivaguero,Po45,-12.0704169351549,-77.0820917934161,Ponciana,Delonix regia,Árbol,1,https://drive.google.com/file/d/1qx4SAqe1SArKv63HD1rEr_2q45h3jmwl/view?usp=drivesdk,,
832,Rivaguero,Po46,-12.0704641557672,-77.0821105688764,Ponciana,Delonix regia,Árbol,1,https://drive.google.com/file/d/1PIMdP88jWc-DJGWmA-wJQVVZZ4G34lFE/view?usp=drivesdk,,
833,Rivaguero,Po47,-12.0705238298002,-77.0821347087579,Ponciana,Delonix regia,Árbol,1,https://drive.google.com/file/d/1nnwAA0oY2cHQYxFpCO-C59dtgQt6qIf5/view?usp=drivesdk,,
834,Rivaguero,Po48,-12.0705979202985,-77.0821521431169,Ponciana,Delonix regia,Árbol,1,https://drive.google.com/file/d/19BwAv0ll_Bukl6AvjIAyVbojv9Q6LmQ9/view?usp=drivesdk,,
835,Rivaguero,Po49,-12.0706556228147,-77.0821742713436,Ponciana,Delonix regia,Árbol,1,https://drive.google.com/file/d/1ayywnL2XBgkQoaYZIevs9i5IlJ7R69Fl/view?usp=drivesdk,,
836,Rivaguero,Po50,-12.0707218517372,-77.0821957290146,Ponciana,Delonix regia,Árbol,1,https://drive.google.com/file/d/10-EPbGtIad0U3Qi4pubRpe6j-7AoWBc_/view?usp=drivesdk,,
837,Rivaguero,Po51,-12.0707775872271,-77.0822138339272,Ponciana,Delonix regia,Árbol,1,https://drive.google.com/file/d/1UGojfMW-yaAwqiiP8bA-NdzADJGMSirJ/view?usp=drivesdk,,
838,Rivaguero,Po52,-12.0709973,-77.0822815,Ponciana,Delonix regia,Árbol,1,https://drive.google.com/file/d/1yN-tHmveNegfSY5XvuQNJ0qPgtBCYdQe/view?usp=drivesdk,,
839,Rivaguero,Po53,-12.0710936482217,-77.0823217928394,Ponciana,Delonix regia,Árbol,1,https://drive.google.com/file/d/1FpVQfsZ2M5NHB6-V3h4uV-uBX3s0eK29/view?usp=drivesdk,,
840,Rivaguero,Po54,-12.0711418,-77.0823205,Ponciana,Delonix regia,Árbol,1,https://drive.google.com/file/d/1uHkR33ZrEa4RLY8IyEBJEE-5erdgL24k/view?usp=drivesdk,,
841,Rivaguero,Po55,-12.0711652,-77.0823369,Ponciana,Delonix regia,Árbol,1,https://drive.google.com/file/d/1As_7faduZzhJxeZbvLHjrGAHTdyLo9z7/view?usp=drivesdk,,
842,Rivaguero,Po56,-12.0712772538347,-77.0823814719903,Ponciana,Delonix regia,Árbol,1,https://drive.google.com/file/d/1ibgEYP47Hcb4ti72uabQaV1LE-mjbIDc/view?usp=drivesdk,,
843,Rivaguero,Po57,-12.0713375846678,-77.0824042707668,Ponciana,Delonix regia,Árbol,1,https://drive.google.com/file/d/1LBd_dbAXLySHKbYLZqSefYR7pS_sXWZM/view?usp=drivesdk,,
844,Rivaguero,Po58,-12.071396593988,-77.082424387336,Ponciana,Delonix regia,Árbol,1,https://drive.google.com/file/d/1JIEv7VnGNuqtKxjIL74wxtTxTSHBpgV6/view?usp=drivesdk,,
845,Rivaguero,Po59,-12.0715867534069,-77.082490772007,Ponciana,Delonix regia,Árbol,1,https://drive.google.com/file/d/16GhDS75MF0CYvBi4KsA6XafN4D-v3-uy/view?usp=drivesdk,,
846,Rivaguero,Po60,-12.0716451071274,-77.0825068652592,Ponciana,Delonix regia,Árbol,1,https://drive.google.com/file/d/1VAYcLW2XVFmCcKva5s0HdY7YF3SatEeC/view?usp=drivesdk,,
847,Rivaguero,Po61,-12.0717034764481,-77.0825323462461,Ponciana,Delonix regia,Árbol,1,https://drive.google.com/file/d/1uOCTd3ja3OStVJXqE2ZnB1aPb6Ro--wd/view?usp=drivesdk,,
848,Rivaguero,Po62,-12.0717559331141,-77.0825470983969,Ponciana,Delonix regia,Árbol,1,https://drive.google.com/file/d/1KGlCjBrC2sW-1HPl83s-N8oke7cjAhDA/view?usp=drivesdk,,
849,Rivaguero,Po63,-12.0718293702398,-77.0825692266222,Ponciana,Delonix regia,Árbol,1,https://drive.google.com/file/d/1b1g-8J0dxkIU9ZT-L6-oOno7siHQyl2Z/view?usp=drivesdk,,
850,Rivaguero,Po64,-12.0718824851171,-77.0825880020845,Ponciana,Delonix regia,Árbol,1,https://drive.google.com/file/d/1ujUDFkc7PrM9xHYPDjGu021vG0L3bjWN/view?usp=drivesdk,,
851,Rivaguero,Po65,-12.0719395328894,-77.0826101303075,Ponciana,Delonix regia,Árbol,1,https://drive.google.com/file/d/1qaZg5q7J1TCE-fP0e5IrOMhiL6CPCaxi/view?usp=drivesdk,,
852,Rivaguero,Po66,-12.0720090471101,-77.082634940744,Ponciana,Delonix regia,Árbol,1,https://drive.google.com/file/d/112HYxa1YtALQLJn1U0y_lqlXcoPFFB9U/view?usp=drivesdk,,
853,Rivaguero,Po67,-12.0719277628864,-77.0827549695989,Ichu,Jarava ichu,Planta herbácea,1,https://drive.google.com/file/d/1ZjWIeoXK59DD0llP5D2peJYapOCjQwnJ/view?usp=drivesdk,,
854,Rivaguero,Po68,-12.0718516863826,-77.0827388763431,Ichu,Jarava ichu,Planta herbácea,1,https://drive.google.com/file/d/1HUqVLn5NWPPn4o1dWFse9v3VqQgew3ZA/view?usp=drivesdk,,
855,Rivaguero,Po69,-12.0717776,-77.0826927,Ichu,Jarava ichu,Planta herbácea,1,https://drive.google.com/file/d/15psyPNKQugNjRSrDquNEmSv0pOGBTF1u/view?usp=drivesdk,,
856,Rivaguero,Po70,-12.0717272,-77.0826725,Ichu,Jarava ichu,Planta herbácea,1,https://drive.google.com/file/d/1vWWUW9m7CGv-8S6nDRq6Guy-G5T897oU/view?usp=drivesdk,,
857,Rivaguero,Po71,-12.0716497248338,-77.082658410073,Ichu,Jarava ichu,Planta herbácea,1,https://drive.google.com/file/d/1kMESfktjpVPPBdMcDnY3xWugjp0PLezm/view?usp=drivesdk,,
858,Rivaguero,Po72,-12.0715631527121,-77.0826342701879,Ichu,Jarava ichu,Planta herbácea,1,https://drive.google.com/file/d/1YWdRyGwaBwj7qbbIk4g9F7kTxuCjh9J4/view?usp=drivesdk,,
859,Rivaguero,Po73,-12.0714608747554,-77.0826074480973,Ichu,Jarava ichu,Planta herbácea,1,https://drive.google.com/file/d/1b_smhpo5NVB4ARWRcMtBULIUxQnsofgF/view?usp=drivesdk,,
860,Rivaguero,Po74,-12.0713634,-77.082563,Ichu,Jarava ichu,Planta herbácea,1,https://drive.google.com/file/d/10lYjlSsG7pZoZK9LX6vTVWTpYcEavSQh/view?usp=drivesdk,,
861,Rivaguero,Po75,-12.071191,-77.0824922,Ichu,Jarava ichu,Planta herbácea,1,https://drive.google.com/file/d/1r06xhCD2saVofe68C-5GOY4e1cVKRPO-/view?usp=drivesdk,,
862,Rivaguero,Po76,-12.0711002144505,-77.0824693143348,Ichu,Jarava ichu,Planta herbácea,1,https://drive.google.com/file/d/1h0Xqy6IPvIYjqoo9rkmPVe31gWPU6RQK/view?usp=drivesdk,,
863,Rivaguero,Po77,-12.0710123407494,-77.0824331045165,Ichu,Jarava ichu,Planta herbácea,1,https://drive.google.com/file/d/1GStZ9LVeMh2yyhay2dvRVpUOZDmjtJr1/view?usp=drivesdk,,
864,Rivaguero,Po78,-12.070891715174,-77.0824089646306,Ichu,Jarava ichu,Planta herbácea,1,https://drive.google.com/file/d/1_I6u9Zq_bJKWpSbsQfi8ISKakKFxfmnZ/view?usp=drivesdk,,
865,Rivaguero,Po79,-12.0707739,-77.0823657,Ichu,Jarava ichu,Planta herbácea,1,https://drive.google.com/file/d/1QIqLPInwSW2ov3-BpdX16dvcLXN0HSen/view?usp=drivesdk,,
866,Rivaguero,Po80,-12.0706503,-77.0823105,Ichu,Jarava ichu,Planta herbácea,1,https://drive.google.com/file/d/1EkTKxZOhP6hOXoYkEYpGVb4Hu8-Y82FF/view?usp=drivesdk,,
867,Rivaguero,Po81,-12.0705954,-77.0822956,Ichu,Jarava ichu,Planta herbácea,1,https://drive.google.com/file/d/1lxkm1hG5A3wdFeDWI5DDbaUPZXXJlypb/view?usp=drivesdk,,
868,Rivaguero,Po82,-12.070484,-77.0822406,Ichu,Jarava ichu,Planta herbácea,1,https://drive.google.com/file/d/1HBRxy2UwatDBsFOpwsC42bOMNMo0T7QE/view?usp=drivesdk,,
869,Rivaguero,Po83,-12.0703701,-77.0822064,Ichu,Jarava ichu,Planta herbácea,1,https://drive.google.com/file/d/17te-L4PzP-lQDvMHWLILBCjaxbf6C9FT/view?usp=drivesdk,,
870,Rivaguero,Po84,-12.0702687420139,-77.082186341283,Ichu,Jarava ichu,Planta herbácea,1,https://drive.google.com/file/d/170exzBdTTkvQKTLrUYQMX9y-SdEYDN7e/view?usp=drivesdk,,
871,Rivaguero,Po85,-12.0701756523669,-77.0821622014036,Ichu,Jarava ichu,Planta herbácea,1,https://drive.google.com/file/d/170Nl6l6LBNBxibm3CSXNvPbL2ylDXRH8/view?usp=drivesdk,,
872,Rivaguero,Po86,-12.0700694111572,-77.0821192860587,Ichu,Jarava ichu,Planta herbácea,1,https://drive.google.com/file/d/1n54oz__kc94qrzUh3WRVtZ2HdlcRaDPn/view?usp=drivesdk,,
873,Rivaguero,Po87,-12.070005152668,-77.0820951461744,Ichu,Jarava ichu,Planta herbácea,1,https://drive.google.com/file/d/1-1q3KjeqCC4VQ_48u2_qfmWFaMgtAo2X/view?usp=drivesdk,,
874,Rivaguero,Po88,-12.0699185850399,-77.0820669829756,Ichu,Jarava ichu,Planta herbácea,1,https://drive.google.com/file/d/1IQg7n0LJlv3gwaVFAUg9ha8jVO7rsLbB/view?usp=drivesdk,,
875,Rivaguero,Po89,-12.0695172778453,-77.0816740393605,Ficus benjamina,Ficus benjamina L.,Árbol,1,https://drive.google.com/file/d/1sSf0xC7Mmdn43Cf8vo6rELmWOllKQQPK/view?usp=drivesdk,,
876,Rivaguero,Po90,-12.069359912783,-77.0816136896586,Ponciana,Delonix regia,Árbol,1,https://drive.google.com/file/d/1V1H7KgZXRZP-vfV2JLJ6XwL7_AAHay7y/view?usp=drivesdk,,
877,Rivaguero,Po91,-12.0693061397015,-77.0815922319866,Ponciana,Delonix regia,Árbol,1,https://drive.google.com/file/d/15UP4da6S84s6tOyQYFHUBUO46Xxy4RTK/view?usp=drivesdk,,
878,Rivaguero,Po92,-12.0692444971301,-77.0815734565266,Ponciana,Delonix regia,Árbol,1,https://drive.google.com/file/d/1324W2pFTGXoYRC6j-_DXIbjWzKTxQFCJ/view?usp=drivesdk,,
879,Rivaguero,Po93,-12.0691564,-77.0815442,Ponciana,Delonix regia,Árbol,1,https://drive.google.com/file/d/1Qq7tkg_zNc_r8QUgxDT48Sy0sVCL1fqY/view?usp=drivesdk,,
880,Rivaguero,Po94,-12.0691039,-77.0815288,Ponciana,Delonix regia,Árbol,1,https://drive.google.com/file/d/1EKAzvoAlKOMNz6CB2lzP9nQCN_gitNBv/view?usp=drivesdk,,
881,Rivaguero,Po95,-12.0690397,-77.081508,Ponciana,Delonix regia,Árbol,1,https://drive.google.com/file/d/13-aW9LWTzQUm5CosggDF3SlI6Mb1UPEF/view?usp=drivesdk,,
882,Rivaguero,Po96,-12.0689677,-77.0814931,Ponciana,Delonix regia,Árbol,1,https://drive.google.com/file/d/1g52mUhucuwYBOUvv_6D-Q0grvTLtMvZi/view?usp=drivesdk,,
883,Rivaguero,Po97,-12.0688973,-77.0814577,Ponciana,Delonix regia,Árbol,1,https://drive.google.com/file/d/1WI7SpbCKfTkEiK9w4aBFagk6gnbiDnZx/view?usp=drivesdk,,
884,Rivaguero,Po98,-12.0688722,-77.0814643,Ponciana,Delonix regia,Árbol,1,https://drive.google.com/file/d/1No-NWRvHMmAFZ4SX2TrOhdM2DUr9qW17/view?usp=drivesdk,,
885,Rivaguero,Po99,-12.0688012,-77.0814383,Ponciana,Delonix regia,Árbol,1,https://drive.google.com/file/d/1zbff5eVXPdHHlh_xMO6ME5ZlWMsdR0Ni/view?usp=drivesdk,,
886,Rivaguero,Po100,-12.068733,-77.081433,Ponciana,Delonix regia,Árbol,1,https://drive.google.com/file/d/1sAqzMdvZk9S0SMK4ZTDo9yVp68HYnrzJ/view?usp=drivesdk,,
887,Rivaguero,Po101,-12.0686722,-77.0814302,Ponciana,Delonix regia,Árbol,1,https://drive.google.com/file/d/1JUxUtKS0JDSkbZyipKrGPLGIhYpNWIDQ/view?usp=drivesdk,,
888,Rivaguero,Po102,-12.0686149,-77.0814317,Ponciana,Delonix regia,Árbol,1,https://drive.google.com/file/d/14k7RIjbgoPwUxXAdTQPXKKaVap7vzeHT/view?usp=drivesdk,,
889,Rivaguero,Po103,-12.0685499,-77.0814083,Ponciana,Delonix regia,Árbol,1,https://drive.google.com/file/d/1sNcja-_JaCFKFAPu3S4pLtFzJDlWlWHH/view?usp=drivesdk,,
890,Rivaguero,Po104,-12.0684808,-77.0814055,Ponciana,Delonix regia,Árbol,1,https://drive.google.com/file/d/1AxP3Mjb93yhuDUaozc9BXicNXhviSyqj/view?usp=drivesdk,,
891,Rivaguero,Po105,-12.0683422160058,-77.0813830196841,Ponciana,Delonix regia,Árbol,1,https://drive.google.com/file/d/1TJNUtt7RtM-_povwX5QH7Bra8hd8bjNn/view?usp=drivesdk,,
892,Rivaguero,Po106,-12.0682779574613,-77.0813776552666,Ponciana,Delonix regia,Árbol,1,https://drive.google.com/file/d/1cJo_4jocnRYrjod0F7xrRAVShdrzCWZt/view?usp=drivesdk,,
893,Rivaguero,Po107,-12.0682031,-77.0813584,Ponciana,Delonix regia,Árbol,1,https://drive.google.com/file/d/1VhjF0UHUBjvWXMIADHY3esvQek6xuFNk/view?usp=drivesdk,,
894,Rivaguero,Po108,-12.0681358,-77.0813445,Ponciana,Delonix regia,Árbol,1,https://drive.google.com/file/d/1T5IYPRsbiiaO3yA391Mi9uVaoL99Yu2s/view?usp=drivesdk,,
895,Rivaguero,Po109,-12.0680746846243,-77.0813454687578,Ponciana,Delonix regia,Árbol,1,https://drive.google.com/file/d/1sIi5cP1FL5ByxyKLDVahpUj01g-5qMTs/view?usp=drivesdk,,
896,Rivaguero,Po110,-12.0680135,-77.0813418,Ponciana,Delonix regia,Árbol,1,https://drive.google.com/file/d/1IjKZy_YdswUfDuLCJTDI9FHO0Uhoknnk/view?usp=drivesdk,,
897,Rivaguero,Po111,-12.0679778,-77.0813293,Ponciana,Delonix regia,Árbol,1,https://drive.google.com/file/d/1igRjXpymJ9vEKSSj27pl8FxChiPt4XrZ/view?usp=drivesdk,,
898,Rivaguero,Po112,-12.0678936997505,-77.0813280344001,Ponciana,Delonix regia,Árbol,1,https://drive.google.com/file/d/1NW-K0d1bP7qgX9TrNvv8S5CZMKA8r6ty/view?usp=drivesdk,,
899,Rivaguero,Po113,-12.067816,-77.0813259,Ponciana,Delonix regia,Árbol,1,https://drive.google.com/file/d/1XWBTVJq09P4u99kuYl2J_gQu89WcsPtO/view?usp=drivesdk,,
900,Rivaguero,Po114,-12.0677858,-77.0813232,Ponciana,Delonix regia,Árbol,1,https://drive.google.com/file/d/1l327QZY7FsH-IXS_OLp9BgghgXkzxdIR/view?usp=drivesdk,,
901,Rivaguero,Po115,-12.0677293,-77.0813141,Ponciana,Delonix regia,Árbol,1,https://drive.google.com/file/d/1AQgRX2m6BUvEu2Dv-CYI_bnoYjOMVa-x/view?usp=drivesdk,,
902,Rivaguero,Po116,-12.0676008,-77.0813243,Ponciana,Delonix regia,Árbol,1,https://drive.google.com/file/d/1I83JL_9ZdvBPsfih9I3Vy-KmSZgbBvE0/view?usp=drivesdk,,
903,Rivaguero,Po117,-12.067547,-77.0813144,Ponciana,Delonix regia,Árbol,1,https://drive.google.com/file/d/1g7dYaLfnzJdw_2kQM2iB6r9-dGjgGS-B/view?usp=drivesdk,,
904,Rivaguero,Po118,-12.0674845131733,-77.0813119411446,Ponciana,Delonix regia,Árbol,1,https://drive.google.com/file/d/1AfHn0V5RTRMzmMO9jibjD7v-rWaUf-MT/view?usp=drivesdk,,
905,Rivaguero,Po119,-12.0675418,-77.0814399,Ponciana,Delonix regia,Árbol,1,https://drive.google.com/file/d/1nPEIdLUOcI-xXOJtlF3sS7J0_eSg-rss/view?usp=drivesdk,,
906,Rivaguero,Po120,-12.0676133,-77.0814383,Ponciana,Delonix regia,Árbol,1,https://drive.google.com/file/d/1VobvqTLrW7HumVUmtHNVwtViV9HSaivc/view?usp=drivesdk,,
907,Rivaguero,Po121,-12.067673,-77.0814541,Ponciana,Delonix regia,Árbol,1,https://drive.google.com/file/d/1elAm-VJfec7ZJpYubZar5Ff_YzPd0geb/view?usp=drivesdk,,
908,Rivaguero,Po122,-12.0677487,-77.0814383,Ponciana,Delonix regia,Árbol,1,https://drive.google.com/file/d/1NIJrBbEYJAFihZeies4eo6WLKeNAJ3vT/view?usp=drivesdk,,
909,Rivaguero,Po123,-12.0678124,-77.0814475,Ponciana,Delonix regia,Árbol,1,https://drive.google.com/file/d/1mHVl7ElRykzODDkhDqyKoXLZXMcpUYxO/view?usp=drivesdk,,
910,Rivaguero,Po124,-12.0678818872168,-77.0814701914809,Ponciana,Delonix regia,Árbol,1,https://drive.google.com/file/d/1CcwzFjYZv1r1Qxt9dxztezITxKUUnSdf/view?usp=drivesdk,,
911,Rivaguero,Po125,-12.0679231,-77.0814606,Ponciana,Delonix regia,Árbol,1,https://drive.google.com/file/d/16DJ26Q8veP8Air65oq0slZjLwqDI849R/view?usp=drivesdk,,
912,Rivaguero,Po126,-12.0680065,-77.0814717,Ponciana,Delonix regia,Árbol,1,https://drive.google.com/file/d/1zreU_aN_79Mm4evI38d1ajHWipqnZHtj/view?usp=drivesdk,,
913,Rivaguero,Po127,-12.0680754,-77.0814746,Ponciana,Delonix regia,Árbol,1,https://drive.google.com/file/d/1VBcv-AHH4WyZhFs6z7pnVcaOrQ8mYwYG/view?usp=drivesdk,,
914,Rivaguero,Po128,-12.0681096,-77.0814846,Ponciana,Delonix regia,Árbol,1,https://drive.google.com/file/d/1QdzxaqEKX-OYz7_JNAHzjdN0gOB1ebsD/view?usp=drivesdk,,
915,Rivaguero,Po129,-12.0682174,-77.081507,Ponciana,Delonix regia,Árbol,1,https://drive.google.com/file/d/1Yw5x43BVoBdtw3ADyURo3sKLFLcnEdmd/view?usp=drivesdk,,
916,Rivaguero,Po130,-12.0682462,-77.081502,Ponciana,Delonix regia,Árbol,1,https://drive.google.com/file/d/1xVmfoDn_-P_7MHYGSS8xzlREyCbQ2EAU/view?usp=drivesdk,,
917,Rivaguero,Po131,-12.0685135,-77.0815501,Ponciana,Delonix regia,Árbol,1,https://drive.google.com/file/d/16_LCPMlaXW8yv8Kxwv9Z9hUBFrBnE9LE/view?usp=drivesdk,,
918,Rivaguero,Po132,-12.0685686,-77.0815629,Ponciana,Delonix regia,Árbol,1,https://drive.google.com/file/d/1jHtuAcjKe_mbfj-GdCvyx3cNKM8pZISB/view?usp=drivesdk,,
919,Rivaguero,Po133,-12.0686255011901,-77.0815680921055,Ponciana,Delonix regia,Árbol,1,https://drive.google.com/file/d/1Py_BoKAGGnFOAps0DBOIp_7p-TiISXk0/view?usp=drivesdk,,
920,Rivaguero,Po134,-12.068703,-77.0815772,Ponciana,Delonix regia,Árbol,1,https://drive.google.com/file/d/1HLwIIpemyvgQSfR3z6PF0uR3C7gSZQ3B/view?usp=drivesdk,,
921,Rivaguero,Po135,-12.0687503,-77.0816043,Ponciana,Delonix regia,Árbol,1,https://drive.google.com/file/d/1HZT2sp2FR4JEgmHLhjVwZdD5_aICzmJc/view?usp=drivesdk,,
922,Rivaguero,Po136,-12.068814,-77.0815878,Ponciana,Delonix regia,Árbol,1,https://drive.google.com/file/d/1s4iZPYju_rnlH-1hN2n_YfpnROiTsOwK/view?usp=drivesdk,,
923,Rivaguero,Po137,-12.0688699,-77.0816173,Ponciana,Delonix regia,Árbol,1,https://drive.google.com/file/d/1UxGyXwJZT4PchCntvXK3JR7uHJf01dF7/view?usp=drivesdk,,
924,Rivaguero,Po138,-12.0689255,-77.0816405,Ponciana,Delonix regia,Árbol,1,https://drive.google.com/file/d/1BvJa5V3We9n_XGk0C7lTzgkFKU1E8EPo/view?usp=drivesdk,,
925,Rivaguero,Po139,-12.0690151,-77.0816419,Ponciana,Delonix regia,Árbol,1,https://drive.google.com/file/d/1uFg8A5a1NwwQ4nqf_q33Y0QxD-Wf14GC/view?usp=drivesdk,,
926,Rivaguero,Po140,-12.069061,-77.0816555,Ponciana,Delonix regia,Árbol,1,https://drive.google.com/file/d/1GieG3LyGd0n7tBpKhlwn-V5dDyUJ5r9A/view?usp=drivesdk,,
927,Rivaguero,Po141,-12.0691448268529,-77.0816928148271,Ponciana,Delonix regia,Árbol,1,https://drive.google.com/file/d/1mTCxVRGwehV9sK6UrMeWmFGpTGP3o1yZ/view?usp=drivesdk,,
928,Rivaguero,Po142,-12.0692104027515,-77.0817115902876,Ponciana,Delonix regia,Árbol,1,https://drive.google.com/file/d/1oUBmveMvhGnYJZuxD9e1-oLkHM2rPGC5/view?usp=drivesdk,,
929,Rivaguero,Po143,-12.0692681030541,-77.0817276835408,Ponciana,Delonix regia,Árbol,1,https://drive.google.com/file/d/1vmOUXf6mAd4ZJhpvTHF3eeGCv6guYbM7/view?usp=drivesdk,,
930,Rivaguero,Po144,-12.069331061028,-77.0817370712729,Ponciana,Delonix regia,Árbol,1,https://drive.google.com/file/d/1mLj9TJC0dT2q3owanHM3B5z1nERBiufg/view?usp=drivesdk,,
931,Rivaguero,Po145,-12.0693244965504,-77.0818805694563,Ichu,Jarava ichu,Planta herbácea,1,https://drive.google.com/file/d/1CZ0-lU-mdEXNJsJSwe3G7TmJuPY4kfP-/view?usp=drivesdk,,
932,Rivaguero,Po146,-12.0692530020602,-77.0818658173057,Ichu,Jarava ichu,Planta herbácea,1,https://drive.google.com/file/d/1-SCTtU5Y_b6F4v3xgrqfsnRgiCeYSZS7/view?usp=drivesdk,,
933,Rivaguero,Po147,-12.0691120475116,-77.0818202197541,Ichu,Jarava ichu,Planta herbácea,1,https://drive.google.com/file/d/1WA6HxYBqPsRLZmIjQtU5edl5WgElpNZ-/view?usp=drivesdk,,
934,Rivaguero,Po148,-12.0690338,-77.0817977,Ichu,Jarava ichu,Planta herbácea,1,https://drive.google.com/file/d/1G-1VL1de7n5KApPA3NS89wvIWUY8I--N/view?usp=drivesdk,,
935,Rivaguero,Po149,-12.0689559757268,-77.0817866921425,Ichu,Jarava ichu,Planta herbácea,1,https://drive.google.com/file/d/16NDtPKc4CbExjITafNI2JDllytlf_WZL/view?usp=drivesdk,,
936,Rivaguero,Po150,-12.0688300405652,-77.0817545056319,Ichu,Jarava ichu,Planta herbácea,1,https://drive.google.com/file/d/11ZDOE4Vydzlla-ZwHqyLORtkNzWJmte1/view?usp=drivesdk,,
937,Rivaguero,Po151,-12.0687710470108,-77.0817357301763,Ichu,Jarava ichu,Planta herbácea,1,https://drive.google.com/file/d/1TiiaVC3JEaZIg110UMQuth7gZcLu1jm3/view?usp=drivesdk,,
938,Rivaguero,Po152,-12.0684788,-77.0816874,Ichu,Jarava ichu,Planta herbácea,1,https://drive.google.com/file/d/1BLSCsJdRQmMQIP57P7_O6tIYSd4ea3wi/view?usp=drivesdk,,
939,Rivaguero,Po153,-12.0683382862779,-77.0816659927349,Ichu,Jarava ichu,Planta herbácea,1,https://drive.google.com/file/d/1qYs8_C8X72bSXbsO5LsqDAecNxyZ2t6p/view?usp=drivesdk,,
940,Rivaguero,Po154,-12.068243,-77.0816575,Ichu,Jarava ichu,Planta herbácea,1,https://drive.google.com/file/d/1QHvDDkUEW-jEWw4ouLv4oyQWY1DH5pJx/view?usp=drivesdk,,
941,Rivaguero,Po155,-12.068142874384,-77.0816324651224,Ichu,Jarava ichu,Planta herbácea,1,https://drive.google.com/file/d/1qmx9iG3vAR9CTmj04-gf8zABy-NHRFCv/view?usp=drivesdk,,
942,Rivaguero,Po156,-12.0680407,-77.0816179,Ichu,Jarava ichu,Planta herbácea,1,https://drive.google.com/file/d/1vCdW2Yr8JjPkbUo4xIopA3QAI_hxzO_q/view?usp=drivesdk,,
943,Rivaguero,Po157,-12.0679459,-77.0816073,Ichu,Jarava ichu,Planta herbácea,1,https://drive.google.com/file/d/1MsDtQWJKXH41ONGSGxV-v5E_Fj6HYkkV/view?usp=drivesdk,,
944,Rivaguero,Po158,-12.067880575391,-77.0816136896635,Ichu,Jarava ichu,Planta herbácea,1,https://drive.google.com/file/d/1Kgh27JIlHWItVUnqAGZZa4YzaznLlYPl/view?usp=drivesdk,,
945,Rivaguero,Po159,-12.0678251,-77.0816161,Ichu,Jarava ichu,Planta herbácea,1,https://drive.google.com/file/d/1W5e02hRXQxfmwiSiDfOFjwnoAyJQrNLw/view?usp=drivesdk,,
946,Rivaguero,Po160,-12.0676655008359,-77.0815989375097,Ichu,Jarava ichu,Planta herbácea,1,https://drive.google.com/file/d/1HBVUAPvEdqm6YB-HdAx6yCxxAkYXauXH/view?usp=drivesdk,,
947,Rivaguero,Po161,-12.0675685,-77.0815996,Ichu,Jarava ichu,Planta herbácea,1,https://drive.google.com/file/d/1V7y_q2kO9uV4PnZ9tbiMXvgvw4Kiswse/view?usp=drivesdk,,
948,Bosque húmedo,BH1,-12.0736718994297,-77.0797287962311,Palo borracho (Ceiba),Ceiba speciosa,Árbol,1,https://drive.google.com/file/d/1TrxdLAJp3CZSsULdga05bsoSR_jn5pEr/view?usp=drivesdk,,
949,Bosque húmedo,BH2,-12.0736797733147,-77.0797093479582,Palo borracho (Ceiba),Ceiba speciosa,Árbol,1,https://drive.google.com/file/d/197xeOYzp2cgrdBGPSGoZLI6D-8Xv_78J/view?usp=drivesdk,,
950,Bosque húmedo,BH3,-12.0736882972271,-77.079689228446,Palo borracho (Ceiba),Ceiba speciosa,Árbol,1,https://drive.google.com/file/d/1_YCLsJuJ_4tjoCzUFdREG2wyGee4hneM/view?usp=drivesdk,,
951,Bosque húmedo,BH4,-12.0737007633353,-77.0796670974733,Palo borracho (Ceiba),Ceiba speciosa,Árbol,1,https://drive.google.com/file/d/1asYXFBNseaGke6oRFJrg1ltYfdAgWPyQ/view?usp=drivesdk,,
952,Bosque húmedo,BH5,-12.0737073222786,-77.0796456383289,Palo borracho (Ceiba),Ceiba speciosa,Árbol,1,https://drive.google.com/file/d/1XHi4OxVdhxkAak9VW0CnwGbwHIGK9PbI/view?usp=drivesdk,,
953,Bosque húmedo,BH6,-12.0737185010282,-77.0796275298845,Palo borracho (Ceiba),Ceiba speciosa,Árbol,1,https://drive.google.com/file/d/1Ywow-kygiuIcHweTzSJAhYUkuOUafUST/view?usp=drivesdk,,
954,Bosque húmedo,BH7,-12.0737244200137,-77.0796040583962,Palo borracho (Ceiba),Ceiba speciosa,Árbol,1,https://drive.google.com/file/d/1yh44Iie2Nt3bUBJD3O4JS3yCToSK8Ih0/view?usp=drivesdk,,
955,Bosque húmedo,BH8,-12.073726387609,-77.0795866214856,Palo borracho (Ceiba),Ceiba speciosa,Árbol,1,https://drive.google.com/file/d/1Wo8FRdZw4Pu6Zue1HW2_LKUHKH6LhCAZ/view?usp=drivesdk,5217,
956,Bosque húmedo,BH9,-12.0737172106057,-77.0795651645988,Palo borracho (Ceiba),Ceiba speciosa,Árbol,1,https://drive.google.com/file/d/1j5ON2VtMD0np5hkR1mGmANcYxnUIIXeN/view?usp=drivesdk,,
957,Bosque húmedo,BH10,-12.0737211523637,-77.0795383437846,Palo borracho (Ceiba),Ceiba speciosa,Árbol,1,https://drive.google.com/file/d/1irbDYXhE3Cq69QpuHBtyruclTd3O5BzB/view?usp=drivesdk,,
958,Bosque húmedo,BH11,-12.0738178,-77.079335,Palo borracho (Ceiba),Ceiba speciosa,Árbol,1,https://drive.google.com/file/d/1kZYO0RYAnSzKwxQ0oDYQ_efohvlTYKpR/view?usp=drivesdk,,
959,Bosque húmedo,BH12,-12.0737375177588,-77.0794854098106,Palo borracho (Ceiba),Ceiba speciosa,Árbol,1,https://drive.google.com/file/d/1sbUxuQEBmyVzkV9CFX2_xA9dr-vLSI_V/view?usp=drivesdk,,
960,Bosque húmedo,BH13,-12.0737538761476,-77.0794579021507,Palo borracho (Ceiba),Ceiba speciosa,Árbol,1,https://drive.google.com/file/d/1a1lV1D9j1YbTw1r_DrzPpXJOH19Fh63d/view?usp=drivesdk,,
961,Bosque húmedo,BH14,-12.0737630746033,-77.0794290584903,Palo borracho (Ceiba),Ceiba speciosa,Árbol,1,https://drive.google.com/file/d/1rWCSIm-JVvf2fJIEJYUZnBnTdS7SAvZc/view?usp=drivesdk,,
962,Bosque húmedo,BH15,-12.0737650527062,-77.0794049089901,Palo borracho (Ceiba),Ceiba speciosa,Árbol,1,https://drive.google.com/file/d/19PRYAVxEqqWqD_NUhug9XrB6hOsNv4lY/view?usp=drivesdk,,
