codigo,referencia_catastro,placa_antigua,nombre_cientifico,nombre_comun,nombres_alternativos,familia,tipo_vegetacion,tipo_elemento,cantidad,ubicacion_catastro,latitud,longitud,origen_medidas,altura_m,altura_fuste_m,dap_cm,radio_copa_m,zunchado,foto,observaciones
EV-000001,p01,,Roystonea regia,Palmera real,,Arecaceae,Palmera,Ejemplar,1,Educación,-12.067219,-77.079643,Medido,7.5,6.0,150.0,3.4,Sí,https://drive.google.com/file/d/1-NeMHz57fE9OH8iZRXDXDjqDAeoIghyi/view?usp=drivesdk,Medida en «mediciones forestales - palmeras».
EV-000002,p02,,Roystonea regia,Palmera real,,Arecaceae,Palmera,Ejemplar,1,Educación,-12.067226,-77.079638,Medido,7.0,5.5,143.0,3.4,Sí,https://drive.google.com/file/d/1UnJp82NV1q3vdRFDGXdX7yQycSwjvKjO/view?usp=drivesdk,Medida en «mediciones forestales - palmeras».
EV-000003,p03,,Roystonea regia,Palmera real,,Arecaceae,Palmera,Ejemplar,1,Educación,-12.067282,-77.079621,Medido,7.5,6.0,192.0,3.5,Sí,https://drive.google.com/file/d/13vdeHeWrQ8xU5tIt4-hCQxmeF70LtY0j/view?usp=drivesdk,Medida en «mediciones forestales - palmeras».
EV-000004,p04,,Roystonea regia,Palmera real,,Arecaceae,Palmera,Ejemplar,1,Educación,-12.067417,-77.079647,Medido,7.0,5.5,207.0,3.4,Sí,https://drive.google.com/file/d/1Z1Zf9XcJXTCSjz8MaJHIb1O5oQtGmusR/view?usp=drivesdk,Medida en «mediciones forestales - palmeras».
EV-000005,p05,,Roystonea regia,Palmera real,,Arecaceae,Palmera,Ejemplar,1,Educación,-12.067461,-77.079675,Medido,7.0,5.5,122.0,3.3,No,https://drive.google.com/file/d/1GM1jjLyUr8YSq-jDAUl4PtwYtSleLz8c/view?usp=drivesdk,Medida en «mediciones forestales - palmeras».
EV-000006,p06,,Roystonea regia,Palmera real,,Arecaceae,Palmera,Ejemplar,1,Educación,-12.067481,-77.079671,Medido,6.8,5.3,145.0,2.8,No,https://drive.google.com/file/d/1e0XPelufVFcHSX7AXN-FBMCU-BOLlAQS/view?usp=drivesdk,Medida en «mediciones forestales - palmeras».
EV-000007,p07,,Roystonea regia,Palmera real,,Arecaceae,Palmera,Ejemplar,1,Educación,-12.067532,-77.079648,Medido,6.7,5.3,170.0,3.4,Sí,https://drive.google.com/file/d/1UL5cGUTGlCSeN6oAjNh6vbYjAw3eyXqR/view?usp=drivesdk,Medida en «mediciones forestales - palmeras».
EV-000008,p08,,Roystonea regia,Palmera real,,Arecaceae,Palmera,Ejemplar,1,Educación,-12.067578,-77.079648,Medido,6.6,5.0,160.0,3.4,Sí,https://drive.google.com/file/d/1elgYrlQejO4IS8CMqsICL1cnF7FLRwGb/view?usp=drivesdk,Medida en «mediciones forestales - palmeras».
EV-000009,p09,,Roystonea regia,Palmera real,,Arecaceae,Palmera,Ejemplar,1,Educación,-12.067712,-77.079649,Medido,6.5,5.0,157.0,3.3,Sí,https://drive.google.com/file/d/1_zqZAiBrkNuA5LyokTuJyYUh8wytAyjp/view?usp=drivesdk,Medida en «mediciones forestales - palmeras».
EV-000010,p10,,Roystonea regia,Palmera real,,Arecaceae,Palmera,Ejemplar,1,Educación,-12.067816,-77.079607,Medido,6.4,5.0,133.0,2.8,Sí,https://drive.google.com/file/d/11wKGkCTajsfbOY40XEqwZUxIzlAza8cR/view?usp=drivesdk,Medida en «mediciones forestales - palmeras».
EV-000011,p11,,Roystonea regia,Palmera real,,Arecaceae,Palmera,Ejemplar,1,Educación,-12.067774,-77.079618,Medido,6.3,4.9,167.0,3.7,No,https://drive.google.com/file/d/1AnT4lnIYw6pXVMsMdDOZGgKYyaAnXO5R/view?usp=drivesdk,Medida en «mediciones forestales - palmeras».
EV-000012,p12,,Roystonea regia,Palmera real,,Arecaceae,Palmera,Ejemplar,1,hallazgos,-12.06788,-77.079633,Medido,6.2,4.7,132.0,3.7,No,https://drive.google.com/file/d/1IqUIuVwDZ6HmLredI6QWSqhi1gmu0MZm/view?usp=drivesdk,Medida en «mediciones forestales - palmeras».
EV-000013,p13,,Roystonea regia,Palmera real,,Arecaceae,Palmera,Ejemplar,1,hallazgos,-12.067959,-77.079642,Medido,6.5,5.0,135.0,3.5,Sí,https://drive.google.com/file/d/1sr1kUXa4xmsPBxWih3LhZLaUY6rK9cFa/view?usp=drivesdk,Medida en «mediciones forestales - palmeras».
EV-000014,p14,,Roystonea regia,Palmera real,,Arecaceae,Palmera,Ejemplar,1,hallazgos,-12.067983,-77.079627,Medido,6.5,5.0,166.0,3.5,Sí,https://drive.google.com/file/d/1jynry8Veple5A-Biow_Ei32QQnE1zYpT/view?usp=drivesdk,Medida en «mediciones forestales - palmeras».
EV-000015,p15,,Roystonea regia,Palmera real,,Arecaceae,Palmera,Ejemplar,1,Tinkuy,-12.068064,-77.079618,Medido,6.5,5.0,117.0,3.6,Sí,https://drive.google.com/file/d/1dCzYO10YhMb99_joNZWnXOsuGjG4EqzB/view?usp=drivesdk,Medida en «mediciones forestales - palmeras».
EV-000016,p16,,Roystonea regia,Palmera real,,Arecaceae,Palmera,Ejemplar,1,Tinkuy,-12.068139,-77.079616,Medido,6.5,5.0,129.0,3.6,No,https://drive.google.com/file/d/1jcvKJcxMm3ipezhwcbPHsUvhubvOzCAv/view?usp=drivesdk,Medida en «mediciones forestales - palmeras».
EV-000017,p17,,Roystonea regia,Palmera real,,Arecaceae,Palmera,Ejemplar,1,Tinkuy,-12.068185,-77.079607,Medido,5.5,4.0,120.0,3.6,Sí,https://drive.google.com/file/d/1mFju8AdndO4N6SlkChF6TumqA_WaNNBv/view?usp=drivesdk,Medida en «mediciones forestales - palmeras».
EV-000018,p18,,Roystonea regia,Palmera real,,Arecaceae,Palmera,Ejemplar,1,Tinkuy,-12.068235,-77.079589,Medido,6.0,4.7,124.0,3.6,No,https://drive.google.com/file/d/1Zdz85TVo3jvkP11nftsuWBYDDDYLKX-q/view?usp=drivesdk,Medida en «mediciones forestales - palmeras».
EV-000019,p19,,Roystonea regia,Palmera real,,Arecaceae,Palmera,Ejemplar,1,Tinkuy,-12.068248,-77.079573,Medido,7.5,6.0,135.0,3.5,No,https://drive.google.com/file/d/1Bf-OAjwaWnogJRlQNkJTl-hRiYm2GolK/view?usp=drivesdk,Medida en «mediciones forestales - palmeras».
EV-000020,p20,,Roystonea regia,Palmera real,,Arecaceae,Palmera,Ejemplar,1,Juan valdez,-12.0686556569468,-77.0795162022114,Medido,6.5,5.0,63.0,3.5,Sí,https://drive.google.com/file/d/1MKXVQEEGOBYhDR6Li0b7Qndtx7XGfscX/view?usp=drivesdk,Medida en «mediciones forestales - palmeras».
EV-000021,p21,,Syagrus romanzoffiana,Palmera reina,Palmera bruja,Arecaceae,Palmera,Ejemplar,1,Mac Gregor,-12.068648,-77.079167,Medido,7.5,6.0,76.0,2.8,No,https://drive.google.com/file/d/1530h7qgVDorwrvBsdtRP9cMYqNUAzhgp/view?usp=drivesdk,Medida en «mediciones forestales - palmeras».
EV-000022,p22,,Syagrus romanzoffiana,Palmera reina,Palmera bruja,Arecaceae,Palmera,Ejemplar,1,Mac Gregor,-12.068658244846,-77.0790320683918,Medido,8.0,6.5,84.0,3.0,No,https://drive.google.com/file/d/1aW7kUuoRbIsqmpvS_pZaE2ceiQmB-Ifo/view?usp=drivesdk,Medida en «mediciones forestales - palmeras».
EV-000023,p23,,Syagrus romanzoffiana,Palmera reina,Palmera bruja,Arecaceae,Palmera,Ejemplar,1,Mac Gregor,-12.068644,-77.079076,Medido,7.0,5.5,89.0,2.9,No,https://drive.google.com/file/d/1ErLX7z8HxuM8WMvmHnVJhJVoTSUYtAlA/view?usp=drivesdk,Medida en «mediciones forestales - palmeras».
EV-000024,p24,,Syagrus romanzoffiana,Palmera reina,Palmera bruja,Arecaceae,Palmera,Ejemplar,1,Mac Gregor,-12.068591,-77.079081,Medido,7.0,5.5,94.0,3.2,No,https://drive.google.com/file/d/1tkV5ebzmxbtd9OsMqvnvB_tp1R4zStkS/view?usp=drivesdk,Medida en «mediciones forestales - palmeras».
EV-000025,p25,,Syagrus romanzoffiana,Palmera reina,Palmera bruja,Arecaceae,Palmera,Ejemplar,1,Mac Gregor,-12.068568,-77.079124,Medido,7.0,5.5,77.0,3.1,No,https://drive.google.com/file/d/1xkYRgX8uQOCtoCcJd3HAKlcJOVHSqczB/view?usp=drivesdk,Medida en «mediciones forestales - palmeras».
EV-000026,p26,,Roystonea regia,Palmera real,,Arecaceae,Palmera,Ejemplar,1,Estudio tv2,-12.0687317120152,-77.0812861248862,Medido,8.0,6.5,64.0,2.1,Sí,https://drive.google.com/file/d/1aHCiBR8rzbDuR7kPlJvUHMdNWqAqm04U/view?usp=drivesdk,Medida en «mediciones forestales - palmeras».
EV-000027,p27,,Roystonea regia,Palmera real,,Arecaceae,Palmera,Ejemplar,1,Pabellón Z,-12.0687572886777,-77.0813049003461,Medido,9.5,8.0,71.0,2.6,Sí,https://drive.google.com/file/d/1E429zkkSdakeOd05jErsxj0Bu4E-8DGR/view?usp=drivesdk,Medida en «mediciones forestales - palmeras».
EV-000028,p28,,Roystonea regia,Palmera real,,Arecaceae,Palmera,Ejemplar,1,Pabellón Z,-12.06882,-77.081301,Medido,9.4,8.0,69.0,2.7,No,https://drive.google.com/file/d/1yYnz67pR8KaaSxRgyJgc0squFFxn0aeq/view?usp=drivesdk,Medida en «mediciones forestales - palmeras».
EV-000029,p29,,Roystonea regia,Palmera real,,Arecaceae,Palmera,Ejemplar,1,Pabellón Z,-12.068848,-77.081304,Medido,7.8,6.3,69.0,2.6,Sí,https://drive.google.com/file/d/13xy8isZJcYTsQMjGiQXLWnguHsx50XS2/view?usp=drivesdk,Medida en «mediciones forestales - palmeras».
EV-000030,p30,,Roystonea regia,Palmera real,,Arecaceae,Palmera,Ejemplar,1,Pabellón Z,-12.0689127254788,-77.0813320577144,Medido,8.0,6.5,62.0,2.2,Sí,https://drive.google.com/file/d/1-Q27jMF6X6Xonp9YQ9ZZXW7cUAbJCgJ4/view?usp=drivesdk,Medida en «mediciones forestales - palmeras».
EV-000031,p31,,Roystonea regia,Palmera real,,Arecaceae,Palmera,Ejemplar,1,Pabellón Z,-12.0689389539967,-77.081344127655,Medido,8.0,6.5,62.0,2.3,Sí,https://drive.google.com/file/d/1eHBPLqKPki3-XTbeigwScYYaG602B5Uu/view?usp=drivesdk,Medida en «mediciones forestales - palmeras».
EV-000032,p32,,Roystonea regia,Palmera real,,Arecaceae,Palmera,Ejemplar,1,Pabellón Z,-12.0689743494669,-77.081352174282,Medido,7.5,6.0,60.0,2.4,Sí,https://drive.google.com/file/d/1LibrBcZmYz8iLSZ0RuF_2Mq3-Yqj5tKq/view?usp=drivesdk,Medida en «mediciones forestales - palmeras».
EV-000033,p33,,Roystonea regia,Palmera real,,Arecaceae,Palmera,Ejemplar,1,Pabellón Z,-12.0690117182241,-77.0813602209125,Medido,7.5,6.0,59.0,2.3,No,https://drive.google.com/file/d/1WjgIYQfEGx3KLLWjsFUMDkZcapu_ysfb/view?usp=drivesdk,Medida en «mediciones forestales - palmeras».
EV-000034,p34,,Roystonea regia,Palmera real,,Arecaceae,Palmera,Ejemplar,1,Letras y Ciencias Humanas,-12.0692779187256,-77.0814105123268,Medido,7.5,6.0,52.0,2.3,Sí,https://drive.google.com/file/d/1Wm3zF_Vabwj3JNs5iV4GpqmZBtNlNq8i/view?usp=drivesdk,Medida en «mediciones forestales - palmeras».
EV-000035,p35,,Roystonea regia,Palmera real,,Arecaceae,Palmera,Ejemplar,1,Letras y Ciencias Humanas,-12.0691789266237,-77.0813944190722,Medido,7.0,5.5,53.0,2.4,Sí,https://drive.google.com/file/d/1LeyvEpfIHDk61Rx1UVH7ulZS5bAEqKRq/view?usp=drivesdk,Medida en «mediciones forestales - palmeras».
EV-000036,p36,,Roystonea regia,Palmera real,,Arecaceae,Palmera,Ejemplar,1,Letras y Ciencias Humanas,-12.069234651308,-77.0814024656991,Medido,7.2,5.5,52.0,2.4,Sí,https://drive.google.com/file/d/13VeqDtpEAuqlm7PHq605BfOabPqKi8HD/view?usp=drivesdk,Medida en «mediciones forestales - palmeras».
EV-000037,p37,,Roystonea regia,Palmera real,,Arecaceae,Palmera,Ejemplar,1,Letras y Ciencias Humanas,-12.0693362957405,-77.0813126116977,Medido,9.0,7.5,127.0,3.5,Sí,https://drive.google.com/file/d/1uH6dw3FF9-TJ8Gw_mm_KXRudviCp6rma/view?usp=drivesdk,Medida en «mediciones forestales - palmeras».
EV-000038,p38,,Roystonea regia,Palmera real,,Arecaceae,Palmera,Ejemplar,1,Letras y Ciencias Humanas,-12.06934,-77.081256,Medido,9.5,8.0,150.0,3.1,No,https://drive.google.com/file/d/1tm7Azq2NNdmtkJRT9pLZeLN3eIvhNlmr/view?usp=drivesdk,Medida en «mediciones forestales - palmeras».
EV-000039,p39,,Roystonea regia,Palmera real,,Arecaceae,Palmera,Ejemplar,1,Letras y Ciencias Humanas,-12.069355985044,-77.0811268687281,Medido,10.0,8.5,1722.0,4.5,Sí,https://drive.google.com/file/d/1bLMet3BNwKGIRVA4PwjlvCoPUFWcCmMs/view?usp=drivesdk,Medida en «mediciones forestales - palmeras».
EV-000040,p40,,Roystonea regia,Palmera real,,Arecaceae,Palmera,Ejemplar,1,Pabellón Z,-12.069338,-77.080604,Medido,8.0,6.5,162.0,3.5,No,https://drive.google.com/file/d/18XndK0h5olJeqOfGd4f5hAD6IqDigITP/view?usp=drivesdk,Medida en «mediciones forestales - palmeras».
EV-000041,p41,,Roystonea regia,Palmera real,,Arecaceae,Palmera,Ejemplar,1,Biblioteca Central,-12.0696235149669,-77.0806588232517,Medido,7.5,6.0,141.0,4.2,No,https://drive.google.com/file/d/1mjWBctsL3QMkhm6y2FIhhtAf9SErJ25s/view?usp=drivesdk,Medida en «mediciones forestales - palmeras».
EV-000042,p42,,Roystonea regia,Palmera real,,Arecaceae,Palmera,Ejemplar,1,Biblioteca de Teología,-12.069583,-77.080694,Medido,8.0,6.5,188.0,4.3,No,https://drive.google.com/file/d/1dY_YQlVzjhBmAzKBQCCSyZfcXark68sq/view?usp=drivesdk,Medida en «mediciones forestales - palmeras».
EV-000043,Mec-Pal-1,,Butia capitata,Palmera de la jalea,Butiá,Arecaceae,Palmera,Ejemplar,1,Mecánica,-12.0721529,-77.0808371,Medido,4.7,2.7,230.0,2.4,No,https://drive.google.com/file/d/1bD9XOA8ptQKR47nuaflI0zbOrqx0V7_t/view?usp=drivesdk,Medida en «mediciones forestales - palmeras».
EV-000044,Mec-Pal-2,,Sabal palmetto,Palma de guano,,Arecaceae,Palmera,Ejemplar,1,Mecánica,-12.0721987,-77.0808384,Medido,5.2,4.7,52.0,1.4,No,https://drive.google.com/file/d/1hiAkZ_g-K8v3JUq04LlZ3tvv4FGwof3p/view?usp=drivesdk,Medida en «mediciones forestales - palmeras».
EV-000045,Mec-Pal-3,,Phoenix canariensis,Palmera canaria,,Arecaceae,Palmera,Ejemplar,1,Mecánica,-12.0722368,-77.0808346,Medido,7.5,2.5,212.0,3.9,No,https://drive.google.com/file/d/1LdMBRrEXtwneVfpVgiz9DG9NzIMLURDZ/view?usp=drivesdk,Medida en «mediciones forestales - palmeras».
EV-000046,Mec-Pal-4,,Washingtonia robusta,Palmera de abanico mexicana,Washingtonia,Arecaceae,Palmera,Ejemplar,1,Mecánica,-12.0722446,-77.0808618,Medido,3.2,1.5,80.0,1.3,No,https://drive.google.com/file/d/1zvoL4dshMDp7FN0PK7caVNhQA7lrMwaV/view?usp=drivesdk,Medida en «mediciones forestales - palmeras».
EV-000047,Mec-Pal-5,,Phoenix roebelenii,Palmera enana,,Arecaceae,Palmera,Ejemplar,1,Mecánica,-12.0722681,-77.0808779,Medido,1.7,1.0,98.0,1.2,No,https://drive.google.com/file/d/1HxhdKSji-RSUfkvr5TT-6lqZCTqXuukJ/view?usp=drivesdk,Medida en «mediciones forestales - palmeras».
EV-000048,Mec-Pal-6,,Phoenix roebelenii,Palmera enana,,Arecaceae,Palmera,Ejemplar,1,Mecánica,-12.0722735,-77.0808653,Medido,1.75,1.0,95.0,1.4,No,https://drive.google.com/file/d/1wqpk0si3blMREkw5flMwmfPp1I0EKlav/view?usp=drivesdk,Medida en «mediciones forestales - palmeras».
EV-000049,Mec-Pal-7,,Washingtonia robusta,Palmera de abanico mexicana,Washingtonia,Arecaceae,Palmera,Ejemplar,1,Mecánica,-12.0722798,-77.0808193,Medido,1.6,0.0,0.0,0.6,No,https://drive.google.com/file/d/1oWQ7J-flmBA0uLkgSYiWfEuQ60Z00xzx/view?usp=drivesdk,Medida en «mediciones forestales - palmeras».
EV-000050,Mec-Pal-8,,Washingtonia robusta,Palmera de abanico mexicana,Washingtonia,Arecaceae,Palmera,Ejemplar,1,Mecánica,-12.0723296,-77.0808183,Medido,1.3,0.0,0.0,0.5,No,https://drive.google.com/file/d/1YFjYDzNvgY3dkvxiPjSrONzALzWHHY5P/view?usp=drivesdk,Medida en «mediciones forestales - palmeras».
EV-000051,Mec-Pal-9,,Washingtonia robusta,Palmera de abanico mexicana,Washingtonia,Arecaceae,Palmera,Ejemplar,1,Mecánica,-12.0723287,-77.0808307,Medido,4.0,2.5,80.0,0.7,No,https://drive.google.com/file/d/1Wskc57brV1ZigETQFW3y_CLw8-Okv83L/view?usp=drivesdk,Medida en «mediciones forestales - palmeras».
EV-000052,Mec-Pal-10,,Phoenix canariensis,Palmera canaria,,Arecaceae,Palmera,Ejemplar,1,Mecánica,-12.0723514,-77.080831,Medido,7.7,4.0,171.0,3.5,No,https://drive.google.com/file/d/1Hfzb60aev7TKjotVIWglCzwHrHsYxjUJ/view?usp=drivesdk,Medida en «mediciones forestales - palmeras».
EV-000053,Mec-Pal-11,,Phoenix canariensis,Palmera canaria,,Arecaceae,Palmera,Ejemplar,1,Mecánica,-12.0723932,-77.0808713,Medido,6.0,3.5,240.0,4.2,No,https://drive.google.com/file/d/1-h-qARpIHWt0AvFNBhlKZXhhEtSMZliV/view?usp=drivesdk,Medida en «mediciones forestales - palmeras».
EV-000054,Mec-Pal-12,,Livistona chinensis,Palmera de abanico china,,Arecaceae,Palmera,Ejemplar,1,Mecánica,-12.072397,-77.0809375,Medido,3.6,2.5,90.0,1.0,No,https://drive.google.com/file/d/16OgEcubQckypqa6pvsft8LAx3IU7Dt_F/view?usp=drivesdk,Medida en «mediciones forestales - palmeras».
EV-000055,Mec-Pal-13,,Washingtonia robusta,Palmera de abanico mexicana,Washingtonia,Arecaceae,Palmera,Ejemplar,1,Mecánica,-12.0724138,-77.0808435,Medido,4.5,3.0,92.0,1.3,No,https://drive.google.com/file/d/1aeg8MhiVtWHLwr50xCntdsXLz6pgSt5N/view?usp=drivesdk,Medida en «mediciones forestales - palmeras».
EV-000056,Mec-Pal-14,,Washingtonia robusta,Palmera de abanico mexicana,Washingtonia,Arecaceae,Palmera,Ejemplar,1,Mecánica,-12.072414,-77.0808177,Medido,4.7,3.3,97.0,1.2,No,https://drive.google.com/file/d/1B8A7Opjdv91qBIo_lDEJrs_Sb6FySA11/view?usp=drivesdk,Medida en «mediciones forestales - palmeras».
EV-000057,Mec-Pal-15,,Washingtonia robusta,Palmera de abanico mexicana,Washingtonia,Arecaceae,Palmera,Ejemplar,1,Mecánica,-12.0724264,-77.0807849,Medido,3.2,2.0,112.0,0.9,No,https://drive.google.com/file/d/1U6X-PyzPiiNZKWyt6r5H7yb0dY2Boi8I/view?usp=drivesdk,Medida en «mediciones forestales - palmeras».
EV-000058,Mec-Pal-16,,Washingtonia robusta,Palmera de abanico mexicana,Washingtonia,Arecaceae,Palmera,Ejemplar,1,Mecánica,-12.072462,-77.0807877,Medido,7.5,5.0,80.0,0.9,No,https://drive.google.com/file/d/1u9EQC3Zxg901TrJHgG99h_C-N8Ktb1E2/view?usp=drivesdk,Medida en «mediciones forestales - palmeras».
EV-000059,Mec-Pal-17,,Washingtonia robusta,Palmera de abanico mexicana,Washingtonia,Arecaceae,Palmera,Ejemplar,1,Mecánica,-12.0721636,-77.0808327,Medido,17.0,15.0,145.0,1.7,No,https://drive.google.com/file/d/12DgU2jUTjrdMXZXJ1GmgVNfsAghf4ewk/view?usp=drivesdk,Medida en «mediciones forestales - palmeras».
EV-000060,Mec-Pal-18,,Adonidia merrillii,Palmera de Navidad,,Arecaceae,Palmera,Ejemplar,1,Mecánica,-12.0721964,-77.0806922,Medido,4.5,3.2,30.0,1.9,No,https://drive.google.com/file/d/1-72otia5AAlXLP93-WXKWa0S7AIF94QR/view?usp=drivesdk,Medida en «mediciones forestales - palmeras».
EV-000061,Mec-Pal-19,,Washingtonia robusta,Palmera de abanico mexicana,Washingtonia,Arecaceae,Palmera,Ejemplar,1,Mecánica,-12.0721903,-77.0807168,Medido,11.0,8.5,150.0,1.5,No,https://drive.google.com/file/d/1cLpq_eEtzE4RlhrOkqOqSK96mZcDvPBr/view?usp=drivesdk,Medida en «mediciones forestales - palmeras».
EV-000062,Mec-Pal-20,,Phoenix canariensis,Palmera canaria,,Arecaceae,Palmera,Ejemplar,1,Mecánica,-12.0721952,-77.0807069,Medido,7.5,3.8,176.0,3.5,No,https://drive.google.com/file/d/1zctS_Z3JLuCDvnI61PsTTr117PcQEAL6/view?usp=drivesdk,Medida en «mediciones forestales - palmeras».
EV-000063,Mec-Pal-21,,Phoenix canariensis,Palmera canaria,,Arecaceae,Palmera,Ejemplar,1,Mecánica,-12.0722508,-77.0807127,Medido,9.0,4.5,230.0,5.2,No,https://drive.google.com/file/d/10NYgsK3pF2S2H9fEKvJbmPlrN9IOK-hq/view?usp=drivesdk,Medida en «mediciones forestales - palmeras».
EV-000064,Mec-Pal-22,,Washingtonia robusta,Palmera de abanico mexicana,Washingtonia,Arecaceae,Palmera,Ejemplar,1,Mecánica,-12.0721991984934,-77.0807768369148,Medido,2.5,0.8,95.0,1.0,No,https://drive.google.com/file/d/1cibm5jty_qxYzH4RD67szf6sZ98F_126/view?usp=drivesdk,Medida en «mediciones forestales - palmeras».
EV-000065,Mec-Pal-23,,Thrinax radiata,Palmera de abanico costera,,Arecaceae,Palmera,Ejemplar,1,Mecánica,-12.0722490417463,-77.0807708002759,Medido,7.0,5.8,54.0,1.8,No,https://drive.google.com/file/d/1V1PWST7iYGmjLic2UFQqPYelZnUI1QKe/view?usp=drivesdk,Medida en «mediciones forestales - palmeras».
EV-000066,Mec-Pal-24,,Livistona chinensis,Palmera de abanico china,,Arecaceae,Palmera,Ejemplar,1,Mecánica,-12.0722644,-77.0807141,Medido,3.5,1.8,190.0,1.5,No,https://drive.google.com/file/d/1qx-Z0eHY2ZWzXuFWgg-k2sDq6lZdwx95/view?usp=drivesdk,Medida en «mediciones forestales - palmeras».
EV-000067,Mec-Pal-25,,Livistona chinensis,Palmera de abanico china,,Arecaceae,Palmera,Ejemplar,1,Mecánica,-12.0723295,-77.0807407,Medido,2.5,0.6,190.0,1.5,No,https://drive.google.com/file/d/1cvhAC3EtoCHS6QIMUtH5CHXJ5h6uw0yB/view?usp=drivesdk,Medida en «mediciones forestales - palmeras».
EV-000068,Mec-Pal-26,,Livistona chinensis,Palmera de abanico china,,Arecaceae,Palmera,Ejemplar,1,Mecánica,-12.0723306,-77.0807356,Medido,2.5,0.6,190.0,1.5,No,https://drive.google.com/file/d/13csBvT805p1gyKzfhn2_jdv26mgt0VLG/view?usp=drivesdk,Medida en «mediciones forestales - palmeras».
EV-000069,Mec-Pal-27,,Livistona chinensis,Palmera de abanico china,,Arecaceae,Palmera,Ejemplar,1,Mecánica,-12.0723608,-77.0807385,Medido,2.5,0.6,190.0,1.5,No,https://drive.google.com/file/d/1iTdfFW-LhNUs6wY1n295PQppFHlG7NG3/view?usp=drivesdk,Medida en «mediciones forestales - palmeras».
EV-000070,Mec-Pal-28,,Livistona chinensis,Palmera de abanico china,,Arecaceae,Palmera,Ejemplar,1,Mecánica,-12.0723215,-77.0806692,Medido,2.5,0.6,190.0,1.5,No,https://drive.google.com/file/d/1Hf7UsrrfYoC2t5MPIUaCkS4AOoyI9R9O/view?usp=drivesdk,Medida en «mediciones forestales - palmeras».
EV-000071,Mec-Pal-29,,Bismarckia nobilis,Palmera de Bismarck,,Arecaceae,Palmera,Ejemplar,1,Mecánica,-12.0723981,-77.0807176,Medido,2.5,0.7,55.0,1.1,No,https://drive.google.com/file/d/195D34tL1HXm20YJacNEvrkW-NWuZmCOb/view?usp=drivesdk,Medida en «mediciones forestales - palmeras».
EV-000072,Mec-Pal-30,,Phoenix canariensis,Palmera canaria,,Arecaceae,Palmera,Ejemplar,1,Mecánica,-12.0723803,-77.0806982,Medido,8.0,4.0,110.0,2.1,No,https://drive.google.com/file/d/1Q-esyju_3WQ6tNmKbyl8pLtD79FADtVZ/view?usp=drivesdk,Medida en «mediciones forestales - palmeras».
EV-000073,Mec-Pal-31,,Bismarckia nobilis,Palmera de Bismarck,,Arecaceae,Palmera,Ejemplar,1,Mecánica,-12.0724033,-77.080691,Medido,3.0,0.9,108.0,1.5,No,https://drive.google.com/file/d/1YfHsLTmTb0WVkZ0o0OH2hfGg-r1t-_fn/view?usp=drivesdk,Medida en «mediciones forestales - palmeras».
EV-000074,Mec-Pal-32,,Washingtonia robusta,Palmera de abanico mexicana,Washingtonia,Arecaceae,Palmera,Ejemplar,1,Mecánica,-12.0724271,-77.0806975,Medido,2.5,0.8,190.0,2.0,No,https://drive.google.com/file/d/1ehdYBS4pQ5oF1WlCqN0Ch_4E8n9W2gRo/view?usp=drivesdk,Medida en «mediciones forestales - palmeras».
EV-000075,Mec-Pal-33,,Washingtonia robusta,Palmera de abanico mexicana,Washingtonia,Arecaceae,Palmera,Ejemplar,1,Mecánica,-12.0724493,-77.0806731,Medido,2.0,0.5,190.0,1.5,No,https://drive.google.com/file/d/1swGf5b8u5CFW4jMpeOncXM_vCaqAgRax/view?usp=drivesdk,Medida en «mediciones forestales - palmeras».
EV-000076,Mec-Pal-34,,Phoenix canariensis,Palmera canaria,,Arecaceae,Palmera,Ejemplar,1,Mecánica,-12.0723031,-77.0807324,Medido,14.5,9.5,270.0,4.7,No,https://drive.google.com/file/d/1yC-9d6RcTCY9NzSxmJTheTkyB1Udtslx/view?usp=drivesdk,Medida en «mediciones forestales - palmeras».
EV-000077,Mec-Pal-35,,Washingtonia robusta,Palmera de abanico mexicana,Washingtonia,Arecaceae,Palmera,Ejemplar,1,Mecánica,-12.0720838171425,-77.0807835459709,Sin medir,,,,,,https://drive.google.com/file/d/1dkFdoWRPBYZ3_S-f9webOu9uLdbvVgBV/view?usp=drivesdk,
EV-000078,Mec-Pal-36,,Washingtonia robusta,Palmera de abanico mexicana,Washingtonia,Arecaceae,Palmera,Ejemplar,1,Mecánica,-12.0720772505843,-77.0807366073199,Sin medir,,,,,,https://drive.google.com/file/d/18CeXuC7vJffOIL7HZFklB29a-oTFyz-A/view?usp=drivesdk,
EV-000079,Mec-Pal-37,,Washingtonia robusta,Palmera de abanico mexicana,Washingtonia,Arecaceae,Palmera,Ejemplar,1,Mecánica,-12.0721061031175,-77.0807459950447,Sin medir,,,,,,https://drive.google.com/file/d/1txd7jYgisJuVq5zRzv3yzwHII330vq99/view?usp=drivesdk,
EV-000080,c1,,Coffea arabica,Cafeto,,Rubiaceae,Arbusto,Ejemplar,1,Biblioteca Central,-12.069346138867,-77.0802947133823,Sin medir,,,,,,https://drive.google.com/file/d/1R4WiEJowUUA6FgvHsriKIv7o6g7yynnx/view?usp=drivesdk,
EV-000081,c2,,Coffea arabica,Cafeto,,Rubiaceae,Arbusto,Ejemplar,1,Biblioteca Central,-12.0693418750077,-77.0802836492699,Sin medir,,,,,,https://drive.google.com/file/d/1LDwuZmmWnrCDsr9vobWuYT496xzFQoL5/view?usp=drivesdk,
EV-000082,c3,,Coffea arabica,Cafeto,,Rubiaceae,Arbusto,Ejemplar,1,Biblioteca Central,-12.0693369564056,-77.0802762731946,Sin medir,,,,,,https://drive.google.com/file/d/1gB77qRRWxQXW_5iHy05b7xJaoKHFvhU6/view?usp=drivesdk,
EV-000083,c4,,Coffea arabica,Cafeto,,Rubiaceae,Arbusto,Ejemplar,1,Biblioteca Central,-12.0693323660271,-77.0802685618432,Sin medir,,,,,,https://drive.google.com/file/d/1Y1xR-62_5bTk1ICkcgcm8EO2BZgnn3rz/view?usp=drivesdk,
EV-000084,c5,,Coffea arabica,Cafeto,,Rubiaceae,Arbusto,Ejemplar,1,Biblioteca Central,-12.0693156537976,-77.0803007483438,Sin medir,,,,,,https://drive.google.com/file/d/1I7qCjxd9U6mt0qMH2DDTBflVrnoWsA4B/view?usp=drivesdk,
EV-000085,c6,,Coffea arabica,Cafeto,,Rubiaceae,Arbusto,Ejemplar,1,Biblioteca Central,-12.0693192553771,-77.0802615210434,Sin medir,,,,,,https://drive.google.com/file/d/1MdcoRNuu_-ngppVnitWCx5z1dagvZqR_/view?usp=drivesdk,
EV-000086,c7,,Coffea arabica,Cafeto,,Rubiaceae,Arbusto,Ejemplar,1,Biblioteca Central,-12.0693104055354,-77.080256156625,Sin medir,,,,,,https://drive.google.com/file/d/1bg7flpkJqJjmFHsJneGJeYxCOX8fX4_d/view?usp=drivesdk,
EV-000087,c8,,Coffea arabica,Cafeto,,Rubiaceae,Arbusto,Ejemplar,1,Biblioteca Central,-12.0693002445924,-77.0802517980349,Sin medir,,,,,,https://drive.google.com/file/d/1AES69D5XaeCVNK7ompMea3XKbFbGLxat/view?usp=drivesdk,
EV-000088,c9,,Coffea arabica,Cafeto,,Rubiaceae,Arbusto,Ejemplar,1,Biblioteca Central,-12.0693008998737,-77.0802393928182,Sin medir,,,,,,https://drive.google.com/file/d/1fUTS0n0FcUTevKOGjCYNHoHyD8J7igxd/view?usp=drivesdk,
EV-000089,c10,,Coffea arabica,Cafeto,,Rubiaceae,Arbusto,Ejemplar,1,Biblioteca Central,-12.0693005698552,-77.0802266523255,Sin medir,,,,,,https://drive.google.com/file/d/1POOKTqNZy6tq4TJ5TNVrDDp3zxW7tjqD/view?usp=drivesdk,
EV-000090,c11,,Coffea arabica,Cafeto,,Rubiaceae,Arbusto,Ejemplar,1,Biblioteca Central,-12.0693005681503,-77.0802159234894,Sin medir,,,,,,https://drive.google.com/file/d/1mF6qBPk7cjDFqW4Ebo0Vhuky-b2ac9ZZ/view?usp=drivesdk,
EV-000091,c12,,Coffea arabica,Cafeto,,Rubiaceae,Arbusto,Ejemplar,1,Biblioteca Central,-12.0693005735341,-77.0802058652004,Sin medir,,,,,,https://drive.google.com/file/d/1XhFqtGnoOSLPB2tuYv-mFxef0bGNt5fq/view?usp=drivesdk,
EV-000092,c13,,Coffea arabica,Cafeto,,Rubiaceae,Arbusto,Ejemplar,1,Biblioteca Central,-12.0693005732649,-77.0801941305334,Sin medir,,,,,,https://drive.google.com/file/d/1Ayt1xHEHaOeXw1lUc3ubbtzsdia-_rqq/view?usp=drivesdk,
EV-000093,c14,,Coffea arabica,Cafeto,,Rubiaceae,Arbusto,Ejemplar,1,Biblioteca Central,-12.0693008992456,-77.0801830664244,Sin medir,,,,,,https://drive.google.com/file/d/1Blp9tPlYYRoyA1goGgii-fpaLuxi54SQ/view?usp=drivesdk,
EV-000094,c15,,Coffea arabica,Cafeto,,Rubiaceae,Arbusto,Ejemplar,1,Biblioteca Central,-12.0693008963742,-77.0801713317599,Sin medir,,,,,,https://drive.google.com/file/d/18DVwpNOMNf6aK5ZfdGtq6wzE0iW3LXSz/view?usp=drivesdk,
EV-000095,c16,,Coffea arabica,Cafeto,,Rubiaceae,Arbusto,Ejemplar,1,Biblioteca Central,-12.0693100640351,-77.0801424980163,Sin medir,,,,,,https://drive.google.com/file/d/1Qw-7y-YTf6R6DLmh6YNM5yzOF0qvIRnF/view?usp=drivesdk,
EV-000096,c17,,Coffea arabica,Cafeto,,Rubiaceae,Arbusto,Ejemplar,1,Biblioteca Central,-12.0693012291744,-77.0801445096716,Sin medir,,,,,,https://drive.google.com/file/d/1kKQta1lvtvMoXCrCk3gmSzfDeDJRXzml/view?usp=drivesdk,
EV-000097,c18,,Coffea arabica,Cafeto,,Rubiaceae,Arbusto,Ejemplar,1,Biblioteca Central,-12.0693025326483,-77.0801284164177,Sin medir,,,,,,https://drive.google.com/file/d/1HiCzwqM42oBb6b4wPKu434_z28v9Ic7y/view?usp=drivesdk,
EV-000098,c19,,Coffea arabica,Cafeto,,Rubiaceae,Arbusto,Ejemplar,1,Biblioteca Central,-12.0693066,-77.0800919,Sin medir,,,,,,https://drive.google.com/file/d/1O-4NhDivtgUAwgnsNc9tRK4HrkZ2cNsy/view?usp=drivesdk,
EV-000099,c20,,Coffea arabica,Cafeto,,Rubiaceae,Arbusto,Ejemplar,1,Biblioteca Central,-12.0693008991558,-77.0800948888056,Sin medir,,,,,,https://drive.google.com/file/d/1lWCcskv4jclfYqVtYIhC0mDd-u_yK9Nb/view?usp=drivesdk,
EV-000100,c21,,Coffea arabica,Cafeto,,Rubiaceae,Arbusto,Ejemplar,1,Biblioteca Central,-12.0693015537193,-77.0800808072081,Sin medir,,,,,,https://drive.google.com/file/d/163eVjmVrRtgNG5lzasgbhHK66ItPxHuy/view?usp=drivesdk,
EV-000101,c22,,Coffea arabica,Cafeto,,Rubiaceae,Arbusto,Ejemplar,1,Biblioteca Central,-12.0693025362375,-77.0800694078204,Sin medir,,,,,,https://drive.google.com/file/d/1DE0qvwdHZfmajhPuZiGok7yCOJq6CVDo/view?usp=drivesdk,
EV-000102,c23,,Coffea arabica,Cafeto,,Rubiaceae,Arbusto,Ejemplar,1,Biblioteca Central,-12.0693031892756,-77.0800593495365,Sin medir,,,,,,https://drive.google.com/file/d/1rSr-TNRoFHSB1fs7hkg1trUmvdgf4CTf/view?usp=drivesdk,
EV-000103,c24,,Coffea arabica,Cafeto,,Rubiaceae,Arbusto,Ejemplar,1,Biblioteca Central,-12.0693044984922,-77.0800459384916,Sin medir,,,,,,https://drive.google.com/file/d/1dMGZ1T8ERoW_aimvqO58DXtA23MPL2kh/view?usp=drivesdk,
EV-000104,c25,,Coffea arabica,Cafeto,,Rubiaceae,Arbusto,Ejemplar,1,Biblioteca Central,-12.0693031918777,-77.0800298452376,Sin medir,,,,,,https://drive.google.com/file/d/10zny4zwlBPx5NgDzfu0wsuGkjSdHWzIK/view?usp=drivesdk,
EV-000105,c26,,Coffea arabica,Cafeto,,Rubiaceae,Arbusto,Ejemplar,1,Arqueología,-12.0673441787967,-77.0807982981205,Sin medir,,,,,,https://drive.google.com/file/d/1AfPlFrPFjWtM2VlRPm9PtFUd7eskkfdL/view?usp=drivesdk,
EV-000106,c27,,Coffea arabica,Cafeto,,Rubiaceae,Arbusto,Ejemplar,1,Arqueología,-12.0673383,-77.0808307,Sin medir,,,,,,https://drive.google.com/file/d/10LJwtmEvo-bNsrG1MgeRvHHo7n_omM6u/view?usp=drivesdk,
EV-000107,c28,,Coffea arabica,Cafeto,,Rubiaceae,Arbusto,Ejemplar,1,Arqueología,-12.067344,-77.0808372,Sin medir,,,,,,https://drive.google.com/file/d/1ytaikJLA24nmqnQOqZa8YqgKyJgBp6YK/view?usp=drivesdk,
EV-000108,c29,,Coffea arabica,Cafeto,,Rubiaceae,Arbusto,Ejemplar,1,Arqueología,-12.0673459,-77.0808394,Sin medir,,,,,,https://drive.google.com/file/d/1nnP1vUA6hyBybaSCXok-4VhC2YGQZ6Ed/view?usp=drivesdk,
EV-000109,c30,,Coffea arabica,Cafeto,,Rubiaceae,Arbusto,Ejemplar,1,Arqueología,-12.0673513,-77.080855,Sin medir,,,,,,https://drive.google.com/file/d/1X5xRLqc6VZDTjlUiiejGNY6fbAgS55GL/view?usp=drivesdk,
EV-000110,c31,,Coffea arabica,Cafeto,,Rubiaceae,Arbusto,Ejemplar,1,Arqueología,-12.0673445,-77.0808684,Sin medir,,,,,,https://drive.google.com/file/d/1unSkj3PJRPLvZdUct3wgv4Ie-cRM2Jhp/view?usp=drivesdk,
EV-000111,c32,,Coffea arabica,Cafeto,,Rubiaceae,Arbusto,Ejemplar,1,Arqueología,-12.0673447,-77.080871,Sin medir,,,,,,https://drive.google.com/file/d/1uT0I7EVSQVUFCHM5sAXjRBeaIjvtpt4B/view?usp=drivesdk,
EV-000112,c33,,Coffea arabica,Cafeto,,Rubiaceae,Arbusto,Ejemplar,1,Arqueología,-12.0673436,-77.0808909,Sin medir,,,,,,https://drive.google.com/file/d/1FkzjCJYCkYMV1LNwptHaJthWQXg_3hxk/view?usp=drivesdk,
EV-000113,c34,,Coffea arabica,Cafeto,,Rubiaceae,Arbusto,Ejemplar,1,Arqueología,-12.0673434,-77.0808979,Sin medir,,,,,,https://drive.google.com/file/d/1nHhSZHi4cxHHFUqQrsx9uCnT_K-MvyEE/view?usp=drivesdk,
EV-000114,c35,,Coffea arabica,Cafeto,,Rubiaceae,Arbusto,Ejemplar,1,Arqueología,-12.0673423,-77.0809074,Sin medir,,,,,,https://drive.google.com/file/d/1NVOwhjFA9pNeYM0WO5fXC6fuy9ILoAzy/view?usp=drivesdk,
EV-000115,c36,,Coffea arabica,Cafeto,,Rubiaceae,Arbusto,Ejemplar,1,Arqueología,-12.0673429,-77.0809132,Sin medir,,,,,,https://drive.google.com/file/d/115BWCrpAptA7Brdq-u66wtcfw9bBlgLt/view?usp=drivesdk,
EV-000116,c37,,Coffea arabica,Cafeto,,Rubiaceae,Arbusto,Ejemplar,1,Arqueología,-12.0673373,-77.0809507,Sin medir,,,,,,https://drive.google.com/file/d/1g1tbtf0ThHX0aav_szcyo1cSg8-D15GM/view?usp=drivesdk,
EV-000117,c38,,Coffea arabica,Cafeto,,Rubiaceae,Arbusto,Ejemplar,1,Arqueología,-12.0673389,-77.0810163,Sin medir,,,,,,https://drive.google.com/file/d/1FJDJ1s6AMvRDF_FF8oi82dReTSDjVJ_M/view?usp=drivesdk,
EV-000118,c39,,Coffea arabica,Cafeto,,Rubiaceae,Arbusto,Ejemplar,1,Arqueología,-12.0673376,-77.0810916,Sin medir,,,,,,https://drive.google.com/file/d/1cCCmEob-3S7k98wZFxRRd9_nHPw3sVuT/view?usp=drivesdk,
EV-000119,c40,,Coffea arabica,Cafeto,,Rubiaceae,Arbusto,Ejemplar,1,Arqueología,-12.0673409,-77.0811052,Sin medir,,,,,,https://drive.google.com/file/d/1n1Xf_N_a2hGrwqKiru8ZpLbj_63d5zVn/view?usp=drivesdk,
EV-000120,c41,,Coffea arabica,Cafeto,,Rubiaceae,Arbusto,Ejemplar,1,Arqueología,-12.0673411,-77.0811167,Sin medir,,,,,,https://drive.google.com/file/d/1OGxwy4dN7XYpjgHIw_Kuaj5YnWBbvwoY/view?usp=drivesdk,
EV-000121,c42,,Coffea arabica,Cafeto,,Rubiaceae,Arbusto,Ejemplar,1,Arqueología,-12.067344,-77.0811326,Sin medir,,,,,,https://drive.google.com/file/d/1GOjp2XLnW615trxFAvNnrVtQeeY76g8k/view?usp=drivesdk,
EV-000122,c43,,Coffea arabica,Cafeto,,Rubiaceae,Arbusto,Ejemplar,1,Arqueología,-12.06735,-77.0811406,Sin medir,,,,,,https://drive.google.com/file/d/1BOyrJowxeVWwhuhjBwAkjK5uXXzzS5G2/view?usp=drivesdk,
EV-000123,c44,,Coffea arabica,Cafeto,,Rubiaceae,Arbusto,Ejemplar,1,área Deportes,-12.0658727246186,-77.0793418586236,Sin medir,,,,,,https://drive.google.com/file/d/1v7n7ovWbKYBCDCgvHYnBVEzIPAovHHSX/view?usp=drivesdk,
EV-000124,c45,,Coffea arabica,Cafeto,,Rubiaceae,Arbusto,Ejemplar,1,área Deportes,-12.0658858329248,-77.0793297886827,Sin medir,,,,,,https://drive.google.com/file/d/1dLRAf589EvT6D1ptJYcsGDoQBLFnjPnI/view?usp=drivesdk,
EV-000125,c46,,Coffea arabica,Cafeto,,Rubiaceae,Arbusto,Ejemplar,1,área Deportes,-12.0659009104193,-77.0793244242686,Sin medir,,,,,,https://drive.google.com/file/d/1FsqF5BjQyr_FWWUe_urn6Rlx_WId0fcB/view?usp=drivesdk,
EV-000126,c47,,Coffea arabica,Cafeto,,Rubiaceae,Arbusto,Ejemplar,1,área Deportes,-12.0659186191213,-77.0793190598504,Sin medir,,,,,,https://drive.google.com/file/d/1vVoQqqfnrFSZAgMtpz0vkmK3SZMrTMUP/view?usp=drivesdk,
EV-000127,c48,,Coffea arabica,Cafeto,,Rubiaceae,Arbusto,Ejemplar,1,área Deportes,-12.065936975305,-77.0793163776401,Sin medir,,,,,,https://drive.google.com/file/d/18ZRSDy3tPK4byfXxyPM5PBjXoWDzThLt/view?usp=drivesdk,
EV-000128,c49,,Coffea arabica,Cafeto,,Rubiaceae,Arbusto,Ejemplar,1,área Deportes,-12.0659723989815,-77.0793096721172,Sin medir,,,,,,https://drive.google.com/file/d/1ogJiwv_PMb1MCmtbHAf5mK3At9hMAm43/view?usp=drivesdk,
EV-000129,c50,,Coffea arabica,Cafeto,,Rubiaceae,Arbusto,Ejemplar,1,área Deportes,-12.065955338666,-77.0793941617016,Sin medir,,,,,,https://drive.google.com/file/d/13JtCYzdZBnardSRC3uH5TC6rXSHZEgeb/view?usp=drivesdk,
EV-000130,c51,,Coffea arabica,Cafeto,,Rubiaceae,Arbusto,Ejemplar,1,Apoyo Rural,-12.0732437726336,-77.0808147273868,Sin medir,,,,,,https://drive.google.com/file/d/1WCEtSkO0xZwD46PDuCwamrzhlPqAvGfy/view?usp=drivesdk,
EV-000131,c52,,Coffea arabica,Cafeto,,Rubiaceae,Arbusto,Ejemplar,1,Apoyo Rural,-12.0732604996308,-77.08081372254,Sin medir,,,,,,https://drive.google.com/file/d/1PqXG6ryk87X0sIZXbVMSVsaHZYADtfd6/view?usp=drivesdk,
EV-000132,c53,,Coffea arabica,Cafeto,,Rubiaceae,Arbusto,Ejemplar,1,Apoyo Rural,-12.073270342878,-77.0808157345894,Sin medir,,,,,,https://drive.google.com/file/d/1lqoCsTbcJvMvmXCv8ErBVK5XJQBkQ-ku/view?usp=drivesdk,
EV-000133,c54,,Coffea arabica,Cafeto,,Rubiaceae,Arbusto,Ejemplar,1,Apoyo Rural,-12.0731017995142,-77.081278751853,Sin medir,,,,,,https://drive.google.com/file/d/1Qv4dZaDsO4svEsGyVwwr8C5z6CC0WN90/view?usp=drivesdk,
EV-000134,c55,,Coffea arabica,Cafeto,,Rubiaceae,Arbusto,Ejemplar,1,Apoyo Rural,-12.0730972096884,-77.0812660098388,Sin medir,,,,,,https://drive.google.com/file/d/1kxOvlOc0HObZiTVlLwpbvCSJVIgBlREj/view?usp=drivesdk,
EV-000135,pd1,,Laurus nobilis,Laurel,,Lauraceae,Árbol,Ejemplar,1,Mac Gregor,-12.0682085327214,-77.0782032609666,Sin medir,,,,,,https://drive.google.com/file/d/1AdXvy9_CDwuE0QhsIgMMpRPvucAARtN5/view?usp=sharing,
EV-000136,pd2,,Callistemon viminalis,Escobillón rojo,Limpiatubos,Myrtaceae,Árbol,Ejemplar,1,Educación,-12.0674784,-77.0795069,Sin medir,,,,,,https://drive.google.com/file/d/1-QEt0nDtMNwWtyu8f7_NfRrDZGLOXXEh/view?usp=drive_link,
EV-000137,pd3,,Eucalyptus cinerea,Eucalipto plateado,,Myrtaceae,Árbol,Ejemplar,1,Sala cuna,-12.0678723,-77.0787791,Sin medir,,,,,,https://drive.google.com/file/d/1KKkfnzV17QAWNaosdRQMvxwFxk4DRFgY/view?usp=drive_link,
EV-000138,pd4,,Phoenix canariensis,Palmera canaria,,Arecaceae,Palmera,Ejemplar,1,Gelarti,-12.0714834,-77.0797846,Sin medir,,,,,,https://drive.google.com/file/d/1Dii3EY-R-HzPLJ6AxBtm6Fy2_Y8gq7fk/view?usp=drive_link,
EV-000139,pd5,,Delonix regia,Ponciana,Flamboyán,Fabaceae,Árbol,Ejemplar,1,Química,-12.0720129559669,-77.0793136954552,Sin medir,,,,,,https://drive.google.com/file/d/1VhxUNU-gJFDMW-2vjLUwbPmClj8OBsS7/view?usp=drive_link,
EV-000140,pd6,,Schinus molle,Molle serrano,Molle|Pimiento,Anacardiaceae,Árbol,Ejemplar,1,Química,-12.0717402452693,-77.0792090893116,Sin medir,,,,,,https://drive.google.com/file/d/1V8shW4x-uySXdQNvU3JHTacN6nBC2NHm/view?usp=drive_link,
EV-000141,pd7,,Bougainvillea glabra,Buganvilla,Papelillo,Nyctaginaceae,Trepadora,Ejemplar,1,Apoyo Rural,-12.073013,-77.081312,Sin medir,,,,,,https://drive.google.com/file/d/1KMYzAgbTE3ezzwWKSBQPWg7jxV7JM6em/view?usp=drive_link,
EV-000142,pd8,,Ficus benjamina,Ficus benjamina,,Moraceae,Árbol,Ejemplar,1,OCAI,-12.068289,-77.078028,Sin medir,,,,,,https://drive.google.com/file/d/1FQyNtQ78IdwBDi97YSF367pxPNMGmmaJ/view?usp=drive_link,
EV-000143,pd9,,Washingtonia robusta,Palmera de abanico mexicana,Washingtonia,Arecaceae,Palmera,Ejemplar,1,Psicología,-12.0681587,-77.080774,Sin medir,,,,,,https://drive.google.com/file/d/1FJIT8NervqnDJ3ZTytEhndYplXTFZ9Wf/view?usp=drive_link,
EV-000144,pd10,,Jacaranda mimosifolia,Jacarandá,,Bignoniaceae,Árbol,Ejemplar,1,Cedares,-12.068909,-77.081094,Sin medir,,,,,,https://drive.google.com/file/d/1enNKjWmPKqhQjt1Pe0RwjBbHOXce6IUz/view?usp=drive_link,
EV-000145,pd11,,Jacaranda mimosifolia,Jacarandá,,Bignoniaceae,Árbol,Ejemplar,1,Cedares,-12.068891,-77.08112,Sin medir,,,,,,https://drive.google.com/file/d/1_N7bKJuJe87sfSZlXwYEzx9XfSEDhvVM/view?usp=sharing,
EV-000146,pd12,,Washingtonia robusta,Palmera de abanico mexicana,Washingtonia,Arecaceae,Palmera,Ejemplar,1,Cedares,-12.0689035237169,-77.0810303092003,Sin medir,,,,,,https://drive.google.com/file/d/1_N7bKJuJe87sfSZlXwYEzx9XfSEDhvVM/view?usp=sharing,
EV-000147,pd13,,Schinus molle,Molle serrano,Molle|Pimiento,Anacardiaceae,Árbol,Ejemplar,1,Biblioteca de Teología,-12.0696405639251,-77.0806574821472,Sin medir,,,,,,https://drive.google.com/file/d/11c-PO1Sl7BREeLn1GjZS6TR_f9KjaZS2/view?usp=drive_link,
EV-000148,pd14,,Schinus molle,Molle serrano,Molle|Pimiento,Anacardiaceae,Árbol,Ejemplar,1,CIA,-12.0718674826142,-77.0801934599874,Sin medir,,,,,,https://drive.google.com/file/d/1TzjkZfjvHQY6T1kIWO4gX_bMUUXKVq_P/view?usp=drive_link,
EV-000149,pd15,,Inga feuilleei,Pacae,Guaba,Fabaceae,Árbol,Ejemplar,1,Minas,-12.0724784150432,-77.0816686749487,Sin medir,,,,,,https://drive.google.com/file/d/1pxtlTtAgYnzl1c4RYX_vIrnrQHANyGLs/view?usp=drive_link,
EV-000150,pd16,,Cocos nucifera,Palma de coco,Cocotero,Arecaceae,Palmera,Ejemplar,1,Ciencias contables,-12.0712429601555,-77.0789730548609,Sin medir,,,,,,https://drive.google.com/file/d/1ZlAW0twCavnaggUuLwbr6syxKLMqKEqB/view?usp=drive_link,
EV-000151,eu1,,Eucalyptus globulus,Eucalipto común,,Myrtaceae,Árbol,Ejemplar,1,Arte Nuevo,-12.0671112,-77.078875,Sin medir,,,,,,https://drive.google.com/file/d/14vPP5tgVtfUI0BAqfyhDstrdX-ZQ7uI6/view?usp=drivesdk,
EV-000152,eu2,,Eucalyptus globulus,Eucalipto común,,Myrtaceae,Árbol,Ejemplar,1,Arte Nuevo,-12.067109,-77.0789302,Sin medir,,,,,,https://drive.google.com/file/d/1-bwnX5LT4FwaVspEzfQGoz13nldlWHZ-/view?usp=drivesdk,
EV-000153,eu3,,Eucalyptus globulus,Eucalipto común,,Myrtaceae,Árbol,Ejemplar,1,Arte Nuevo,-12.0671213,-77.0789834,Sin medir,,,,,,https://drive.google.com/file/d/1zdxIt1V8L60Bl_CzJMIe4-L3WAxxRMjq/view?usp=drivesdk,
EV-000154,eu4,6231,Eucalyptus globulus,Eucalipto común,,Myrtaceae,Árbol,Ejemplar,1,Arte Nuevo,-12.0671195,-77.0790105,Sin medir,,,,,,https://drive.google.com/file/d/12Z-ARxLpdFcAS9CVwkhhZkGl1crXUIFH/view?usp=drivesdk,
EV-000155,eu5,,Eucalyptus globulus,Eucalipto común,,Myrtaceae,Árbol,Ejemplar,1,Arte Nuevo,-12.0671103,-77.0790391,Sin medir,,,,,,https://drive.google.com/file/d/1wK2qlrJeXw5zhY2488YpklUXU273o2eK/view?usp=drivesdk,
EV-000156,eu6,,Eucalyptus globulus,Eucalipto común,,Myrtaceae,Árbol,Ejemplar,1,Arte Nuevo,-12.067111,-77.0790549,Sin medir,,,,,,https://drive.google.com/file/d/1ke3QJ9OiveyTptPq99PfQ-aP8tEOG7Ve/view?usp=drivesdk,
EV-000157,eu7,,Eucalyptus globulus,Eucalipto común,,Myrtaceae,Árbol,Ejemplar,1,Arte Nuevo,-12.0671155,-77.0791463,Sin medir,,,,,,https://drive.google.com/file/d/1bMHHAz08R8QIzE2Riw1tS_jM2mZZokrv/view?usp=drivesdk,
EV-000158,eu8,,Eucalyptus globulus,Eucalipto común,,Myrtaceae,Árbol,Ejemplar,1,Arte Nuevo,-12.0671101,-77.0792205,Sin medir,,,,,,https://drive.google.com/file/d/1jf_GHY5MHYIclEudkEIz20iSIdWiKDPO/view?usp=drivesdk,
EV-000159,eu9,,Eucalyptus globulus,Eucalipto común,,Myrtaceae,Árbol,Ejemplar,1,Arte Nuevo,-12.0671264823021,-77.0792479813112,Sin medir,,,,,,https://drive.google.com/file/d/1_s-Y2Ch-37_MCpj-YVXQT3aTQ8CihzOx/view?usp=drivesdk,
EV-000160,eu10,,Eucalyptus globulus,Eucalipto común,,Myrtaceae,Árbol,Ejemplar,1,Arte Nuevo,-12.0671146779898,-77.0793297886874,Sin medir,,,,,,https://drive.google.com/file/d/1JRXJ31maGflRbpK4h7Quf7pXvJtQaeZV/view?usp=drivesdk,
EV-000161,eu11,,Eucalyptus globulus,Eucalipto común,,Myrtaceae,Árbol,Ejemplar,1,Arte Nuevo,-12.0671317242362,-77.0794384181532,Sin medir,,,,,,https://drive.google.com/file/d/1ZEXFxdG6uiSIzUa1dm21LlsXDbTN4hAr/view?usp=drivesdk,
EV-000162,eu12,,Eucalyptus globulus,Eucalipto común,,Myrtaceae,Árbol,Ejemplar,1,Arte Nuevo,-12.0671251747797,-77.0795309543619,Sin medir,,,,,,https://drive.google.com/file/d/1GBO_8Q2tPPIVZUR3RbbGHLEaSwZ-_-83/view?usp=drivesdk,
EV-000163,eu13,,Eucalyptus globulus,Eucalipto común,,Myrtaceae,Árbol,Ejemplar,1,Arte Nuevo,-12.0671199367937,-77.0795805752261,Sin medir,,,,,,https://drive.google.com/file/d/1O1mzoYqUZXM_i-QmBvFMiiIb9-oBdy4T/view?usp=drivesdk,
EV-000164,eu14,,Eucalyptus globulus,Eucalipto común,,Myrtaceae,Árbol,Ejemplar,1,Arte Nuevo,-12.0671173210309,-77.0796208083651,Sin medir,,,,,,https://drive.google.com/file/d/1B1F-WcipXyZ4MR4y4MT-8t4fsBT1Q_MG/view?usp=drivesdk,
EV-000165,eu15,,Eucalyptus globulus,Eucalipto común,,Myrtaceae,Árbol,Ejemplar,1,Arte Nuevo,-12.0671120683288,-77.0796529948715,Sin medir,,,,,,https://drive.google.com/file/d/1aOM6oaEbwNo7bal5XJSI_wQPQYVfC4hl/view?usp=drivesdk,
EV-000166,B-1,,Adansonia digitata,Baobab,,Malvaceae,Árbol,Ejemplar,1,Arte Nuevo,-12.0671074690288,-77.0784781873187,Sin medir,,,,,,https://drive.google.com/file/d/1yhFuiVwYPPbNTkocosD6TK1SgkBm36rj/view?usp=drivesdk,
EV-000167,B-2,,Adansonia digitata,Baobab,,Malvaceae,Árbol,Ejemplar,1,Arte Nuevo,-12.0670622297473,-77.0784413069482,Sin medir,,,,,,https://drive.google.com/file/d/18r4TdHimuWgM_-f-kvZ2m-D60cMfCYCw/view?usp=drivesdk,
EV-000168,B-3,,Adansonia digitata,Baobab,,Malvaceae,Árbol,Ejemplar,1,Arte Nuevo,-12.0670812383578,-77.0784017443669,Sin medir,,,,,,https://drive.google.com/file/d/1KehbC1eBj_RXoZnM2K6Wfem2H1xsHx5_/view?usp=drivesdk,
EV-000169,B-4,,Adansonia digitata,Baobab,,Malvaceae,Árbol,Ejemplar,1,Arte Nuevo,-12.067082,-77.078343,Sin medir,,,,,,https://drive.google.com/file/d/1u8fSRcBPcmZH2J0K1LJGR-fBPN9lmyln/view?usp=drivesdk,
EV-000170,B-5,,Adansonia digitata,Baobab,,Malvaceae,Árbol,Ejemplar,1,Arte Nuevo,-12.0670500978336,-77.078304514287,Sin medir,,,,,,https://drive.google.com/file/d/1kqS47ckIbgQsMigGASOr0Geq9Zkyrv82/view?usp=drivesdk,
EV-000171,B-6,,Adansonia digitata,Baobab,,Malvaceae,Árbol,Ejemplar,1,Arte Nuevo,-12.0670966428452,-77.0782696455721,Sin medir,,,,,,https://drive.google.com/file/d/1jLhfEUFyZnMenK2-ehu0AW8lyhFAFI3l/view?usp=drivesdk,
EV-000172,B-7,,Adansonia digitata,Baobab,,Malvaceae,Árbol,Ejemplar,1,Arte Nuevo,-12.0670707578973,-77.0782227069142,Sin medir,,,,,,https://drive.google.com/file/d/1UGhkeznIhHw6uNxP1e4KiKHTqlxP6PMY/view?usp=drivesdk,
EV-000173,B-8,,Adansonia digitata,Baobab,,Malvaceae,Árbol,Ejemplar,1,Arte Nuevo,-12.0670497811823,-77.0781851559868,Sin medir,,,,,,https://drive.google.com/file/d/1gW1c0fXIhog70HTx6UdljxaVuSi6GyAZ/view?usp=drivesdk,
EV-000174,B-9,,Adansonia digitata,Baobab,,Malvaceae,Árbol,Ejemplar,1,Arte Nuevo,-12.06709895093,-77.0781375467753,Sin medir,,,,,,https://drive.google.com/file/d/1m7t7qP6OrUSklImc8bvrZYN2ItGDph_B/view?usp=drivesdk,
EV-000175,daf 1,,Delonix regia,Ponciana,Flamboyán,Fabaceae,Árbol,Ejemplar,1,DAF,-12.06776,-77.078163,Sin medir,,,,,,https://drive.google.com/file/d/1-PqpHHN6prL-wthsNg_HGIyzYzX0PJVV/view?usp=drive_link,
EV-000176,daf 2,,Delonix regia,Ponciana,Flamboyán,Fabaceae,Árbol,Ejemplar,1,DAF,-12.067571,-77.078162,Sin medir,,,,,,https://drive.google.com/file/d/1rx1Flk1W237o2XdQyU7AzqwOJiYXIFo1/view?usp=drive_link,
EV-000177,A168,,Schefflera arboricola,Cheflera,,Araliaceae,Árbol,Ejemplar,1,Industrial,-12.0729946014227,-77.082288274651,Sin medir,,,,,,https://drive.google.com/file/d/1_9r3QDXBz50R3xA0O6fvqDLqWSZqWa79/view?usp=drivesdk,
EV-000178,A169,,Schefflera arboricola,Cheflera,,Araliaceae,Árbol,Ejemplar,1,Industrial,-12.0730195302005,-77.0822849163931,Sin medir,,,,,,https://drive.google.com/file/d/173lW4aChSY0Grr58d0lLJ7Tu7Sh_amzR/view?usp=drivesdk,
EV-000179,A170,,Delonix regia,Ponciana,Flamboyán,Fabaceae,Árbol,Ejemplar,1,Industrial,-12.0731519542597,-77.0823539905386,Sin medir,,,,,,https://drive.google.com/file/d/1YWDm7JZ3PvkaILEOZompCr1IdY1vR-cr/view?usp=drivesdk,
EV-000180,A171,,Delonix regia,Ponciana,Flamboyán,Fabaceae,Árbol,Ejemplar,1,Industrial,-12.0731427947499,-77.0823922103485,Sin medir,,,,,,https://drive.google.com/file/d/1mRKEddfvcPluM8C51_I_BOBnzezl5rgT/view?usp=drivesdk,
EV-000181,A172,,Delonix regia,Ponciana,Flamboyán,Fabaceae,Árbol,Ejemplar,1,Industrial,-12.0731368,-77.0824474,Sin medir,,,,,,https://drive.google.com/file/d/1HIyqnwefQmV9ZkkcR13loJZVbIVw1__4/view?usp=drivesdk,
EV-000182,A173,,Delonix regia,Ponciana,Flamboyán,Fabaceae,Árbol,Ejemplar,1,Industrial,-12.0731133438028,-77.082495453998,Sin medir,,,,,,https://drive.google.com/file/d/1yHvjGXRWw2fvicbvTZVR7Q6Z_HHEWy3C/view?usp=drivesdk,
EV-000183,A174,,Delonix regia,Ponciana,Flamboyán,Fabaceae,Árbol,Ejemplar,1,Industrial,-12.0731001838553,-77.0825645370755,Sin medir,,,,,,https://drive.google.com/file/d/1dckWIFI2LIRymZUcKy_s2f8aBbBLlFfc/view?usp=drivesdk,
EV-000184,A175,,Delonix regia,Ponciana,Flamboyán,Fabaceae,Árbol,Ejemplar,1,Industrial,-12.0730981838561,-77.08261013031,Sin medir,,,,,,https://drive.google.com/file/d/1lMq3A1fdwAZOe73gg2GniyMgfIYgm4We/view?usp=drivesdk,
EV-000185,A176,,Citrus × sinensis,Naranjo,,Rutaceae,Árbol,Ejemplar,1,Industrial,-12.0730937,-77.0826117,Sin medir,,,,,,https://drive.google.com/file/d/1foCeX_7IL9q1kRhUy3zF0LKgFLhoq16t/view?usp=drivesdk,
EV-000186,A177,,Prosopis pallida,Huarango,Algarrobo,Fabaceae,Árbol,Ejemplar,1,Industrial,-12.0730241022955,-77.0828414759415,Sin medir,,,,,,https://drive.google.com/file/d/1Wcz_I0WSLGFAJN0mdbVuUEe6BudJYE_x/view?usp=drivesdk,
EV-000187,A178,,Ficus benjamina,Ficus benjamina,,Moraceae,Árbol,Ejemplar,1,Industrial,-12.0729871,-77.0828706,Sin medir,,,,,,https://drive.google.com/file/d/1z26qmcGLT4U9UJpLbTWvPCqCAnbdhHMq/view?usp=drivesdk,
EV-000188,A179,,Prosopis pallida,Huarango,Algarrobo,Fabaceae,Árbol,Ejemplar,1,Industrial,-12.0729992,-77.0829335,Sin medir,,,,,,https://drive.google.com/file/d/1PGV5eHlsI_i8MqO1YOOFt7jLbO2kwbsN/view?usp=drivesdk,
EV-000189,A180,,Schefflera arboricola,Cheflera,,Araliaceae,Árbol,Ejemplar,1,Industrial,-12.0729712,-77.082995,Sin medir,,,,,,https://drive.google.com/file/d/1eLPCKNZYDPC9eYx8HADOu7ITUT8Rtnfo/view?usp=drivesdk,
EV-000190,A181,,Ficus benjamina 'Variegata',Ficus variegado,Ficus blanco,Moraceae,Árbol,Ejemplar,1,Industrial,-12.0729202,-77.0829737,Sin medir,,,,,,https://drive.google.com/file/d/17_0I4SINHAQGz5f3uvTN_0RzE5ExxzuU/view?usp=drivesdk,
EV-000191,A182,,Ceiba speciosa,Palo borracho,Ceiba,Malvaceae,Árbol,Ejemplar,1,Industrial,-12.0727526674354,-77.082765027488,Sin medir,,,,,,https://drive.google.com/file/d/1YZJRWqgQJileGMP0SyIumHfx3EYOPfp8/view?usp=drivesdk,
EV-000192,A183,,Ceiba speciosa,Palo borracho,Ceiba,Malvaceae,Árbol,Ejemplar,1,Industrial,-12.0727009,-77.0827157,Sin medir,,,,,,https://drive.google.com/file/d/1rqDHz6o7HVzq-VkeaMF5z5JeYZf7Utl6/view?usp=drivesdk,
EV-000193,A184,,Ceiba speciosa,Palo borracho,Ceiba,Malvaceae,Árbol,Ejemplar,1,Industrial,-12.0727631554769,-77.0827187627197,Sin medir,,,,,,https://drive.google.com/file/d/1trJkLq-p65c-7VXVHvGgiJTwr13AZsbD/view?usp=drivesdk,
EV-000194,A185,,Ceiba speciosa,Palo borracho,Ceiba,Malvaceae,Árbol,Ejemplar,1,Industrial,-12.0727657700441,-77.0826939505196,Sin medir,,,,,,https://drive.google.com/file/d/1ER4P43RH9j3ew9J7VFk0WIFM1RkSWzdw/view?usp=drivesdk,
EV-000195,A186,,Ceiba speciosa,Palo borracho,Ceiba,Malvaceae,Árbol,Ejemplar,1,Industrial,-12.0727756084933,-77.0826745046024,Sin medir,,,,,,https://drive.google.com/file/d/1Ae2I9cxFxIkM8ICg56Bl-aWd4vaKAWl1/view?usp=drivesdk,
EV-000196,A187,,Ceiba speciosa,Palo borracho,Ceiba,Malvaceae,Árbol,Ejemplar,1,Industrial,-12.0727847491889,-77.0826496987822,Sin medir,,,,,,https://drive.google.com/file/d/1LY44ngihP-8VALFoOayl8XvUN14DC1J5/view?usp=drivesdk,
EV-000197,A188,,Ceiba speciosa,Palo borracho,Ceiba,Malvaceae,Árbol,Ejemplar,1,Industrial,-12.0728851139559,-77.0824163446348,Sin medir,,,,,,https://drive.google.com/file/d/16ow4mnqojFYRUCjUfzYXqtXMY9MlmYEb/view?usp=drivesdk,
EV-000198,A189,,Ceiba speciosa,Palo borracho,Ceiba,Malvaceae,Árbol,Ejemplar,1,Industrial,-12.0728877342137,-77.082400921933,Sin medir,,,,,,https://drive.google.com/file/d/1GYRPHP3Eq7nXRSU3w327tt0KFkfzJ4aP/view?usp=drivesdk,
EV-000199,A190,,Ceiba speciosa,Palo borracho,Ceiba,Malvaceae,Árbol,Ejemplar,1,Industrial,-12.0728982213743,-77.0823834865929,Sin medir,,,,,,https://drive.google.com/file/d/1TzIoKtM_UXXB_-ltH5b0P5njXqhQo8gg/view?usp=drivesdk,
EV-000200,A191,,Ceiba speciosa,Palo borracho,Ceiba,Malvaceae,Árbol,Ejemplar,1,Industrial,-12.0729021552634,-77.0823553222204,Sin medir,,,,,,https://drive.google.com/file/d/105RnDotqqQPKHbm6r9vJlUvVvEiiNyN7/view?usp=drivesdk,
EV-000201,A192,,Ceiba speciosa,Palo borracho,Ceiba,Malvaceae,Árbol,Ejemplar,1,Industrial,-12.0729087391825,-77.0823305131611,Sin medir,,,,,,https://drive.google.com/file/d/1R9km7lj3Wpb8nWfR4t63Wm9N1CIJJWId/view?usp=drivesdk,
EV-000202,A193,,Ceiba speciosa,Palo borracho,Ceiba,Malvaceae,Árbol,Ejemplar,1,Industrial,-12.0729211882517,-77.0823036898932,Sin medir,,,,,,https://drive.google.com/file/d/1tvO6fAEYxEol40wr_v-Dv3SEFn3-llbI/view?usp=drivesdk,
EV-000203,A194,,Ceiba speciosa,Palo borracho,Ceiba,Malvaceae,Árbol,Ejemplar,1,Industrial,-12.0729309916687,-77.0822782090057,Sin medir,,,,,,https://drive.google.com/file/d/13o8ar5IdlR_ZDDVxYefYyYA0CIbti_dS/view?usp=drivesdk,
EV-000204,A195,,Delonix regia,Ponciana,Flamboyán,Fabaceae,Árbol,Ejemplar,1,Industrial,-12.0729739,-77.0823296,Sin medir,,,,,,https://drive.google.com/file/d/1SkgaoUxPzqrIZhBvGSDMsRq0t8LBBw-U/view?usp=drivesdk,
EV-000205,A196,,Delonix regia,Ponciana,Flamboyán,Fabaceae,Árbol,Ejemplar,1,Industrial,-12.0729139937082,-77.0824391359518,Sin medir,,,,,,https://drive.google.com/file/d/1zRGgdBEjYRQJi5B0WbaBuyIDm18EQ9D6/view?usp=drivesdk,
EV-000206,A197,,Psidium guajava,Guayaba,,Myrtaceae,Árbol,Ejemplar,1,Industrial,-12.0728927,-77.0824999,Sin medir,,,,,,https://drive.google.com/file/d/11WGpuBPg_mzbBDFFtDvViI4belGzAuuk/view?usp=drivesdk,
EV-000207,A198,,Persea americana,Palto,Aguacate,Lauraceae,Árbol,Ejemplar,1,Industrial,-12.0728852,-77.0825363,Sin medir,,,,,,https://drive.google.com/file/d/1hNzPWFFKCb75cpXJ9VJBslAl1scNc5ls/view?usp=drivesdk,
EV-000208,A199,,Delonix regia,Ponciana,Flamboyán,Fabaceae,Árbol,Ejemplar,1,Industrial,-12.0728241108616,-77.0826932862492,Sin medir,,,,,,https://drive.google.com/file/d/1ZtN1uSH4bqqnJv_Zs35SnMrRZpEFaKyj/view?usp=drivesdk,
EV-000209,A200,,Delonix regia,Ponciana,Flamboyán,Fabaceae,Árbol,Ejemplar,1,Industrial,-12.0728064641782,-77.0827281455436,Sin medir,,,,,,https://drive.google.com/file/d/1Lzja_eAAzPOefIjNTOgCjKi06Sles87J/view?usp=drivesdk,
EV-000210,A201,,Populus alba,Álamo,Álamo blanco,Salicaceae,Árbol,Ejemplar,1,CETAM,-12.0725168824666,-77.0828146496799,Sin medir,,,,,,https://drive.google.com/file/d/1MsI2JJz7P3KoHWUtMHyJn6oevwK8Ud0J/view?usp=drivesdk,
EV-000211,A202,,Populus alba,Álamo,Álamo blanco,Salicaceae,Árbol,Ejemplar,1,CETAM,-12.0725722,-77.0828222,Sin medir,,,,,,https://drive.google.com/file/d/1_H3JAB0bA9zAYbddhu4WVAbxW8wdLdt_/view?usp=drivesdk,
EV-000212,A203,,Populus alba,Álamo,Álamo blanco,Salicaceae,Árbol,Ejemplar,1,CETAM,-12.0725303453473,-77.0827663648627,Sin medir,,,,,,https://drive.google.com/file/d/1P__ADJad0LsZW3398aH-h2nX4XcOJUgU/view?usp=drivesdk,
EV-000213,A204,,Populus alba,Álamo,Álamo blanco,Salicaceae,Árbol,Ejemplar,1,CETAM,-12.0725559145663,-77.0827623418436,Sin medir,,,,,,https://drive.google.com/file/d/1SqjXjKlW0FHdLlY0713kyg6YaIlIgh6t/view?usp=drivesdk,
EV-000214,A205,,Populus alba,Álamo,Álamo blanco,Salicaceae,Árbol,Ejemplar,1,CETAM,-12.0725487125699,-77.0827361886371,Sin medir,,,,,,https://drive.google.com/file/d/1NMYwZyKS8FQRoUEbQz50WzJBna-qwtT9/view?usp=drivesdk,
EV-000215,A206,,Populus alba,Álamo,Álamo blanco,Salicaceae,Árbol,Ejemplar,1,CETAM,-12.0725591778522,-77.082722775629,Sin medir,,,,,,https://drive.google.com/file/d/1l5jO0nnJjOIcswlXN1jjz5e2oq5sp06A/view?usp=drivesdk,
EV-000216,A207,,Populus alba,Álamo,Álamo blanco,Salicaceae,Árbol,Ejemplar,1,CETAM,-12.0725709887288,-77.0826694755096,Sin medir,,,,,,https://drive.google.com/file/d/1GE0lkjaeXsjcbMicUu8s9N5fxubizHKU/view?usp=drivesdk,
EV-000217,A208,,Populus alba,Álamo,Álamo blanco,Salicaceae,Árbol,Ejemplar,1,CETAM,-12.0725611581531,-77.0826952818087,Sin medir,,,,,,https://drive.google.com/file/d/1gfEPpmM89TG8nzGzXVsSD0XJH9x4K51p/view?usp=drivesdk,
EV-000218,A209,,Populus alba,Álamo,Álamo blanco,Salicaceae,Árbol,Ejemplar,1,CETAM,-12.0725605177552,-77.0826530338758,Sin medir,,,,,,https://drive.google.com/file/d/17PTXAZptHQJYrRtWaagr5xp-oDfPMi9M/view?usp=drivesdk,
EV-000219,A210,,Jacaranda mimosifolia,Jacarandá,,Bignoniaceae,Árbol,Ejemplar,1,CETAM,-12.0728877534782,-77.0822473570257,Sin medir,,,,,,https://drive.google.com/file/d/1S1FxriIeM2Z_U4jKHfXbxWd5dJZD9G87/view?usp=drivesdk,
EV-000220,A211,,Populus alba,Álamo,Álamo blanco,Salicaceae,Árbol,Ejemplar,1,CETAM,-12.0726842,-77.0822738,Sin medir,,,,,,https://drive.google.com/file/d/1Id4YeZpM2TGL95fvRVAtUyiesRp3c8-E/view?usp=drivesdk,
EV-000221,A212,,Populus alba,Álamo,Álamo blanco,Salicaceae,Árbol,Ejemplar,1,CETAM,-12.0726601559559,-77.0823056974275,Sin medir,,,,,,https://drive.google.com/file/d/1Ec5GWRWhcZGQ-4Bk_03qaxGoE4Wbn74Y/view?usp=drivesdk,
EV-000222,A213,,Populus alba,Álamo,Álamo blanco,Salicaceae,Árbol,Ejemplar,1,CETAM,-12.0726454155699,-77.0823258167434,Sin medir,,,,,,https://drive.google.com/file/d/1_4gKjUzB2r1NoZf8YdlKb19i_WeKFwfv/view?usp=drivesdk,
EV-000223,A214,,Populus alba,Álamo,Álamo blanco,Salicaceae,Árbol,Ejemplar,1,CETAM,-12.0726411610403,-77.0823409043654,Sin medir,,,,,,https://drive.google.com/file/d/1Sqeb3kqACdnYfMj2yPiw2ZE96Ah7R2oO/view?usp=drivesdk,
EV-000224,A215,,Populus alba,Álamo,Álamo blanco,Salicaceae,Árbol,Ejemplar,1,CETAM,-12.0726334,-77.0823744,Sin medir,,,,,,https://drive.google.com/file/d/1xN_IqNRqVxg2O-z0XNtz4wz1HxJ0n8kx/view?usp=drivesdk,
EV-000225,A216,,Populus alba,Álamo,Álamo blanco,Salicaceae,Árbol,Ejemplar,1,CETAM,-12.07264375919,-77.0823982334912,Sin medir,,,,,,https://drive.google.com/file/d/1oqSK3QlraRCgVsxwumD9PHgzI95QCPGS/view?usp=drivesdk,
EV-000226,A217,,Populus alba,Álamo,Álamo blanco,Salicaceae,Árbol,Ejemplar,1,CETAM,-12.072618518935,-77.0824361235216,Sin medir,,,,,,https://drive.google.com/file/d/1RGdjp64jjOhctG4BUIn051HqyMBUjLSJ/view?usp=drivesdk,
EV-000227,A218,,Populus alba,Álamo,Álamo blanco,Salicaceae,Árbol,Ejemplar,1,CETAM,-12.0726109969603,-77.0824777030616,Sin medir,,,,,,https://drive.google.com/file/d/1bm1F7n_yjDolgiLsn8N4_2bj8IN3-zXG/view?usp=drivesdk,
EV-000228,A219,,Populus alba,Álamo,Álamo blanco,Salicaceae,Árbol,Ejemplar,1,CETAM,-12.072604771543,-77.0825105639009,Sin medir,,,,,,https://drive.google.com/file/d/1x-sfjjfz8yQpkrJVXxxLjOBS7B7hMNn1/view?usp=drivesdk,
EV-000229,A220,,Populus alba,Álamo,Álamo blanco,Salicaceae,Árbol,Ejemplar,1,CETAM,-12.07259132399,-77.0825326942847,Sin medir,,,,,,https://drive.google.com/file/d/1y_3eYJ5MIOMueWugeHWYp0xpyemiZn9p/view?usp=drivesdk,
EV-000230,A221,,Populus alba,Álamo,Álamo blanco,Salicaceae,Árbol,Ejemplar,1,CETAM,-12.0725900031328,-77.0825575062885,Sin medir,,,,,,https://drive.google.com/file/d/117AymrmvlgndmddMWH7InkWStGGF12MX/view?usp=drivesdk,
EV-000231,A222,,Populus alba,Álamo,Álamo blanco,Salicaceae,Árbol,Ejemplar,1,CETAM,-12.0725745840349,-77.0825766176657,Sin medir,,,,,,https://drive.google.com/file/d/18LyBFpIixa4Oi5qcr9G9-O7EgSZzhK8o/view?usp=drivesdk,
EV-000232,A223,,Populus alba,Álamo,Álamo blanco,Salicaceae,Árbol,Ejemplar,1,CETAM,-12.0725752474189,-77.0826057884556,Sin medir,,,,,,https://drive.google.com/file/d/1SBdraSpVFi-o06avmVwj495pzZfyGpjX/view?usp=drivesdk,
EV-000233,A224,,Cassia fistula,Lluvia de oro,Caña fístula,Fabaceae,Árbol,Ejemplar,1,CETAM,-12.0727911,-77.0820935,Sin medir,,,,,,https://drive.google.com/file/d/1XLSGZdUW_x4fC-jskRlwlewtdF-8SUj8/view?usp=drivesdk,
EV-000234,A225,,Tecoma stans,Huaranguay,Fresno amarillo,Bignoniaceae,Árbol,Ejemplar,1,CETAM,-12.0727685,-77.0820607,Sin medir,,,,,,https://drive.google.com/file/d/1-lL3kMLebtcpugj_xVX7Z9mop3USG-KE/view?usp=drivesdk,
EV-000235,A226,,Podocarpus macrophyllus,Podocarpus,,Podocarpaceae,Árbol,Ejemplar,1,CETAM,-12.0727080573523,-77.0821239852264,Sin medir,,,,,,https://drive.google.com/file/d/1OINYKhw0O91v3MZYSWKQsORRHR3ZfN7l/view?usp=drivesdk,
EV-000236,A227,,Erythrina smithiana,Porotillo,,Fabaceae,Árbol,Ejemplar,1,Bosque Seco,-12.0680661320995,-77.0787866413584,Sin medir,,,,,,https://drive.google.com/file/d/1mnWF-8QHG1IFfNwxJzOxW_48txShv28F/view?usp=drivesdk,
EV-000237,A228,,Erythrina smithiana,Porotillo,,Fabaceae,Árbol,Ejemplar,1,Bosque Seco,-12.0680922,-77.0787789,Sin medir,,,,,,https://drive.google.com/file/d/1LIA4pxu1sGoNR8u7LTajYVylyAUEsj8H/view?usp=drivesdk,
EV-000238,A229,,Erythrina smithiana,Porotillo,,Fabaceae,Árbol,Ejemplar,1,Bosque Seco,-12.0680954,-77.0787838,Sin medir,,,,,,https://drive.google.com/file/d/1JTtYuCIGXRgGqIXWK1L5s9xzw9HH0u4e/view?usp=drivesdk,
EV-000239,A230,,Nerium oleander,Adelfa,Laurel rosa,Apocynaceae,Arbusto,Ejemplar,1,Bosque Seco,-12.0681153,-77.0787784,Sin medir,,,,,,https://drive.google.com/file/d/1L98mQExmGJUdF8dJvNA3YFYBmyp0tKMT/view?usp=drivesdk,
EV-000240,A231,,Bougainvillea glabra,Buganvilla,Papelillo,Nyctaginaceae,Trepadora,Ejemplar,1,Bosque Seco,-12.0681352,-77.0787738,Sin medir,,,,,,https://drive.google.com/file/d/1PLS6CMbZAe5bkzh0VTkQV0DEqFzfqyM9/view?usp=drivesdk,
EV-000241,A232,,Erythrina smithiana,Porotillo,,Fabaceae,Árbol,Ejemplar,1,Bosque Seco,-12.0682445129495,-77.0787752419696,Sin medir,,,,,,https://drive.google.com/file/d/1LApPGFYYrH_E-P_u1B1XcjIpCVNZ7pv6/view?usp=drivesdk,
EV-000242,A233,,Bougainvillea glabra,Buganvilla,Papelillo,Nyctaginaceae,Trepadora,Ejemplar,1,Bosque Seco,-12.0682034,-77.0787626,Sin medir,,,,,,https://drive.google.com/file/d/1VzfI_QVarVby_yK5Nb3dusckJ5bzLniU/view?usp=drivesdk,
EV-000243,A234,959,Bougainvillea glabra,Buganvilla,Papelillo,Nyctaginaceae,Trepadora,Ejemplar,1,Bosque Seco,-12.0681928,-77.0787635,Sin medir,,,,,,https://drive.google.com/file/d/1HXWLOdKYtB3rYGplZ-gO-r-lLiJxB8aK/view?usp=drivesdk,
EV-000244,A235,,Bougainvillea glabra,Buganvilla,Papelillo,Nyctaginaceae,Trepadora,Ejemplar,1,Bosque Seco,-12.068199,-77.0787684,Sin medir,,,,,,https://drive.google.com/file/d/1jwJME6btKhJrXLa09uKDI10dLDgCGjLP/view?usp=drivesdk,
EV-000245,A236,,Bougainvillea glabra,Buganvilla,Papelillo,Nyctaginaceae,Trepadora,Ejemplar,1,Bosque Seco,-12.0682042,-77.0787637,Sin medir,,,,,,https://drive.google.com/file/d/1jU6nl7WODazFFzglr1tgiDLjeXCncOsD/view?usp=drivesdk,
EV-000246,A237,,Prosopis pallida,Huarango,Algarrobo,Fabaceae,Árbol,Ejemplar,1,Bosque Seco,-12.0682327090454,-77.0787658542375,Sin medir,,,,,,https://drive.google.com/file/d/1L5Un4_ESF-bOoRz9SGCODc598fnzih5y/view?usp=drivesdk,
EV-000247,A238,,Erythrina smithiana,Porotillo,,Fabaceae,Árbol,Ejemplar,1,Bosque Seco,-12.0681789326869,-77.0787665247909,Sin medir,,,,,,https://drive.google.com/file/d/123pJUwue2xPavIOPpyUiUUqohtsVMVZF/view?usp=drivesdk,
EV-000248,A239,,Eriobotrya japonica,Níspero japonés,,Rosaceae,Árbol,Ejemplar,1,Bosque Seco,-12.0680935,-77.0788105,Sin medir,,,,,,https://drive.google.com/file/d/1J_qO8YDy8dqbqDmbdYX0jf63pRn_vKFk/view?usp=drivesdk,
EV-000249,A240,7117,Ceiba speciosa,Palo borracho,Ceiba,Malvaceae,Árbol,Ejemplar,1,Bosque Seco,-12.0681268,-77.0788259,Sin medir,,,,,,https://drive.google.com/file/d/1zjUTCiAmvp9YYwEh-B-CnpYpsT7B-OBy/view?usp=drivesdk,
EV-000250,A241,6675,Ceiba speciosa,Palo borracho,Ceiba,Malvaceae,Árbol,Ejemplar,1,Bosque Seco,-12.0681216,-77.0787921,Sin medir,,,,,,https://drive.google.com/file/d/13JkyiyUSvvY1UoITun4f2xwgB_CvYH1G/view?usp=drivesdk,
EV-000251,A242,,Ceiba speciosa,Palo borracho,Ceiba,Malvaceae,Árbol,Ejemplar,1,Bosque Seco,-12.0681509,-77.0787878,Sin medir,,,,,,https://drive.google.com/file/d/1CD8VV4ZLvChdohg2xQwQgRMytCraPQXT/view?usp=drivesdk,
EV-000252,A243,,Ceiba speciosa,Palo borracho,Ceiba,Malvaceae,Árbol,Ejemplar,1,Bosque Seco,-12.0682007,-77.0788914,Sin medir,,,,,,https://drive.google.com/file/d/1Q1VKzc_gBZSIhnF3X90CxDi4PAyfFJSN/view?usp=drivesdk,
EV-000253,A244,,Erythrina smithiana,Porotillo,,Fabaceae,Árbol,Ejemplar,1,Bosque Seco,-12.0682052,-77.0788624,Sin medir,,,,,,https://drive.google.com/file/d/1iP2UJVdaZYqZDwzcs-KPgRbuyNdO7qqC/view?usp=drivesdk,
EV-000254,A245,,Erythrina smithiana,Porotillo,,Fabaceae,Árbol,Ejemplar,1,Bosque Seco,-12.0682102,-77.0788051,Sin medir,,,,,,https://drive.google.com/file/d/1uD2wtiHsdLrb0sqyMFBtrqjm64HAEIxx/view?usp=drivesdk,
EV-000255,A246,,Erythrina smithiana,Porotillo,,Fabaceae,Árbol,Ejemplar,1,Bosque Seco,-12.0682158,-77.0787886,Sin medir,,,,,,https://drive.google.com/file/d/1Lw4lfq-AcokVVZrfu89zwaiSgCZerJgQ/view?usp=drivesdk,
EV-000256,A247,,Eucalyptus cinerea,Eucalipto plateado,,Myrtaceae,Árbol,Ejemplar,1,Bosque Seco,-12.0682635,-77.0787833,Sin medir,,,,,,https://drive.google.com/file/d/1isoNsEzmFMkha99rZpWgNHj_dUWi14m1/view?usp=drivesdk,
EV-000257,A248,,Ceiba speciosa,Palo borracho,Ceiba,Malvaceae,Árbol,Ejemplar,1,Bosque Seco,-12.0684206,-77.0788653,Sin medir,,,,,,https://drive.google.com/file/d/1X8t_zTnLnL9Bip0hBH0qMrZ1icxQFGaJ/view?usp=drivesdk,
EV-000258,A249,,Prosopis pallida,Huarango,Algarrobo,Fabaceae,Árbol,Ejemplar,1,Bosque Seco,-12.0683376,-77.0788833,Sin medir,,,,,,https://drive.google.com/file/d/1xAHuL3vG6o65I0d8KpMeGGiDo3Rluofa/view?usp=drivesdk,
EV-000259,A250,6912,Prosopis pallida,Huarango,Algarrobo,Fabaceae,Árbol,Ejemplar,1,Bosque Seco,-12.0683259,-77.0788518,Sin medir,,,,,,https://drive.google.com/file/d/1UvHll5LTMAGXr9FPcmdAFc6NXvhXZTmQ/view?usp=drivesdk,
EV-000260,A251,6882,Handroanthus chrysanthus,Guayacán amarillo,,Bignoniaceae,Árbol,Ejemplar,1,Bosque Seco,-12.0683233,-77.0788456,Sin medir,,,,,,https://drive.google.com/file/d/1YjQMbCf_kGC2w1bgGz3-NEoJFCQGKIw3/view?usp=drivesdk,
EV-000261,A252,,Handroanthus chrysanthus,Guayacán amarillo,,Bignoniaceae,Árbol,Ejemplar,1,Bosque Seco,-12.0683972,-77.078967,Sin medir,,,,,,https://drive.google.com/file/d/1FEZsP-nSimgwFAVDjqKNcIPsPqD-1MLe/view?usp=drivesdk,
EV-000262,A253,,Ceiba speciosa,Palo borracho,Ceiba,Malvaceae,Árbol,Ejemplar,1,Bosque Seco,-12.0680506,-77.0789981,Sin medir,,,,,,https://drive.google.com/file/d/1xZlkfdm4OusJfA2UJUYU8pIQg-bffqy1/view?usp=drivesdk,
EV-000263,A254,7123,Prosopis pallida,Huarango,Algarrobo,Fabaceae,Árbol,Ejemplar,1,Bosque Seco,-12.06826,-77.0789086,Sin medir,,,,,,https://drive.google.com/file/d/1cl2V47viicE7frisss3dST911UsizDVG/view?usp=drivesdk,
EV-000264,A255,,Ceiba speciosa,Palo borracho,Ceiba,Malvaceae,Árbol,Ejemplar,1,Bosque Seco,-12.0682456,-77.0788711,Sin medir,,,,,,https://drive.google.com/file/d/1qZFHYZtKJrzn_DckpKEOcalwg7j2-Gvn/view?usp=drivesdk,
EV-000265,A256,6876,Prosopis pallida,Huarango,Algarrobo,Fabaceae,Árbol,Ejemplar,1,Bosque Seco,-12.0682023,-77.0788911,Sin medir,,,,,,https://drive.google.com/file/d/17rnFJ3uu01kQc-B2dnQ83KIx8_t1NgYf/view?usp=drivesdk,
EV-000266,A257,,Prosopis pallida,Huarango,Algarrobo,Fabaceae,Árbol,Ejemplar,1,Bosque Seco,-12.0681622,-77.078903,Sin medir,,,,,,https://drive.google.com/file/d/1NE7ioG8VEhUI7f7UVLtpxar3AcBR2R_y/view?usp=drivesdk,
EV-000267,A258,,Ceiba speciosa,Palo borracho,Ceiba,Malvaceae,Árbol,Ejemplar,1,Bosque Seco,-12.0681742,-77.0789031,Sin medir,,,,,,https://drive.google.com/file/d/18zBH335wQrMlcBLC_0CQ07OEjDbl6hyI/view?usp=drivesdk,
EV-000268,A259,,Prosopis pallida,Huarango,Algarrobo,Fabaceae,Árbol,Ejemplar,1,Bosque Seco,-12.0682027,-77.0789049,Sin medir,,,,,,https://drive.google.com/file/d/1ihuv5HHUK--45DWhUNBn812sY6fa006e/view?usp=drivesdk,
EV-000269,A260,,Prosopis pallida,Huarango,Algarrobo,Fabaceae,Árbol,Ejemplar,1,Bosque Seco,-12.0682161,-77.0789085,Sin medir,,,,,,https://drive.google.com/file/d/1M46nTT50qO0sicrSYm4FhaXUwGOBVuhZ/view?usp=drivesdk,
EV-000270,A261,,Handroanthus chrysanthus,Guayacán amarillo,,Bignoniaceae,Árbol,Ejemplar,1,Bosque Seco,-12.0680777,-77.0788773,Sin medir,,,,,,https://drive.google.com/file/d/1g0pPrxhKs4GLeY-bGP7eYkuUitMPD7LJ/view?usp=drivesdk,
EV-000271,A262,,Handroanthus chrysanthus,Guayacán amarillo,,Bignoniaceae,Árbol,Ejemplar,1,Bosque Seco,-12.0682122,-77.0789331,Sin medir,,,,,,https://drive.google.com/file/d/15RO9YtBFbBjrA5eer7clbYvkbGx8o7T8/view?usp=drivesdk,
EV-000272,A263,,Handroanthus chrysanthus,Guayacán amarillo,,Bignoniaceae,Árbol,Ejemplar,1,Bosque Seco,-12.0681234,-77.0789266,Sin medir,,,,,,https://drive.google.com/file/d/1XviOfZn4jXgSelP8ZEZ2ypaxKFKLMh0e/view?usp=drivesdk,
EV-000273,A264,,Handroanthus chrysanthus,Guayacán amarillo,,Bignoniaceae,Árbol,Ejemplar,1,Bosque Seco,-12.0681324,-77.0789409,Sin medir,,,,,,https://drive.google.com/file/d/1jBBAGHlSs8LbMnMzWefgtCWUhPpd1mgy/view?usp=drivesdk,
EV-000274,A265,,Handroanthus chrysanthus,Guayacán amarillo,,Bignoniaceae,Árbol,Ejemplar,1,Bosque Seco,-12.0681052,-77.0789416,Sin medir,,,,,,https://drive.google.com/file/d/1ARNAk9bEoLKkGG587Y1voLAoSYKvLd7u/view?usp=drivesdk,
EV-000275,A266,,Handroanthus chrysanthus,Guayacán amarillo,,Bignoniaceae,Árbol,Ejemplar,1,Bosque Seco,-12.0681131,-77.0789575,Sin medir,,,,,,https://drive.google.com/file/d/1Q7dwqwi04JIdBMOe35o3LaDZaiEpPpRv/view?usp=drivesdk,
EV-000276,A267,,Handroanthus chrysanthus,Guayacán amarillo,,Bignoniaceae,Árbol,Ejemplar,1,Bosque Seco,-12.0681206,-77.0789772,Sin medir,,,,,,https://drive.google.com/file/d/1n-12Woaw_eIGdyEqRWx5EPr0aSFOsdHc/view?usp=drivesdk,
EV-000277,A268,,Handroanthus chrysanthus,Guayacán amarillo,,Bignoniaceae,Árbol,Ejemplar,1,Bosque Seco,-12.0681282,-77.0790071,Sin medir,,,,,,https://drive.google.com/file/d/1D4IF-sSz3SDXs_g5GgjStFlzr3B2nyxK/view?usp=drivesdk,
EV-000278,A269,,Handroanthus chrysanthus,Guayacán amarillo,,Bignoniaceae,Árbol,Ejemplar,1,Bosque Seco,-12.0681540378136,-77.0788101106771,Sin medir,,,,,,https://drive.google.com/file/d/1bY-2yENEgL7pbuPGqDn9tPb4lyjT_PS5/view?usp=drivesdk,
EV-000279,A270,7115,Handroanthus chrysanthus,Guayacán amarillo,,Bignoniaceae,Árbol,Ejemplar,1,Bosque Seco,-12.0681738,-77.0788786,Sin medir,,,,,,https://drive.google.com/file/d/1TlNG50p8UH1Rf2AUJCSDb7aOOlK9Dhwl/view?usp=drivesdk,
EV-000280,A271,,Nerium oleander,Adelfa,Laurel rosa,Apocynaceae,Arbusto,Ejemplar,1,Bosque Seco,-12.0681767,-77.0789042,Sin medir,,,,,,https://drive.google.com/file/d/1KOV4jCb7mFeUf6B7dshC2re-tjNNrQNz/view?usp=drivesdk,
EV-000281,A272,,Handroanthus chrysanthus,Guayacán amarillo,,Bignoniaceae,Árbol,Ejemplar,1,Bosque Seco,-12.0681775,-77.0790065,Sin medir,,,,,,https://drive.google.com/file/d/16OfOxPZbXy0xn5x6VbiNU_Y8z-UQISKX/view?usp=drivesdk,
EV-000282,A273,,Prosopis pallida,Huarango,Algarrobo,Fabaceae,Árbol,Ejemplar,1,Bosque Seco,-12.0681789282003,-77.0787846296779,Sin medir,,,,,,https://drive.google.com/file/d/1s98-H1dmB1YrdE3W_oIiElMZk42HgsS4/view?usp=drivesdk,
EV-000283,A274,,Prosopis pallida,Huarango,Algarrobo,Fabaceae,Árbol,Ejemplar,1,Bosque Seco,-12.0681282,-77.0788616,Sin medir,,,,,,https://drive.google.com/file/d/15ftKRFyyymRq2MAL8FXHg_PdzR4cJ9C0/view?usp=drivesdk,
EV-000284,A275,,Prosopis pallida,Huarango,Algarrobo,Fabaceae,Árbol,Ejemplar,1,Bosque Seco,-12.0681452,-77.0788753,Sin medir,,,,,,https://drive.google.com/file/d/1JRu05lIgIkVtrcpjr8cgv3ZtwfGSd_2Q/view?usp=drivesdk,
EV-000285,A276,,Prosopis pallida,Huarango,Algarrobo,Fabaceae,Árbol,Ejemplar,1,Bosque Seco,-12.0681586,-77.0789063,Sin medir,,,,,,https://drive.google.com/file/d/1h5P6oVGmffpraWoRZtNX5owzrwQfv5Rq/view?usp=drivesdk,
EV-000286,A277,,Prosopis pallida,Huarango,Algarrobo,Fabaceae,Árbol,Ejemplar,1,Bosque Seco,-12.06827,-77.0790059,Sin medir,,,,,,https://drive.google.com/file/d/1-tzVl0Kjgm7a7n2eDLyvfZf8tGiSUtwX/view?usp=drivesdk,
EV-000287,A278,,Prosopis pallida,Huarango,Algarrobo,Fabaceae,Árbol,Ejemplar,1,Bosque Seco,-12.0682157,-77.079003,Sin medir,,,,,,https://drive.google.com/file/d/1cHDpp_PYI1vwHWzhVAlZ3l8JmrUXiv1w/view?usp=drivesdk,
EV-000288,A279,,Handroanthus chrysanthus,Guayacán amarillo,,Bignoniaceae,Árbol,Ejemplar,1,Bosque Seco,-12.0682104,-77.0790104,Sin medir,,,,,,https://drive.google.com/file/d/1ZKUUvLzLhwtbS0l_uGNuIH-4XGC-FGl-/view?usp=drivesdk,
EV-000289,A280,,Handroanthus chrysanthus,Guayacán amarillo,,Bignoniaceae,Árbol,Ejemplar,1,Bosque Seco,-12.068198,-77.0790317,Sin medir,,,,,,https://drive.google.com/file/d/1JFmEr1Eyhc0cSqjAv0WIhYyEn-PBk-1b/view?usp=drivesdk,
EV-000290,A281,,Handroanthus chrysanthus,Guayacán amarillo,,Bignoniaceae,Árbol,Ejemplar,1,Bosque Seco,-12.0682076,-77.0790301,Sin medir,,,,,,https://drive.google.com/file/d/1UXYkD1yORlwumN86xtdTrBYKB7gUh8gD/view?usp=drivesdk,
EV-000291,A282,,Prosopis pallida,Huarango,Algarrobo,Fabaceae,Árbol,Ejemplar,1,Bosque Seco,-12.0681168,-77.0787777,Sin medir,,,,,,https://drive.google.com/file/d/1ADRu7ryPawinpsjN3i4NEd-mOIAbXdBW/view?usp=drivesdk,
EV-000292,A283,,Prosopis pallida,Huarango,Algarrobo,Fabaceae,Árbol,Ejemplar,1,Bosque Seco,-12.0681711,-77.078823,Sin medir,,,,,,https://drive.google.com/file/d/1My0WmzxBaEAUcCCCjBWwf2X7jqXHz_lF/view?usp=drivesdk,
EV-000293,A284,,Handroanthus chrysanthus,Guayacán amarillo,,Bignoniaceae,Árbol,Ejemplar,1,Bosque Seco,-12.0682114,-77.0788727,Sin medir,,,,,,https://drive.google.com/file/d/19fXl1RJPuZjbCmtd-JH-G0F_2VWSCAwm/view?usp=drivesdk,
EV-000294,A285,,Handroanthus chrysanthus,Guayacán amarillo,,Bignoniaceae,Árbol,Ejemplar,1,Bosque Seco,-12.0682354,-77.0789184,Sin medir,,,,,,https://drive.google.com/file/d/1Xuwav7dQ2uCuumWczYYxPlWgMr0w84WD/view?usp=drivesdk,
EV-000295,A286,,Handroanthus chrysanthus,Guayacán amarillo,,Bignoniaceae,Árbol,Ejemplar,1,Bosque Seco,-12.0682341,-77.0789351,Sin medir,,,,,,https://drive.google.com/file/d/1ybqNNeb04IXD5hBTd_9fzGRmSY8kSgur/view?usp=drivesdk,
EV-000296,A287,,Handroanthus chrysanthus,Guayacán amarillo,,Bignoniaceae,Árbol,Ejemplar,1,Bosque Seco,-12.0682615,-77.0789679,Sin medir,,,,,,https://drive.google.com/file/d/1wXUPFYEp7QhMHH57wo2zMSL7ySPO4VMj/view?usp=drivesdk,
EV-000297,A288,,Prosopis pallida,Huarango,Algarrobo,Fabaceae,Árbol,Ejemplar,1,Bosque Seco,-12.0682597,-77.0790036,Sin medir,,,,,,https://drive.google.com/file/d/1D2CH0tqY6NNn9xwXTgsy1pMhamcQ3A9p/view?usp=drivesdk,
EV-000298,A289,,Handroanthus chrysanthus,Guayacán amarillo,,Bignoniaceae,Árbol,Ejemplar,1,Bosque Seco,-12.0682563,-77.0790698,Sin medir,,,,,,https://drive.google.com/file/d/1TwoaJabtN22iAXjCHyZRTOaLqOGDFs3E/view?usp=drivesdk,
EV-000299,A290,,Handroanthus chrysanthus,Guayacán amarillo,,Bignoniaceae,Árbol,Ejemplar,1,Bosque Seco,-12.0682501,-77.0790812,Sin medir,,,,,,https://drive.google.com/file/d/1kbi8dPtyAFz-daLAfUiG5l1lGw556IzE/view?usp=drivesdk,
EV-000300,A291,,Ceiba speciosa,Palo borracho,Ceiba,Malvaceae,Árbol,Ejemplar,1,Bosque Seco,-12.0681125,-77.0790306,Sin medir,,,,,,https://drive.google.com/file/d/1YS_37wZwRlptSsfZQHZzqfWAChDqP7Ke/view?usp=drivesdk,
EV-000301,A292,,Prosopis pallida,Huarango,Algarrobo,Fabaceae,Árbol,Ejemplar,1,Bosque Seco,-12.0681865,-77.0789741,Sin medir,,,,,,https://drive.google.com/file/d/1kG1X_rAQNk_yVMd5dvx7iVp3zKpFsIoU/view?usp=drivesdk,
EV-000302,A293,,Prosopis pallida,Huarango,Algarrobo,Fabaceae,Árbol,Ejemplar,1,Bosque Seco,-12.0682068,-77.0789855,Sin medir,,,,,,https://drive.google.com/file/d/1FSsVtUSKGfvzovsAmIvLHPFfg-Mqzl-2/view?usp=drivesdk,
EV-000303,A294,,Handroanthus chrysanthus,Guayacán amarillo,,Bignoniaceae,Árbol,Ejemplar,1,Bosque Seco,-12.068213,-77.0790171,Sin medir,,,,,,https://drive.google.com/file/d/1nUZZhRjNdzFJFkIq5UriPn4pnQ2N00_M/view?usp=drivesdk,
EV-000304,A295,,Handroanthus chrysanthus,Guayacán amarillo,,Bignoniaceae,Árbol,Ejemplar,1,Bosque Seco,-12.0682269,-77.079036,Sin medir,,,,,,https://drive.google.com/file/d/1c9G86CR0q00J_50TBajIg8KNFlGE2SRH/view?usp=drivesdk,
EV-000305,A296,,Handroanthus chrysanthus,Guayacán amarillo,,Bignoniaceae,Árbol,Ejemplar,1,Bosque Seco,-12.0682179,-77.0790518,Sin medir,,,,,,https://drive.google.com/file/d/1Q8Kn8nNW0X3MPQTBXRDVbizi2Kt26xBt/view?usp=drivesdk,
EV-000306,A297,6614,Handroanthus chrysanthus,Guayacán amarillo,,Bignoniaceae,Árbol,Ejemplar,1,Bosque Seco,-12.0682282,-77.0790975,Sin medir,,,,,,https://drive.google.com/file/d/1YigM5cDLaYxo2OhmMWA47-moFdmwN2Dv/view?usp=drivesdk,
EV-000307,A298,,Handroanthus chrysanthus,Guayacán amarillo,,Bignoniaceae,Árbol,Ejemplar,1,Bosque Seco,-12.0682839,-77.0790909,Sin medir,,,,,,https://drive.google.com/file/d/1ZNxJnURPp_IXrtwrutUizQInsJqYFB1a/view?usp=drivesdk,
EV-000308,A299,,Handroanthus chrysanthus,Guayacán amarillo,,Bignoniaceae,Árbol,Ejemplar,1,Bosque Seco,-12.0682378,-77.0788473,Sin medir,,,,,,https://drive.google.com/file/d/1fosUNuP3Q7wTKCJuJwmvNOhABpwHLjlm/view?usp=drivesdk,
EV-000309,A300,,Prosopis pallida,Huarango,Algarrobo,Fabaceae,Árbol,Ejemplar,1,Bosque Seco,-12.0682854,-77.0789048,Sin medir,,,,,,https://drive.google.com/file/d/167gac9IAeMaigMi7XgUL2xd39fYYqOWX/view?usp=drivesdk,
EV-000310,A301,,Handroanthus chrysanthus,Guayacán amarillo,,Bignoniaceae,Árbol,Ejemplar,1,Bosque Seco,-12.0682957,-77.0789171,Sin medir,,,,,,https://drive.google.com/file/d/1eYLk5c3vXhvGDV8yhgQ6vxlcRN9UvXo5/view?usp=drivesdk,
EV-000311,A302,,Handroanthus chrysanthus,Guayacán amarillo,,Bignoniaceae,Árbol,Ejemplar,1,Bosque Seco,-12.0682731,-77.078929,Sin medir,,,,,,https://drive.google.com/file/d/1yf8AZ8oohRZBa8D6XP08NH3AMbBuSa6E/view?usp=drivesdk,
EV-000312,A303,,Handroanthus chrysanthus,Guayacán amarillo,,Bignoniaceae,Árbol,Ejemplar,1,Bosque Seco,-12.0682733,-77.0789683,Sin medir,,,,,,https://drive.google.com/file/d/16ioKVf3XxcCYgQhDSd_rlC419bIBuU14/view?usp=drivesdk,
EV-000313,A304,,Handroanthus chrysanthus,Guayacán amarillo,,Bignoniaceae,Árbol,Ejemplar,1,Bosque Seco,-12.068295,-77.0790124,Sin medir,,,,,,https://drive.google.com/file/d/1TytmuXv1qyI3bO32SOMKI_zq9YOoPycs/view?usp=drivesdk,
EV-000314,A305,,Handroanthus chrysanthus,Guayacán amarillo,,Bignoniaceae,Árbol,Ejemplar,1,Bosque Seco,-12.0682867,-77.0790551,Sin medir,,,,,,https://drive.google.com/file/d/1VJ1Lhia2JBZk0TIKJch3I2NW3Py1XrQo/view?usp=drivesdk,
EV-000315,A306,,Handroanthus chrysanthus,Guayacán amarillo,,Bignoniaceae,Árbol,Ejemplar,1,Bosque Seco,-12.0682746,-77.0790798,Sin medir,,,,,,https://drive.google.com/file/d/1aqrV7WobBHDo5wChHlsyCsYKvcN7FHce/view?usp=drivesdk,
EV-000316,A307,,Handroanthus chrysanthus,Guayacán amarillo,,Bignoniaceae,Árbol,Ejemplar,1,Bosque Seco,-12.0683844,-77.0789274,Sin medir,,,,,,https://drive.google.com/file/d/1b08aVmuTwyoZBj1ck5zgGiRBQ11yZBqF/view?usp=drivesdk,
EV-000317,A308,,Handroanthus chrysanthus,Guayacán amarillo,,Bignoniaceae,Árbol,Ejemplar,1,Bosque Seco,-12.0683639,-77.0789046,Sin medir,,,,,,https://drive.google.com/file/d/1NmiicBtCO3d_1vpprob72FYTJCo6ZIHd/view?usp=drivesdk,
EV-000318,A309,,Handroanthus chrysanthus,Guayacán amarillo,,Bignoniaceae,Árbol,Ejemplar,1,Bosque Seco,-12.0683421,-77.0789406,Sin medir,,,,,,https://drive.google.com/file/d/18Bbb5ZpIdrBmzElffPfaSFefmlBy837t/view?usp=drivesdk,
EV-000319,A310,,Eucalyptus globulus,Eucalipto común,,Myrtaceae,Árbol,Ejemplar,1,Bosque Seco,-12.0683232,-77.079029,Sin medir,,,,,,https://drive.google.com/file/d/167c0D6v_DmLB5kULpdun6tqmNPbNzuIs/view?usp=drivesdk,
EV-000320,A311,,Handroanthus chrysanthus,Guayacán amarillo,,Bignoniaceae,Árbol,Ejemplar,1,Bosque Seco,-12.0682967,-77.0790424,Sin medir,,,,,,https://drive.google.com/file/d/12zsdFkEDWT4N2xgFqaNFfppwmfrFMjah/view?usp=drivesdk,
EV-000321,A312,,Handroanthus chrysanthus,Guayacán amarillo,,Bignoniaceae,Árbol,Ejemplar,1,Bosque Seco,-12.068287,-77.0790558,Sin medir,,,,,,https://drive.google.com/file/d/18ib9jkES62WjcdArQmA78xsU6tETH6Zk/view?usp=drivesdk,
EV-000322,A313,,Handroanthus chrysanthus,Guayacán amarillo,,Bignoniaceae,Árbol,Ejemplar,1,Bosque Seco,-12.0684762,-77.0789168,Sin medir,,,,,,https://drive.google.com/file/d/13ULhkv-pTb18hgcL2_BR0UuAswFVBRjj/view?usp=drivesdk,
EV-000323,A314,,Handroanthus chrysanthus,Guayacán amarillo,,Bignoniaceae,Árbol,Ejemplar,1,Bosque Seco,-12.068385,-77.0789553,Sin medir,,,,,,https://drive.google.com/file/d/1QGan-x9YbaYVvRZpaz7Pi0LerZmZtLpz/view?usp=drivesdk,
EV-000324,A315,,Handroanthus chrysanthus,Guayacán amarillo,,Bignoniaceae,Árbol,Ejemplar,1,Bosque Seco,-12.068389,-77.078949,Sin medir,,,,,,https://drive.google.com/file/d/1Q8lvaovhZI5ioY5nWxFiOVE-5-j-Pgfl/view?usp=drivesdk,
EV-000325,A316,,Handroanthus chrysanthus,Guayacán amarillo,,Bignoniaceae,Árbol,Ejemplar,1,Bosque Seco,-12.0683898,-77.0789593,Sin medir,,,,,,https://drive.google.com/file/d/1ccoEtS7LXYz3v7EHfntJjkgT5QTbttRC/view?usp=drivesdk,
EV-000326,A317,,Handroanthus chrysanthus,Guayacán amarillo,,Bignoniaceae,Árbol,Ejemplar,1,Bosque Seco,-12.0683778,-77.0789883,Sin medir,,,,,,https://drive.google.com/file/d/1nxRjOhXf7k0g9iMK09x11D6v-ZqSQSP3/view?usp=drivesdk,
EV-000327,A318,,Handroanthus chrysanthus,Guayacán amarillo,,Bignoniaceae,Árbol,Ejemplar,1,Bosque Seco,-12.0682874,-77.0790463,Sin medir,,,,,,https://drive.google.com/file/d/120aW5dZJwCK_03OS02lwQrsDurxTZIw8/view?usp=drivesdk,
EV-000328,A319,,Handroanthus chrysanthus,Guayacán amarillo,,Bignoniaceae,Árbol,Ejemplar,1,Bosque Seco,-12.0682399,-77.0791143,Sin medir,,,,,,https://drive.google.com/file/d/1R2tcrI62fmx7B6r01u1wcEhqOoTpykj2/view?usp=drivesdk,
EV-000329,A320,,Caesalpinia spinosa,Tara,,Fabaceae,Árbol,Ejemplar,1,Bosque Seco,-12.0682417,-77.0791712,Sin medir,,,,,,https://drive.google.com/file/d/1H18-10_BrH5rIcKnrNKnPTal5WnvHQrd/view?usp=drivesdk,
EV-000330,A321,,Caesalpinia spinosa,Tara,,Fabaceae,Árbol,Ejemplar,1,Bosque Seco,-12.0682486,-77.0791643,Sin medir,,,,,,https://drive.google.com/file/d/1Fl2pH1M1Ejdr0BrqqIpqi97iw93sYNtM/view?usp=drivesdk,
EV-000331,A322,,Handroanthus chrysanthus,Guayacán amarillo,,Bignoniaceae,Árbol,Ejemplar,1,Bosque Seco,-12.0682367,-77.0791635,Sin medir,,,,,,https://drive.google.com/file/d/19aQ4UD0GSEcFB_PpVfLyAbSEdwX-lG73/view?usp=drivesdk,
EV-000332,A323,,Handroanthus chrysanthus,Guayacán amarillo,,Bignoniaceae,Árbol,Ejemplar,1,Bosque Seco,-12.0682229,-77.0791616,Sin medir,,,,,,https://drive.google.com/file/d/1Abs0vVwPF-42qONrNf59Jv5TgSazx-MS/view?usp=drivesdk,
EV-000333,A324,,Handroanthus chrysanthus,Guayacán amarillo,,Bignoniaceae,Árbol,Ejemplar,1,Bosque Seco,-12.0681942,-77.0791422,Sin medir,,,,,,https://drive.google.com/file/d/1b_uuN_tGZsnG3prEi2AO84_KScRnkXW3/view?usp=drivesdk,
EV-000334,A325,,Tecoma stans,Huaranguay,Fresno amarillo,Bignoniaceae,Árbol,Ejemplar,1,Bosque Seco,-12.0681708,-77.0791348,Sin medir,,,,,,https://drive.google.com/file/d/1GV_R3M-zjbKcN9ZgUO2e1BNxE01g-vdq/view?usp=drivesdk,
EV-000335,A326,,Tecoma stans,Huaranguay,Fresno amarillo,Bignoniaceae,Árbol,Ejemplar,1,Bosque Seco,-12.0681388,-77.0791325,Sin medir,,,,,,https://drive.google.com/file/d/1FRBDP4mOsbFVc6f9DT0R766VaGWwlVrd/view?usp=drivesdk,
EV-000336,A326-2,,Erythrina smithiana,Porotillo,,Fabaceae,Árbol,Ejemplar,1,Bosque Seco,-12.0681398,-77.0791325,Sin medir,,,,,,https://drive.google.com/file/d/1y2fWw-arcTaXIEfGhrZbTPAGlxkwR0Od/view?usp=drivesdk,
EV-000337,A327,,Quillaja saponaria,Quillay,,Quillajaceae,Árbol,Ejemplar,1,Bosque Seco,-12.0681247,-77.0791609,Sin medir,,,,,,https://drive.google.com/file/d/1DjIXQzXsARMZ_NlL4ACzgLRzqsQ5vZo7/view?usp=drivesdk,
EV-000338,A328,,Jacaranda mimosifolia,Jacarandá,,Bignoniaceae,Árbol,Ejemplar,1,Bosque Seco,-12.0681018,-77.079153,Sin medir,,,,,,https://drive.google.com/file/d/1fM9DO52zHyrCmAwzhVv6U-YE-1HICCxa/view?usp=drivesdk,
EV-000339,A329,,Parkinsonia praecox,Palo verde,,Fabaceae,Árbol,Ejemplar,1,Bosque Seco,-12.0681099,-77.0791881,Sin medir,,,,,,https://drive.google.com/file/d/1uJ7uLskAwzyxrWuxO7LzSDbsZrIdPjoS/view?usp=drivesdk,
EV-000340,A330,,Quillaja saponaria,Quillay,,Quillajaceae,Árbol,Ejemplar,1,Bosque Seco,-12.0680933,-77.079093,Sin medir,,,,,,https://drive.google.com/file/d/1B1BD_Lh47aG8klZDNebF1bRbcePhIJZn/view?usp=drivesdk,
EV-000341,A331,,Erythrina smithiana,Porotillo,,Fabaceae,Árbol,Ejemplar,1,Bosque Seco,-12.0680494,-77.0790561,Sin medir,,,,,,https://drive.google.com/file/d/1gCDy6YkuGgbqfzklmpN-m9cS0qNR6WrI/view?usp=drivesdk,
EV-000342,A332,,Prunus serrulata,Sakura,Cerezo japonés,Rosaceae,Árbol,Ejemplar,1,Arqueología,-12.0672733708256,-77.081201300024,Sin medir,,,,,,https://drive.google.com/file/d/1mT9e5LNu1DzCFePf0hUESAHVbKDmPvUf/view?usp=drivesdk,
EV-000343,A333,,Prunus serrulata,Sakura,Cerezo japonés,Rosaceae,Árbol,Ejemplar,1,Arqueología,-12.0673202500367,-77.0812026411285,Sin medir,,,,,,https://drive.google.com/file/d/1MEGn8l1JGNucrszJTN9oyhUic5GIGWQx/view?usp=drivesdk,
EV-000344,A334,,Prunus serrulata,Sakura,Cerezo japonés,Rosaceae,Árbol,Ejemplar,1,Arqueología,-12.067379598877,-77.0812019705772,Sin medir,,,,,,https://drive.google.com/file/d/1jgwFYDZ4XxeIt700wniC2dMvTkLAbI8z/view?usp=drivesdk,
EV-000345,A335,,Prunus serrulata,Sakura,Cerezo japonés,Rosaceae,Árbol,Ejemplar,1,Arqueología,-12.0674487907201,-77.081206664439,Sin medir,,,,,,https://drive.google.com/file/d/1TUM6dfQGO-dOsU3Ql4u1QWixRm97ZMYy/view?usp=drivesdk,
EV-000346,A336,,Prunus serrulata,Sakura,Cerezo japonés,Rosaceae,Árbol,Ejemplar,1,Arqueología,-12.0674530506613,-77.0812049880614,Sin medir,,,,,,https://drive.google.com/file/d/1WiKT_pi0zKYCpUGIuiXtEq6qtK9BjLT0/view?usp=drivesdk,
EV-000347,A337,,Prunus serrulata,Sakura,Cerezo japonés,Rosaceae,Árbol,Ejemplar,1,Arqueología,-12.0675281210338,-77.0812039822338,Sin medir,,,,,,https://drive.google.com/file/d/1iIcDkCr-kgO3oH_0KVe6RCg45vizDy4C/view?usp=drivesdk,
EV-000348,A338,,Prunus serrulata,Sakura,Cerezo japonés,Rosaceae,Árbol,Ejemplar,1,Arqueología,-12.0676917267837,-77.0812113583112,Sin medir,,,,,,https://drive.google.com/file/d/11X42v5Ooz7DPflMK0ZlMgfnfT21MRHkl/view?usp=drivesdk,
EV-000349,A339,,Prunus serrulata,Sakura,Cerezo japonés,Rosaceae,Árbol,Ejemplar,1,Arqueología,-12.0676458346485,-77.0812086760998,Sin medir,,,,,,https://drive.google.com/file/d/1Vujl32pNJy5e8U6YiyM84Wh4RsPkk4qF/view?usp=drivesdk,
EV-000350,A340,,Prunus serrulata,Sakura,Cerezo japonés,Rosaceae,Árbol,Ejemplar,1,Arqueología,-12.0677497560878,-77.081210352482,Sin medir,,,,,,https://drive.google.com/file/d/1uoRZjJNEUvip2rq5-T18M2xhb365jzaQ/view?usp=drivesdk,
EV-000351,A341,,Prunus serrulata,Sakura,Cerezo japonés,Rosaceae,Árbol,Ejemplar,1,Arqueología,-12.0678005816413,-77.0812103524819,Sin medir,,,,,,https://drive.google.com/file/d/10_nMC7n3yCG2xjzQvZySK1cWjcUQ_rdR/view?usp=drivesdk,
EV-000352,A342,,Prunus serrulata,Sakura,Cerezo japonés,Rosaceae,Árbol,Ejemplar,1,Arqueología,-12.0678468,-77.0812129,Sin medir,,,,,,https://drive.google.com/file/d/1cvDiZT1dc3AjAUmLA1L7F8Yo-1BLEMvy/view?usp=drivesdk,
EV-000353,A343,,Prunus serrulata,Sakura,Cerezo japonés,Rosaceae,Árbol,Ejemplar,1,Arqueología,-12.067944,-77.0812095,Sin medir,,,,,,https://drive.google.com/file/d/1NktdZwnKVqaqKfYKBYvcLj7sZf2LBBp6/view?usp=drivesdk,
EV-000354,A344,,Prunus serrulata,Sakura,Cerezo japonés,Rosaceae,Árbol,Ejemplar,1,Arqueología,-12.0680154,-77.0812122,Sin medir,,,,,,https://drive.google.com/file/d/1fjhCybsbHBWC8BczljiOfdGSr7ALvVw8/view?usp=drivesdk,
EV-000355,A345,,Prunus serrulata,Sakura,Cerezo japonés,Rosaceae,Árbol,Ejemplar,1,Arqueología,-12.0680766453626,-77.081235498188,Sin medir,,,,,,https://drive.google.com/file/d/1N3eqe3ymDQ06XOVv6zU1aw7kjmytG0LQ/view?usp=drivesdk,
EV-000356,A346,,Prunus serrulata,Sakura,Cerezo japonés,Rosaceae,Árbol,Ejemplar,1,Arqueología,-12.0681461478436,-77.081241533157,Sin medir,,,,,,https://drive.google.com/file/d/1xMcO2G0ZbGOdgCzlggEtWsTepXh6etqK/view?usp=drivesdk,
EV-000357,A347,,Prunus serrulata,Sakura,Cerezo japonés,Rosaceae,Árbol,Ejemplar,1,Arqueología,-12.0683526450905,-77.0812703669047,Sin medir,,,,,,https://drive.google.com/file/d/1_QntjNpGlbJBbDGyHT5-b0J4B1VQBahX/view?usp=drivesdk,
EV-000358,A348,,Prunus serrulata,Sakura,Cerezo japonés,Rosaceae,Árbol,Ejemplar,1,Arqueología,-12.0684596,-77.0812818,Sin medir,,,,,,https://drive.google.com/file/d/1_QDSlb4ugeZ3DsdbnHk5qmPB9EAAyNjI/view?usp=drivesdk,
EV-000359,A349,,Prunus serrulata,Sakura,Cerezo japonés,Rosaceae,Árbol,Ejemplar,1,Arqueología,-12.0685507311744,-77.0812985300997,Sin medir,,,,,,https://drive.google.com/file/d/1zBSz9sDlhV7pTiwWM9ZJMeQOP-hIQK-U/view?usp=drivesdk,
EV-000360,A350,,Prunus serrulata,Sakura,Cerezo japonés,Rosaceae,Árbol,Ejemplar,1,Arqueología,-12.0686192717396,-77.0813116058669,Sin medir,,,,,,https://drive.google.com/file/d/15FDWmFGrzP9J306LSgQkMsTccIKZooHR/view?usp=drivesdk,
EV-000361,A351,,Roystonea regia,Palmera real,,Arecaceae,Palmera,Ejemplar,1,Arqueología,-12.0686561,-77.0812904,Sin medir,,,,,,https://drive.google.com/file/d/1qCZm19IcWsBKN0Wxs5vKyvjnQOaUVwt-/view?usp=drivesdk,
EV-000362,A352,,Roystonea regia,Palmera real,,Arecaceae,Palmera,Ejemplar,1,Arqueología,-12.068626148487,-77.0812730491173,Sin medir,,,,,,https://drive.google.com/file/d/1QnidIiAWftM8znGh_8WSS9kH6MYsFHBI/view?usp=drivesdk,
EV-000363,A353,,Roystonea regia,Palmera real,,Arecaceae,Palmera,Ejemplar,1,Arqueología,-12.068598268765,-77.081253938378,Sin medir,,,,,,https://drive.google.com/file/d/1FW-zLs_vOuPKRunIBgwzD0FHOzx1yI61/view?usp=drivesdk,
EV-000364,A354,,Roystonea regia,Palmera real,,Arecaceae,Palmera,Ejemplar,1,Arqueología,-12.0685536790064,-77.0812405273338,Sin medir,,,,,,https://drive.google.com/file/d/1kHoZ_LoYlXFpiWHYKnAGV81YE5MLhnad/view?usp=drivesdk,
EV-000365,A355,,Roystonea regia,Palmera real,,Arecaceae,Palmera,Ejemplar,1,Arqueología,-12.0685094082229,-77.0812277868412,Sin medir,,,,,,https://drive.google.com/file/d/1dy0o5ZjcZaVdt1jmMKKwxvNDdjMCJivT/view?usp=drivesdk,
EV-000366,A356,,Roystonea regia,Palmera real,,Arecaceae,Palmera,Ejemplar,1,Arqueología,-12.068457936314,-77.0812230929761,Sin medir,,,,,,https://drive.google.com/file/d/1YYxmusN75jc6SN6w_oh5FlbbVkwgtTm1/view?usp=drivesdk,
EV-000367,A357,,Roystonea regia,Palmera real,,Arecaceae,Palmera,Ejemplar,1,Arqueología,-12.0684048191426,-77.0812180638342,Sin medir,,,,,,https://drive.google.com/file/d/11MNS5fsabLYkEovFX31vDF1gxCUC1W_k/view?usp=drivesdk,
EV-000368,A358,,Roystonea regia,Palmera real,,Arecaceae,Palmera,Ejemplar,1,Arqueología,-12.068361210348,-77.0812120288645,Sin medir,,,,,,https://drive.google.com/file/d/14cnKSpoQdyIhCpzmW-7kWk1BRPTjSnql/view?usp=drivesdk,
EV-000369,A359,,Roystonea regia,Palmera real,,Arecaceae,Palmera,Ejemplar,1,Arqueología,-12.0682953114002,-77.0812029764051,Sin medir,,,,,,https://drive.google.com/file/d/1YJanU1VnUCSx9_FOoteECi_BCJTQsqMF/view?usp=drivesdk,
EV-000370,A360,,Roystonea regia,Palmera real,,Arecaceae,Palmera,Ejemplar,1,Arqueología,-12.0681941,-77.0812023,Sin medir,,,,,,https://drive.google.com/file/d/13wE6egjjag0dbJCnl53HHV3kmUYoIUDQ/view?usp=drivesdk,
EV-000371,A361,,Roystonea regia,Palmera real,,Arecaceae,Palmera,Ejemplar,1,Arqueología,-12.068127788581,-77.0811818540118,Sin medir,,,,,,https://drive.google.com/file/d/12eNFSvlSd8xaYo-mFslj7sQPXuVIw8WZ/view?usp=drivesdk,
EV-000372,A362,,Roystonea regia,Palmera real,,Arecaceae,Palmera,Ejemplar,1,Arqueología,-12.0680733693896,-77.0811738073771,Sin medir,,,,,,https://drive.google.com/file/d/12E3KpPZzMDkZZFy731c346j--bxxIObz/view?usp=drivesdk,
EV-000373,A363,,Roystonea regia,Palmera real,,Arecaceae,Palmera,Ejemplar,1,Arqueología,-12.0680248325828,-77.0811697840711,Sin medir,,,,,,https://drive.google.com/file/d/1frndffaHn0BOBNukhRLAFo4Wn30Ad0TW/view?usp=drivesdk,
EV-000374,A364,,Roystonea regia,Palmera real,,Arecaceae,Palmera,Ejemplar,1,Arqueología,-12.067981557246,-77.0811677724147,Sin medir,,,,,,https://drive.google.com/file/d/1FIv5G-JGPvIE4Lp1M1sgmjIreLDF2uGC/view?usp=drivesdk,
EV-000375,A365,,Roystonea regia,Palmera real,,Arecaceae,Palmera,Ejemplar,1,Arqueología,-12.0679474689878,-77.0811644196537,Sin medir,,,,,,https://drive.google.com/file/d/1dfBpkFuPhR74SjltL-6CmOkNswj9R8bE/view?usp=drivesdk,
EV-000376,A366,,Roystonea regia,Palmera real,,Arecaceae,Palmera,Ejemplar,1,Arqueología,-12.0678835365105,-77.0811694487934,Sin medir,,,,,,https://drive.google.com/file/d/1Lrta_6uIlpMc_XhQd6T2auuEpJyIls7r/view?usp=drivesdk,
EV-000377,A367,,Roystonea regia,Palmera real,,Arecaceae,Palmera,Ejemplar,1,Arqueología,-12.0678261615333,-77.0811684429658,Sin medir,,,,,,https://drive.google.com/file/d/1kD1ul56z1sCjKbgcmyXBr7fWtpjpKI0v/view?usp=drivesdk,
EV-000378,A368,,Roystonea regia,Palmera real,,Arecaceae,Palmera,Ejemplar,1,Arqueología,-12.0677739,-77.0811648,Sin medir,,,,,,https://drive.google.com/file/d/1Qw-mxkrx_PPuAHOrxnLEJXkWoQn5aRl8/view?usp=drivesdk,
EV-000379,A369,,Roystonea regia,Palmera real,,Arecaceae,Palmera,Ejemplar,1,Arqueología,-12.0677256,-77.0811688,Sin medir,,,,,,https://drive.google.com/file/d/1lc0M9aEcPQIVAyzxSNkFaMSeNZLnsIwQ/view?usp=drivesdk,
EV-000380,A370,,Roystonea regia,Palmera real,,Arecaceae,Palmera,Ejemplar,1,Arqueología,-12.0676739,-77.0811701,Sin medir,,,,,,https://drive.google.com/file/d/1rOPXg2GCI4M6gEAeXSSu4maxna_hXsai/view?usp=drivesdk,
EV-000381,A371,,Roystonea regia,Palmera real,,Arecaceae,Palmera,Ejemplar,1,Arqueología,-12.0676361,-77.0811746,Sin medir,,,,,,https://drive.google.com/file/d/1walSSm6UaCP6l9R58sVtxjncmeoLLmDq/view?usp=drivesdk,
EV-000382,A372,,Roystonea regia,Palmera real,,Arecaceae,Palmera,Ejemplar,1,Arqueología,-12.0675754,-77.0811769,Sin medir,,,,,,https://drive.google.com/file/d/1apSJI92AwLkL1VVB6MIkVJ8uTrLhp5Pf/view?usp=drivesdk,
EV-000383,A373,,Roystonea regia,Palmera real,,Arecaceae,Palmera,Ejemplar,1,Arqueología,-12.0675356678108,-77.0811764895918,Sin medir,,,,,,https://drive.google.com/file/d/1BcXvsl-9bzXtvW3oRvVjiXF349_bipb9/view?usp=drivesdk,
EV-000384,A374,,Roystonea regia,Palmera real,,Arecaceae,Palmera,Ejemplar,1,Arqueología,-12.0674949,-77.0811785,Sin medir,,,,,,https://drive.google.com/file/d/1hhMb0SMBslLvc5nmGnIvNoigaxXWpP92/view?usp=drivesdk,
EV-000385,A375,,Roystonea regia,Palmera real,,Arecaceae,Palmera,Ejemplar,1,Arqueología,-12.0674153442205,-77.0811805129064,Sin medir,,,,,,https://drive.google.com/file/d/1C5IjOVdHB8536D5K94ThCIPl7OZq_t0k/view?usp=drivesdk,
EV-000386,A376,,Roystonea regia,Palmera real,,Arecaceae,Palmera,Ejemplar,1,Arqueología,-12.0673874,-77.0811696,Sin medir,,,,,,https://drive.google.com/file/d/1l5wZXpOBlp43QXndk4Z8ltBoSD_PTF59/view?usp=drivesdk,
EV-000387,A377,,Roystonea regia,Palmera real,,Arecaceae,Palmera,Ejemplar,1,Arqueología,-12.0673158,-77.0811787,Sin medir,,,,,,https://drive.google.com/file/d/1AqM6l9tdhXYLnt835442f8LzbXfSHIcZ/view?usp=drivesdk,
EV-000388,A378,,Hibiscus tiliaceus,Meijo,Majagua,Malvaceae,Árbol,Ejemplar,1,Estacionamiento,-12.0680406224,-77.0786042511507,Sin medir,,,,,,https://drive.google.com/file/d/1GGiAvvr76-ae942_3Q8cPjEok9AUBwTT/view?usp=drivesdk,
EV-000389,A379,,Hibiscus tiliaceus,Meijo,Majagua,Malvaceae,Árbol,Ejemplar,1,Estacionamiento,-12.0680409,-77.078532,Sin medir,,,,,,https://drive.google.com/file/d/1u1Mo2WhPMxSnntOoa2ycr1ldqh6hCVkG/view?usp=drivesdk,
EV-000390,A380,,Hibiscus tiliaceus,Meijo,Majagua,Malvaceae,Árbol,Ejemplar,1,Estacionamiento,-12.0680431893401,-77.07845404744,Sin medir,,,,,,https://drive.google.com/file/d/1xMc80ogrI_PJoKrdufT7Z0FfjpL73zD9/view?usp=drivesdk,
EV-000391,A381,,Hibiscus tiliaceus,Meijo,Majagua,Malvaceae,Árbol,Ejemplar,1,Estacionamiento,-12.0680418961791,-77.0783950388433,Sin medir,,,,,,https://drive.google.com/file/d/1-1O9MFtEtebhy0CfBXYSzAYJDQk0wdrD/view?usp=drivesdk,
EV-000392,A382,,Hibiscus tiliaceus,Meijo,Majagua,Malvaceae,Árbol,Ejemplar,1,Estacionamiento,-12.0680477891623,-77.078341394666,Sin medir,,,,,,https://drive.google.com/file/d/1wSRKBa7NiCNmVZxx1hxoWNVsvOHBf0A3/view?usp=drivesdk,
EV-000393,A383,,Hibiscus tiliaceus,Meijo,Majagua,Malvaceae,Árbol,Ejemplar,1,Estacionamiento,-12.0680471289427,-77.0782133191795,Sin medir,,,,,,https://drive.google.com/file/d/1b6MR2OLRj5SOYxFdyNpmSP95bnrwOEFs/view?usp=drivesdk,
EV-000394,A384,7396,Retrophyllum rospigliosii,Pino romerón,Ulcumano,Podocarpaceae,Árbol,Ejemplar,1,Mac Gregor,-12.0683021908479,-77.0785734057325,Sin medir,,,,,,https://drive.google.com/file/d/1_yzEKqIwfH0xAxJBQV9NY1oTv3dJG_tQ/view?usp=drivesdk,
EV-000395,A385,,Retrophyllum rospigliosii,Pino romerón,Ulcumano,Podocarpaceae,Árbol,Ejemplar,1,Mac Gregor,-12.0683053,-77.078506,Sin medir,,,,,,https://drive.google.com/file/d/1A7frfIpmXt3O7cyPjX0AjERbkoBrU7jg/view?usp=drivesdk,
EV-000396,A386,,Retrophyllum rospigliosii,Pino romerón,Ulcumano,Podocarpaceae,Árbol,Ejemplar,1,Mac Gregor,-12.0684215631937,-77.0784413069517,Sin medir,,,,,,https://drive.google.com/file/d/1qsLfJ9-bykQpk-FIy16PGQ5niYSpExQ-/view?usp=drivesdk,
EV-000397,A387,,Retrophyllum rospigliosii,Pino romerón,Ulcumano,Podocarpaceae,Árbol,Ejemplar,1,Mac Gregor,-12.068425501714,-77.078388333323,Sin medir,,,,,,https://drive.google.com/file/d/1GZN2nmoomsH_S_yAH1z52iQVI3kUkwOz/view?usp=drivesdk,
EV-000398,A388,,Retrophyllum rospigliosii,Pino romerón,Ulcumano,Podocarpaceae,Árbol,Ejemplar,1,Mac Gregor,-12.0683911,-77.0783088,Sin medir,,,,,,https://drive.google.com/file/d/1LzECp2fp3kzcn9wCckc9KUSJvTbsVusH/view?usp=drivesdk,
EV-000399,A389,,Callitris columellaris,Pino ciprés blanco,,Cupressaceae,Árbol,Ejemplar,1,Mac Gregor,-12.0684312,-77.0783295,Sin medir,,,,,,https://drive.google.com/file/d/1nniaw3gb3hy3VvbH4Pdq8ghtcvy0Waaj/view?usp=drivesdk,
EV-000400,A390,,Callitris columellaris,Pino ciprés blanco,,Cupressaceae,Árbol,Ejemplar,1,Mac Gregor,-12.0684322,-77.0783371,Sin medir,,,,,,https://drive.google.com/file/d/1zxT-Qrtc2hznM7QQAjQDNYluGqyoayuE/view?usp=drivesdk,
EV-000401,A391,,Syagrus romanzoffiana,Palmera reina,Palmera bruja,Arecaceae,Palmera,Ejemplar,1,Mac Gregor,-12.0684112,-77.078307,Sin medir,,,,,,https://drive.google.com/file/d/12i0EMmODGRIlU1lO706InERQC8n-WfKw/view?usp=drivesdk,
EV-000402,A392,,Syagrus romanzoffiana,Palmera reina,Palmera bruja,Arecaceae,Palmera,Ejemplar,1,Mac Gregor,-12.0683408,-77.0782714,Sin medir,,,,,,https://drive.google.com/file/d/1P6ju9PoUcTicDtWks6cdrkQlDIsEegIa/view?usp=drivesdk,
EV-000403,A393,,Syagrus romanzoffiana,Palmera reina,Palmera bruja,Arecaceae,Palmera,Ejemplar,1,Mac Gregor,-12.0684012,-77.0784213,Sin medir,,,,,,https://drive.google.com/file/d/11cyLxBrk5-iirgVBi16XSDFhlXVIMBhF/view?usp=drivesdk,
EV-000404,A394,,Syagrus romanzoffiana,Palmera reina,Palmera bruja,Arecaceae,Palmera,Ejemplar,1,Mac Gregor,-12.0683602,-77.07834,Sin medir,,,,,,https://drive.google.com/file/d/1gntsLtcVAzM03kIm5ofN1jR1iQYVndsC/view?usp=drivesdk,
EV-000405,A395,,Caesalpinia spinosa,Tara,,Fabaceae,Árbol,Ejemplar,1,Mac Gregor,-12.0682878,-77.0782671,Sin medir,,,,,,https://drive.google.com/file/d/1JwVGMDrnLow1oRakaHxUZB5Tk0KGyZUj/view?usp=drivesdk,
EV-000406,A396,,Agave americana,Pita,Agave|Maguey,Asparagaceae,Arbusto,Agrupación,3,Mac Gregor,-12.0683577,-77.078238,Sin medir,,,,,,https://drive.google.com/file/d/1HyEvGj0Fgw5GuhtRqNTXRlSK2VG67TOV/view?usp=drivesdk,
EV-000407,A397,,Caesalpinia spinosa,Tara,,Fabaceae,Árbol,Ejemplar,1,Mac Gregor,-12.0682969,-77.0782677,Sin medir,,,,,,https://drive.google.com/file/d/1TZx3ty21J63i6oh1mOMnYHl-kU-yqDWM/view?usp=drivesdk,
EV-000408,A398,,Agave americana,Pita,Agave|Maguey,Asparagaceae,Arbusto,Agrupación,3,Mac Gregor,-12.0682969,-77.0782763,Sin medir,,,,,,https://drive.google.com/file/d/17b3nkmKBuUNwx-cpjYz67HfYkk2ihXsH/view?usp=drivesdk,
EV-000409,A399,,Agave americana,Pita,Agave|Maguey,Asparagaceae,Arbusto,Agrupación,3,Mac Gregor,-12.0683362,-77.078285,Sin medir,,,,,,https://drive.google.com/file/d/1DxV1-EznysnjC8XucvOPIDWLL8AznwBe/view?usp=drivesdk,
EV-000410,A400,,Caesalpinia spinosa,Tara,,Fabaceae,Árbol,Ejemplar,1,Mac Gregor,-12.0684589691743,-77.0782944560124,Sin medir,,,,,,https://drive.google.com/file/d/1oH3zOaf24iXBpjH7NSYSkdO4QSM8F_e1/view?usp=drivesdk,
EV-000411,A401,,Caesalpinia spinosa,Tara,,Fabaceae,Árbol,Ejemplar,1,Mac Gregor,-12.0684321,-77.0783326,Sin medir,,,,,,https://drive.google.com/file/d/1GJKMdDlisPSJ1a1kPJ2_4xn5dOnM1WOL/view?usp=drivesdk,
EV-000412,A402,,Caesalpinia spinosa,Tara,,Fabaceae,Árbol,Ejemplar,1,Mac Gregor,-12.0684167,-77.0783131,Sin medir,,,,,,https://drive.google.com/file/d/1usSY1tFrfsBsWAmwTTk77kBiQCPK4Gsh/view?usp=drivesdk,
EV-000413,A403,,Agave americana,Pita,Agave|Maguey,Asparagaceae,Arbusto,Agrupación,3,Mac Gregor,-12.0684423,-77.0782779,Sin medir,,,,,,https://drive.google.com/file/d/1-lU_ZAOOGWs6tc5AocciaMjbxOm4tGuE/view?usp=drivesdk,
EV-000414,A404,,Caesalpinia spinosa,Tara,,Fabaceae,Árbol,Ejemplar,1,Mac Gregor,-12.068405,-77.0782806,Sin medir,,,,,,https://drive.google.com/file/d/12ewAAlYfApxlbODAl3DkrLE_JEEXw_V4/view?usp=drivesdk,
EV-000415,A405,,Agave americana,Pita,Agave|Maguey,Asparagaceae,Arbusto,Agrupación,3,Mac Gregor,-12.0684016,-77.0782819,Sin medir,,,,,,https://drive.google.com/file/d/1gy00i-4zaptbhdjheuZwxDoNw9MNC1kG/view?usp=drivesdk,
EV-000416,A406,,Caesalpinia spinosa,Tara,,Fabaceae,Árbol,Ejemplar,1,Mac Gregor,-12.0684049,-77.0782679,Sin medir,,,,,,https://drive.google.com/file/d/1Qi2eUbwNa4n52KgPGX_cyWuOOKyChHTy/view?usp=drivesdk,
EV-000417,A407,,Agave americana,Pita,Agave|Maguey,Asparagaceae,Arbusto,Agrupación,3,Mac Gregor,-12.0683681,-77.0782532,Sin medir,,,,,,https://drive.google.com/file/d/1HGlx4ZtXkl1vtPxtEUh6UqEpp0ST6evI/view?usp=drivesdk,
EV-000418,A408,,Caesalpinia spinosa,Tara,,Fabaceae,Árbol,Ejemplar,1,Mac Gregor,-12.0684149,-77.0782547,Sin medir,,,,,,https://drive.google.com/file/d/1OSu1HQ5eKtTUw0Z5p3gkb8RLENbELwo7/view?usp=drivesdk,
EV-000419,A409,,Agave americana,Pita,Agave|Maguey,Asparagaceae,Arbusto,Agrupación,3,Mac Gregor,-12.0683346,-77.0782543,Sin medir,,,,,,https://drive.google.com/file/d/19uZ6tGbXDsC0jfd-mamEPO9EBZCsDsBP/view?usp=drivesdk,
EV-000420,A410,,Caesalpinia spinosa,Tara,,Fabaceae,Árbol,Ejemplar,1,Mac Gregor,-12.0682907,-77.0782466,Sin medir,,,,,,https://drive.google.com/file/d/1r5PophXZB_4cj9THCEG0e3YM3BaOdKyO/view?usp=drivesdk,
EV-000421,A411,,Agave americana,Pita,Agave|Maguey,Asparagaceae,Arbusto,Agrupación,3,Mac Gregor,-12.0683143,-77.0782363,Sin medir,,,,,,https://drive.google.com/file/d/1DSRRi-hqMDVJJ8f-0_fbLBLgKOLwPcet/view?usp=drivesdk,
EV-000422,A412,,Caesalpinia spinosa,Tara,,Fabaceae,Árbol,Ejemplar,1,Mac Gregor,-12.0682794,-77.0782194,Sin medir,,,,,,https://drive.google.com/file/d/1V7ciEIPFl5L0Vniu58eScaswB9PDzZLc/view?usp=drivesdk,
EV-000423,A413,,Podocarpus macrophyllus,Podocarpus,,Podocarpaceae,Árbol,Ejemplar,1,Mac Gregor,-12.0683573,-77.0780331,Sin medir,,,,,,https://drive.google.com/file/d/1-v7GzVG7Op_RPJ7y4Pt_fCArqsjthOgs/view?usp=drivesdk,
EV-000424,A414,,Agave americana,Pita,Agave|Maguey,Asparagaceae,Arbusto,Agrupación,3,Mac Gregor,-12.0682499,-77.0782104,Sin medir,,,,,,https://drive.google.com/file/d/1VKQjQf6unkz0fIc2AYmb3Gv-eOfhGiJ8/view?usp=drivesdk,
EV-000425,A415,,Caesalpinia spinosa,Tara,,Fabaceae,Árbol,Ejemplar,1,Mac Gregor,-12.0682529,-77.0782245,Sin medir,,,,,,https://drive.google.com/file/d/1X12ROSLVUbvGESCrj1hZsbKXvS7KAsfu/view?usp=drivesdk,
EV-000426,A416,,Agave americana,Pita,Agave|Maguey,Asparagaceae,Arbusto,Agrupación,3,Mac Gregor,-12.0682454,-77.0782387,Sin medir,,,,,,https://drive.google.com/file/d/1A7UOXgXfDOt3xmqCjluR7aUoXnFzao9b/view?usp=drivesdk,
EV-000427,A417,,Podocarpus macrophyllus,Podocarpus,,Podocarpaceae,Árbol,Ejemplar,1,Mac Gregor,-12.0683108,-77.0782491,Sin medir,,,,,,https://drive.google.com/file/d/1BBrEw-xTthQq1_vGwYWpVGYkOBxqZ3tz/view?usp=drivesdk,
EV-000428,A418,,Nerium oleander,Adelfa,Laurel rosa,Apocynaceae,Arbusto,Ejemplar,1,Mac Gregor,-12.0684142,-77.0782609,Sin medir,,,,,,https://drive.google.com/file/d/1cD6fC-lZpXCTVYauyCOWlBSX1QBKgDqZ/view?usp=drivesdk,
EV-000429,A419,,Nerium oleander,Adelfa,Laurel rosa,Apocynaceae,Arbusto,Ejemplar,1,Mac Gregor,-12.0682779,-77.0782857,Sin medir,,,,,,https://drive.google.com/file/d/1dfnN8QppUg6cBq4ob1IOKgLPRFj9JJ1E/view?usp=drivesdk,
EV-000430,A420,,Retrophyllum rospigliosii,Pino romerón,Ulcumano,Podocarpaceae,Árbol,Ejemplar,1,Mac Gregor,-12.0682671,-77.0783107,Sin medir,,,,,,https://drive.google.com/file/d/16UxCjasBQbThqO1nFeDEa9wXucZ2t7e5/view?usp=drivesdk,
EV-000431,A421,,Podocarpus macrophyllus,Podocarpus,,Podocarpaceae,Árbol,Ejemplar,1,Mac Gregor,-12.0683151,-77.0783387,Sin medir,,,,,,https://drive.google.com/file/d/1uEKn3W92qivWksYIKGg1v32zt7HJmhYb/view?usp=drivesdk,
EV-000432,A422,,Retrophyllum rospigliosii,Pino romerón,Ulcumano,Podocarpaceae,Árbol,Ejemplar,1,Mac Gregor,-12.0682752,-77.0784175,Sin medir,,,,,,https://drive.google.com/file/d/1MQ7IcohW-KfSnoRW4D9dKR8Lm1rOTDsY/view?usp=drivesdk,
EV-000433,A423,,Retrophyllum rospigliosii,Pino romerón,Ulcumano,Podocarpaceae,Árbol,Ejemplar,1,Mac Gregor,-12.0682307,-77.0784676,Sin medir,,,,,,https://drive.google.com/file/d/1f6zkcCqZWNpTWApjgqklMCxZBipp6ASw/view?usp=drivesdk,
EV-000434,A424,,Retrophyllum rospigliosii,Pino romerón,Ulcumano,Podocarpaceae,Árbol,Ejemplar,1,Mac Gregor,-12.0682326,-77.0785066,Sin medir,,,,,,https://drive.google.com/file/d/1SJAj2YZzrC0xMvq2ZDeKsFJMW8TtrOqp/view?usp=drivesdk,
EV-000435,A425,,Ravenea rivularis,Palmera majestad,,Arecaceae,Palmera,Ejemplar,1,Mac Gregor,-12.0682740022489,-77.078572735191,Sin medir,,,,,,https://drive.google.com/file/d/1s0rA5vYG7hzPGyGGS0RWA3_92ouITa5R/view?usp=drivesdk,
EV-000436,A426,,Podocarpus macrophyllus,Podocarpus,,Podocarpaceae,Árbol,Ejemplar,1,Mac Gregor,-12.0682333588557,-77.0782944560115,Sin medir,,,,,,https://drive.google.com/file/d/1PC8k63hvbkT8WktPTe9KYe3B9bcr0Q3f/view?usp=drivesdk,
EV-000437,A427,,Syagrus romanzoffiana,Palmera reina,Palmera bruja,Arecaceae,Palmera,Ejemplar,1,Mac Gregor,-12.0682249,-77.078392,Sin medir,,,,,,https://drive.google.com/file/d/1QD6oSfFaoZ9tJM-rWNsHdj1Ri0Dc2iyI/view?usp=drivesdk,
EV-000438,A428,,Podocarpus macrophyllus,Podocarpus,,Podocarpaceae,Árbol,Ejemplar,1,Mac Gregor,-12.0682307370022,-77.0783192664429,Sin medir,,,,,,https://drive.google.com/file/d/1v1OE6edbid4WHsFSDCttRPt100ZnMvxB/view?usp=drivesdk,
EV-000439,A429,7451,Syagrus romanzoffiana,Palmera reina,Palmera bruja,Arecaceae,Palmera,Ejemplar,1,Mac Gregor,-12.0682746,-77.0783187,Sin medir,,,,,,https://drive.google.com/file/d/1Jt0cmudLDKDfy1-gwlYgwOTKeBQcheeS/view?usp=drivesdk,
EV-000440,A430,,Dypsis lutescens,Palmera bambú,Areca,Arecaceae,Palmera,Ejemplar,1,Mac Gregor,-12.0683198,-77.0783556,Sin medir,,,,,,https://drive.google.com/file/d/14ZJUsmxhUgL5Ie__8tH4f5hluow7MPgv/view?usp=drivesdk,
EV-000441,A431,,Dypsis lutescens,Palmera bambú,Areca,Arecaceae,Palmera,Ejemplar,1,Mac Gregor,-12.0683348,-77.078346,Sin medir,,,,,,https://drive.google.com/file/d/1b75ENkUrC75LgCYwmn-OeCN03XSePH4n/view?usp=drivesdk,
EV-000442,A432,,Dypsis lutescens,Palmera bambú,Areca,Arecaceae,Palmera,Ejemplar,1,Mac Gregor,-12.068318,-77.0783154,Sin medir,,,,,,https://drive.google.com/file/d/1vhPsFzNXaszZPglDq6tgf5-VIhwmlQw8/view?usp=drivesdk,
EV-000443,A433,,Phoenix canariensis,Palmera canaria,,Arecaceae,Palmera,Ejemplar,1,Mac Gregor,-12.0683386,-77.0782418,Sin medir,,,,,,https://drive.google.com/file/d/1eQYiEO-Jd881RnuSbD2sEyHqLa5A2iKI/view?usp=drivesdk,
EV-000444,A434,7462,Syagrus romanzoffiana,Palmera reina,Palmera bruja,Arecaceae,Palmera,Ejemplar,1,Mac Gregor,-12.0682832,-77.0783301,Sin medir,,,,,,https://drive.google.com/file/d/1WToPMSTaZL8hItcNeTjc-fGtzUAOvTe8/view?usp=drivesdk,
EV-000445,A435,,Dypsis lutescens,Palmera bambú,Areca,Arecaceae,Palmera,Ejemplar,1,Mac Gregor,-12.0682719,-77.0783417,Sin medir,,,,,,https://drive.google.com/file/d/1trAyuNCR-qVBEV068TSfBCmYBE_uIEY7/view?usp=drivesdk,
EV-000446,A436,,Dypsis lutescens,Palmera bambú,Areca,Arecaceae,Palmera,Ejemplar,1,Mac Gregor,-12.0682836,-77.0783579,Sin medir,,,,,,https://drive.google.com/file/d/1yWdl0giXWMyUsRt0kajuEBEs81K9ZcbP/view?usp=drivesdk,
EV-000447,A437,3672,Dypsis lutescens,Palmera bambú,Areca,Arecaceae,Palmera,Ejemplar,1,Mac Gregor,-12.0682963,-77.0783981,Sin medir,,,,,,https://drive.google.com/file/d/1kBJpgx-OqxYN4PdCbrAjcAi8mX0-cxXO/view?usp=drivesdk,
EV-000448,A438,7386,Dypsis lutescens,Palmera bambú,Areca,Arecaceae,Palmera,Ejemplar,1,Mac Gregor,-12.0683226,-77.0783748,Sin medir,,,,,,https://drive.google.com/file/d/1TSrC6vVXwql4V-38eLkD_t2Cgk2h_f_1/view?usp=drivesdk,
EV-000449,A439,7384,Dypsis lutescens,Palmera bambú,Areca,Arecaceae,Palmera,Ejemplar,1,Mac Gregor,-12.0683347,-77.0783892,Sin medir,,,,,,https://drive.google.com/file/d/1h4OhHf3kbPYvWvOqHBu5W2Be3BmORwSq/view?usp=drivesdk,
EV-000450,A440,7385,Dypsis lutescens,Palmera bambú,Areca,Arecaceae,Palmera,Ejemplar,1,Mac Gregor,-12.0683329,-77.0784669,Sin medir,,,,,,https://drive.google.com/file/d/1EoXepZEAyLcUl39nHMCP-jaISeiQA-eM/view?usp=drivesdk,
EV-000451,A441,,Dypsis lutescens,Palmera bambú,Areca,Arecaceae,Palmera,Ejemplar,1,Mac Gregor,-12.0683211,-77.0784452,Sin medir,,,,,,https://drive.google.com/file/d/1UKe0v_HEyMTEqfVmimqsk1XhZ2FVoEta/view?usp=drivesdk,
EV-000452,A442,7392,Syagrus romanzoffiana,Palmera reina,Palmera bruja,Arecaceae,Palmera,Ejemplar,1,Mac Gregor,-12.0683236,-77.0784761,Sin medir,,,,,,https://drive.google.com/file/d/1DFgllDwOKxEkQhcniKUqtQPlG7Bpw0-I/view?usp=drivesdk,
EV-000453,A443,,Dypsis lutescens,Palmera bambú,Areca,Arecaceae,Palmera,Ejemplar,1,Mac Gregor,-12.0682332,-77.0784709,Sin medir,,,,,,https://drive.google.com/file/d/1jT0TS50YyBZSNa4_apfIO9c2CLpAdbkm/view?usp=drivesdk,
EV-000454,A444,,Dypsis lutescens,Palmera bambú,Areca,Arecaceae,Palmera,Ejemplar,1,Mac Gregor,-12.0682383,-77.0784699,Sin medir,,,,,,https://drive.google.com/file/d/1xFN9wacluu0TWUVoPiZiBHdIKjZuT5C7/view?usp=drivesdk,
EV-000455,A445,,Dypsis lutescens,Palmera bambú,Areca,Arecaceae,Palmera,Ejemplar,1,Mac Gregor,-12.068276,-77.0785421,Sin medir,,,,,,https://drive.google.com/file/d/1DPdJ8uYHO4z4HjDv3z0TuBUEGf4bMSfU/view?usp=drivesdk,
EV-000456,Gh-pal1,,Roystonea regia,Palmera real,,Arecaceae,Palmera,Ejemplar,1,Gastronomía,-12.0709080887643,-77.0819583535186,Sin medir,,,,,,https://drive.google.com/file/d/1FeJlUA798A_TzOMnZaWiagSTerjVCd4n/view?usp=drivesdk,
EV-000457,Gh-pal2,,Roystonea regia,Palmera real,,Arecaceae,Palmera,Ejemplar,1,Gastronomía,-12.0708687532748,-77.0819556713092,Sin medir,,,,,,https://drive.google.com/file/d/1QgCv_ChyQ51w4q6SDYWlC-HGJ8fM-qTv/view?usp=drivesdk,
EV-000458,Gh-pal3,1982,Roystonea regia,Palmera real,,Arecaceae,Palmera,Ejemplar,1,Gastronomía,-12.0708367,-77.0819479,Sin medir,,,,,,https://drive.google.com/file/d/1hzqdxCAEn2vj7qiq-p0bfK7ZSh2Qw11m/view?usp=drivesdk,Falta ubicarla individualmente: el catastro registró el grupo en un solo punto.
EV-000459,Gh-pal3,1982,Roystonea regia,Palmera real,,Arecaceae,Palmera,Ejemplar,1,Gastronomía,-12.0708367,-77.0819479,Sin medir,,,,,,https://drive.google.com/file/d/1hzqdxCAEn2vj7qiq-p0bfK7ZSh2Qw11m/view?usp=drivesdk,Falta ubicarla individualmente: el catastro registró el grupo en un solo punto.
EV-000460,Gh-pal4,,Roystonea regia,Palmera real,,Arecaceae,Palmera,Ejemplar,1,Gastronomía,-12.070814,-77.0819256,Sin medir,,,,,,https://drive.google.com/file/d/1UupWvOsXwqhSJhKj9RVimdfSKpdknYQH/view?usp=drivesdk,
EV-000461,Gh-pal5,,Roystonea regia,Palmera real,,Arecaceae,Palmera,Ejemplar,1,Gastronomía,-12.0707744,-77.0819122,Sin medir,,,,,,https://drive.google.com/file/d/1YhojJmdQN7LmGDxiaZm3158ojRWvhGgV/view?usp=drivesdk,
EV-000462,Gh-pal6,2053,Roystonea regia,Palmera real,,Arecaceae,Palmera,Ejemplar,1,Gastronomía,-12.0709385776006,-77.0819382369479,Sin medir,,,,,,https://drive.google.com/file/d/1UhTAHl-qr5AqRR5Vdr9QIXKYResGxxdA/view?usp=drivesdk,
EV-000463,Gh-pal7,,Roystonea regia,Palmera real,,Arecaceae,Palmera,Ejemplar,1,Gastronomía,-12.0709061167407,-77.0819214731465,Sin medir,,,,,,https://drive.google.com/file/d/1cvgRADt26UHEgwqQP7OGHq3ujBYa_WIt/view?usp=drivesdk,
EV-000464,Gh-pal8,,Roystonea regia,Palmera real,,Arecaceae,Palmera,Ejemplar,1,Gastronomía,-12.0708707087883,-77.0819033682361,Sin medir,,,,,,https://drive.google.com/file/d/1Go85zqMW8HJacC8M5ujG7H4_i9fMIRXX/view?usp=drivesdk,
EV-000465,Gh-pal9,,Roystonea regia,Palmera real,,Arecaceae,Palmera,Ejemplar,1,Gastronomía,-12.0708223,-77.0818841,Sin medir,,,,,,https://drive.google.com/file/d/1BeEr6QtiDa7y5u22qlhTzz73Rc7QJGDW/view?usp=drivesdk,
EV-000466,Gh-pal10,,Roystonea regia,Palmera real,,Arecaceae,Palmera,Ejemplar,1,Gastronomía,-12.0707959579732,-77.0818715170025,Sin medir,,,,,,https://drive.google.com/file/d/1Q_Fh7nimdKkP2AnjxzwCiLF1GFXpeSHr/view?usp=drivesdk,
EV-000467,Gh-pal11,,Roystonea regia,Palmera real,,Arecaceae,Palmera,Ejemplar,1,Gastronomía,-12.0707661174892,-77.0818557590267,Sin medir,,,,,,https://drive.google.com/file/d/1cxiA9keboJOnyAaX0q-TLY8Jxw3WIqqZ/view?usp=drivesdk,
EV-000468,Gh-pal12,2052,Roystonea regia,Palmera real,,Arecaceae,Palmera,Ejemplar,1,Gastronomía,-12.0709480788971,-77.0818909630148,Sin medir,,,,,,https://drive.google.com/file/d/1tDWNyntCIO_-4ILEKD2WMruKUvlpFsjx/view?usp=drivesdk,
EV-000469,Gh-pal13,,Roystonea regia,Palmera real,,Arecaceae,Palmera,Ejemplar,1,Gastronomía,-12.0709133,-77.0818703,Sin medir,,,,,,https://drive.google.com/file/d/10KtBBypVI_s1SliXMRklaOlLfs0JoX8P/view?usp=drivesdk,
EV-000470,Gh-pal14,,Roystonea regia,Palmera real,,Arecaceae,Palmera,Ejemplar,1,Gastronomía,-12.0708904,-77.081857,Sin medir,,,,,,https://drive.google.com/file/d/1NY3fHaKt_4Q0FV5s7PGWZjGeACHDmFWL/view?usp=drivesdk,
EV-000471,Gh-pal15,,Roystonea regia,Palmera real,,Arecaceae,Palmera,Ejemplar,1,Gastronomía,-12.0708546416133,-77.0818430185325,Sin medir,,,,,,https://drive.google.com/file/d/1JduJEeu05P_LT-v9hfSFgxd5h3lZaJjJ/view?usp=drivesdk,
EV-000472,Gh-pal16,,Roystonea regia,Palmera real,,Arecaceae,Palmera,Ejemplar,1,Gastronomía,-12.0708162829757,-77.0818356424581,Sin medir,,,,,,https://drive.google.com/file/d/1RjqvHPTr3UMseo-60vGTGc251vm05VTG/view?usp=drivesdk,
EV-000473,Gh-pal17,,Roystonea regia,Palmera real,,Arecaceae,Palmera,Ejemplar,1,Gastronomía,-12.0707844816857,-77.0818185433747,Sin medir,,,,,,https://drive.google.com/file/d/1I75N67n5RyhvYTRPd3mhzXpU9mcynn5t/view?usp=drivesdk,
EV-000474,Gh-pal18,2051,Roystonea regia,Palmera real,,Arecaceae,Palmera,Ejemplar,1,Gastronomía,-12.0709595520371,-77.0818530768116,Sin medir,,,,,,https://drive.google.com/file/d/1Qw3zi-RbCtn5B1kVY6iUa8Zw6eqdbTny/view?usp=drivesdk,
EV-000475,Gh-pal19,,Roystonea regia,Palmera real,,Arecaceae,Palmera,Ejemplar,1,Gastronomía,-12.0709185824445,-77.0818400010474,Sin medir,,,,,,https://drive.google.com/file/d/1gOYsnbf3Ci7AFTW4huJRglH3ALy8mZmY/view?usp=drivesdk,
EV-000476,Gh-pal20,,Roystonea regia,Palmera real,,Arecaceae,Palmera,Ejemplar,1,Gastronomía,-12.0708897214357,-77.0818252488969,Sin medir,,,,,,https://drive.google.com/file/d/10ANsLYP-_yMAhsFAvBpQCfzmLkZKs7GE/view?usp=drivesdk,
EV-000477,Gh-pal21,,Roystonea regia,Palmera real,,Arecaceae,Palmera,Ejemplar,1,Gastronomía,-12.070862180849,-77.0818172022689,Sin medir,,,,,,https://drive.google.com/file/d/1go0BrcueesxKqOvwUAaJ6s85f7CiuUnE/view?usp=drivesdk,
EV-000478,Gh-pal22,,Roystonea regia,Palmera real,,Arecaceae,Palmera,Ejemplar,1,Gastronomía,-12.070833006597,-77.0818061381577,Sin medir,,,,,,https://drive.google.com/file/d/1KlkuqM8X20O51avGt7sBLyC_Wgr81jhr/view?usp=drivesdk,
EV-000479,Gh-pal23,,Roystonea regia,Palmera real,,Arecaceae,Palmera,Ejemplar,1,Gastronomía,-12.0707969442545,-77.0817883685231,Sin medir,,,,,,https://drive.google.com/file/d/1YkBCd5mo-tIt5YCJcL214spgOI00O5iQ/view?usp=drivesdk,
EV-000480,Gh-pal24,,Roystonea regia,Palmera real,,Arecaceae,Palmera,Ejemplar,1,Gastronomía,-12.0709667657398,-77.0818161964381,Sin medir,,,,,,https://drive.google.com/file/d/1itNw_-zDgkuRKzTTKtol9TNO0-PGk_MU/view?usp=drivesdk,
EV-000481,Gh-pal25,,Roystonea regia,Palmera real,,Arecaceae,Palmera,Ejemplar,1,Gastronomía,-12.0709316953493,-77.0817980915282,Sin medir,,,,,,https://drive.google.com/file/d/1Rjaety8qifFA5QbHcpasGJOVOyYXHj7c/view?usp=drivesdk,
EV-000482,Gh-pal26,,Roystonea regia,Palmera real,,Arecaceae,Palmera,Ejemplar,1,Gastronomía,-12.0709034922214,-77.0817826688247,Sin medir,,,,,,https://drive.google.com/file/d/1HY89G4XQhv-mnrtATpbzr7UniztdVRs1/view?usp=drivesdk,
EV-000483,Gh-pal27,,Roystonea regia,Palmera real,,Arecaceae,Palmera,Ejemplar,1,Gastronomía,-12.0708766119385,-77.0817675814004,Sin medir,,,,,,https://drive.google.com/file/d/1TJ8ytExJaTPZIW9MaT1EY4oC-sUNbYqe/view?usp=drivesdk,
EV-000484,Gh-pal28,,Roystonea regia,Palmera real,,Arecaceae,Palmera,Ejemplar,1,Gastronomía,-12.0708474265616,-77.0817642286408,Sin medir,,,,,,https://drive.google.com/file/d/1n-_pn8Kovw4AFRJ-RN0caNOKAL2CqZtR/view?usp=drivesdk,
EV-000485,Gh-pal29,,Roystonea regia,Palmera real,,Arecaceae,Palmera,Ejemplar,1,Gastronomía,-12.0707947,-77.0817604,Sin medir,,,,,,https://drive.google.com/file/d/1yKzvhQ0BZmJEfoTh8_3t1zI-9yV-Cx3o/view?usp=drivesdk,
EV-000486,Gh-pal30,,Roystonea regia,Palmera real,,Arecaceae,Palmera,Ejemplar,1,Gastronomía,-12.0709749624031,-77.0817850157587,Sin medir,,,,,,https://drive.google.com/file/d/1IajbeZzOrGb7GWtx7rqigxIRzp0t4K4p/view?usp=drivesdk,
EV-000487,Gh-pal31,,Roystonea regia,Palmera real,,Arecaceae,Palmera,Ejemplar,1,Gastronomía,-12.0709425068417,-77.081772945817,Sin medir,,,,,,https://drive.google.com/file/d/1OIagwPKCaNXVC6wlJQIlOGLgce4iqXhX/view?usp=drivesdk,
EV-000488,Gh-pal32,,Roystonea regia,Palmera real,,Arecaceae,Palmera,Ejemplar,1,Gastronomía,-12.0709165969615,-77.0817612111547,Sin medir,,,,,,https://drive.google.com/file/d/1_w06mqyHNS9DpsBuYCH9dKjP5nrG_meJ/view?usp=drivesdk,
EV-000489,Gh-pal33,,Roystonea regia,Palmera real,,Arecaceae,Palmera,Ejemplar,1,Gastronomía,-12.0708844649491,-77.0817461237302,Sin medir,,,,,,https://drive.google.com/file/d/1ZXYtuj0DYRLOKx5GZryWNUYKSiEVS4ek/view?usp=drivesdk,
EV-000490,Gh-pal34,,Roystonea regia,Palmera real,,Arecaceae,Palmera,Ejemplar,1,Gastronomía,-12.0708533171501,-77.0817380771032,Sin medir,,,,,,https://drive.google.com/file/d/1eMQH1B0eUSE3NWIsMAide9geI51oI3kv/view?usp=drivesdk,
EV-000491,Gh-pal35,2005,Roystonea regia,Palmera real,,Arecaceae,Palmera,Ejemplar,1,Gastronomía,-12.0708093912995,-77.0817250013351,Sin medir,,,,,,https://drive.google.com/file/d/1Nzq7yT_2L1KH3H_beg5vVFNqoKU6bFac/view?usp=drivesdk,
EV-000492,Gh-pal36,,Roystonea regia,Palmera real,,Arecaceae,Palmera,Ejemplar,1,Gastronomía,-12.0709834888134,-77.0817410945893,Sin medir,,,,,,https://drive.google.com/file/d/1ahpZjGxdw4s8t92SWbttJK4GPkaHeiMW/view?usp=drivesdk,
EV-000493,Gh-pal37,,Roystonea regia,Palmera real,,Arecaceae,Palmera,Ejemplar,1,Gastronomía,-12.070942193874,-77.0817276835422,Sin medir,,,,,,https://drive.google.com/file/d/1jpfWu_Ovr_wsB10W3FUnEzhWs3m7FFEQ/view?usp=drivesdk,
EV-000494,Gh-pal38,,Roystonea regia,Palmera real,,Arecaceae,Palmera,Ejemplar,1,Gastronomía,-12.0709008838535,-77.0817156136022,Sin medir,,,,,,https://drive.google.com/file/d/1He4MAOm0o_upeb4TYrvg90TenYxztuMd/view?usp=drivesdk,
EV-000495,Gh-pal39,,Roystonea regia,Palmera real,,Arecaceae,Palmera,Ejemplar,1,Gastronomía,-12.070862849586,-77.0817015320046,Sin medir,,,,,,https://drive.google.com/file/d/1imIMwEGbpm6dtEZMl2NycfEO-4IeSDYO/view?usp=drivesdk,
EV-000496,Gh-pal40,,Roystonea regia,Palmera real,,Arecaceae,Palmera,Ejemplar,1,Gastronomía,-12.0708525,-77.0816788,Sin medir,,,,,,https://drive.google.com/file/d/1wrVd-jzinWY9icPUS4k4tBy2XYxCftVX/view?usp=drivesdk,
EV-000497,Gh-pal41,,Roystonea regia,Palmera real,,Arecaceae,Palmera,Ejemplar,1,Gastronomía,-12.0709854633488,-77.0816901326161,Sin medir,,,,,,https://drive.google.com/file/d/1pOx9nzrBykbNeXJJiLgcgsTGMKVgAW1Z/view?usp=drivesdk,
EV-000498,Gh-pal42,,Roystonea regia,Palmera real,,Arecaceae,Palmera,Ejemplar,1,Gastronomía,-12.0709539897625,-77.0816753804658,Sin medir,,,,,,https://drive.google.com/file/d/11pkc_rOKlEqMoJx8tDqYQkHASVFA9PpD/view?usp=drivesdk,
EV-000499,Gh-pal43,,Roystonea regia,Palmera real,,Arecaceae,Palmera,Ejemplar,1,Gastronomía,-12.0709228367673,-77.0816619694192,Sin medir,,,,,,https://drive.google.com/file/d/1gidWBai78l_n6Pu7Uh66onVjZ8USbNeK/view?usp=drivesdk,
EV-000500,Gh-pal44,,Roystonea regia,Palmera real,,Arecaceae,Palmera,Ejemplar,1,Gastronomía,-12.0708782437165,-77.0816415175769,Sin medir,,,,,,https://drive.google.com/file/d/1yB6vras4BI7FM9fk78REZ4mKO2iFtvuG/view?usp=drivesdk,
EV-000501,Gh-pal45,,Roystonea regia,Palmera real,,Arecaceae,Palmera,Ejemplar,1,Gastronomía,-12.0708444755246,-77.0816274359807,Sin medir,,,,,,https://drive.google.com/file/d/1bi6itvgdLVVq5wB803OFeRitBPMPtsxM/view?usp=drivesdk,
EV-000502,Gh-pal46,,Roystonea regia,Palmera real,,Arecaceae,Palmera,Ejemplar,1,Gastronomía,-12.0708067750344,-77.081612348559,Sin medir,,,,,,https://drive.google.com/file/d/19JsSMw3Ldhdb0ZMEVEOjDVHD3sseYLYO/view?usp=drivesdk,
EV-000503,Gh-pal47,,Roystonea regia,Palmera real,,Arecaceae,Palmera,Ejemplar,1,Gastronomía,-12.0709910266098,-77.0816522464139,Sin medir,,,,,,https://drive.google.com/file/d/1r5I5lkITK8f_3fKq3JZl5IUGR7Z_8kKa/view?usp=drivesdk,
EV-000504,Gh-pal48,,Roystonea regia,Palmera real,,Arecaceae,Palmera,Ejemplar,1,Gastronomía,-12.0709595531138,-77.0816391706434,Sin medir,,,,,,https://drive.google.com/file/d/1d8PQLf7_h0Qq0CPRMHZ3s3ZGz-F2eiuZ/view?usp=drivesdk,
EV-000505,Gh-pal49,,Roystonea regia,Palmera real,,Arecaceae,Palmera,Ejemplar,1,Gastronomía,-12.0709234874684,-77.0816291123597,Sin medir,,,,,,https://drive.google.com/file/d/1_xrlKJDENU2JNHfrv4u9x_VpHEn8kWrm/view?usp=drivesdk,
EV-000506,Gh-pal50,,Roystonea regia,Palmera real,,Arecaceae,Palmera,Ejemplar,1,Gastronomía,-12.070883481988,-77.0816093310676,Sin medir,,,,,,https://drive.google.com/file/d/1wa3Ezl1OCfcRGDrem0wdsk0FwZKSzcJ4/view?usp=drivesdk,
EV-000507,Gh-pal51,,Roystonea regia,Palmera real,,Arecaceae,Palmera,Ejemplar,1,Gastronomía,-12.0708510202242,-77.0816006138883,Sin medir,,,,,,https://drive.google.com/file/d/1uvTxIKzI2qvvrizMBH9pZSdVOonJfZ0S/view?usp=drivesdk,
EV-000508,Gh-pal52,,Roystonea regia,Palmera real,,Arecaceae,Palmera,Ejemplar,1,Gastronomía,-12.0708185624045,-77.08158753812,Sin medir,,,,,,https://drive.google.com/file/d/17qIT2JInmKHx9rm_ev74A-Zw7XRQ4t1H/view?usp=drivesdk,
EV-000509,Gh-pal53,,Roystonea regia,Palmera real,,Arecaceae,Palmera,Ejemplar,1,Gastronomía,-12.0710015174154,-77.0816110074451,Sin medir,,,,,,https://drive.google.com/file/d/1ktEzJdHCuZVBgSkmbO9TYrjtUefsC1Ra/view?usp=drivesdk,
EV-000510,Gh-pal54,,Roystonea regia,Palmera real,,Arecaceae,Palmera,Ejemplar,1,Gastronomía,-12.0709628484331,-77.0816019549942,Sin medir,,,,,,https://drive.google.com/file/d/1tpr-0vMrForv6xpTmvNX4FEmX4booLAD/view?usp=drivesdk,
EV-000511,Gh-pal55,,Roystonea regia,Palmera real,,Arecaceae,Palmera,Ejemplar,1,Gastronomía,-12.0709293947451,-77.0815905556016,Sin medir,,,,,,https://drive.google.com/file/d/1TXP0Vs_1MuzylhfZ5nAaYkdntAA35b1n/view?usp=drivesdk,
EV-000512,Gh-pal56,,Roystonea regia,Palmera real,,Arecaceae,Palmera,Ejemplar,1,Gastronomía,-12.0708962823753,-77.0815804973171,Sin medir,,,,,,https://drive.google.com/file/d/11iHrNVf-dJcdchACm6SKSn9cl0Etfqxa/view?usp=drivesdk,
EV-000513,Gh-pal57,,Roystonea regia,Palmera real,,Arecaceae,Palmera,Ejemplar,1,Gastronomía,-12.0708589011415,-77.0815701037576,Sin medir,,,,,,https://drive.google.com/file/d/1GxSQgZA1363FqfQEGF-fF_0Egt_yrrli/view?usp=drivesdk,
EV-000514,Gh-pal58,,Roystonea regia,Palmera real,,Arecaceae,Palmera,Ejemplar,1,Gastronomía,-12.0708320056898,-77.0815603807504,Sin medir,,,,,,https://drive.google.com/file/d/1eBgAeexSVGX1QU_DSneSxYsSbaB9yKrm/view?usp=drivesdk,
EV-000515,Gh-pal59,,Roystonea regia,Palmera real,,Arecaceae,Palmera,Ejemplar,1,Gastronomía,-12.0709775793844,-77.0815657451745,Sin medir,,,,,,https://drive.google.com/file/d/103_7N_Sw8R-2QVQJIzicxwDRCXZhS7mM/view?usp=drivesdk,
EV-000516,Gh-pal60,,Roystonea regia,Palmera real,,Arecaceae,Palmera,Ejemplar,1,Gastronomía,-12.0709493862214,-77.0815620571347,Sin medir,,,,,,https://drive.google.com/file/d/1bt3EHpWWBd-LoPO8oF-b8Mm0D1n9KT_T/view?usp=drivesdk,
EV-000517,Gh-pal61,,Roystonea regia,Palmera real,,Arecaceae,Palmera,Ejemplar,1,Gastronomía,-12.0709139782747,-77.0815530046795,Sin medir,,,,,,https://drive.google.com/file/d/1ydp8Gl9oyB4RlPsEePMVRz_piGwAjo4V/view?usp=drivesdk,
EV-000518,Gh-pal62,,Roystonea regia,Palmera real,,Arecaceae,Palmera,Ejemplar,1,Gastronomía,-12.0708801927694,-77.0815479755394,Sin medir,,,,,,https://drive.google.com/file/d/1Pgqm9CRd6fmM74emXJ7rUKV_rM42DZpe/view?usp=drivesdk,
EV-000519,Gh-pal63,,Roystonea regia,Palmera real,,Arecaceae,Palmera,Ejemplar,1,Gastronomía,-12.0708526773062,-77.0815392583609,Sin medir,,,,,,https://drive.google.com/file/d/1Jk77eVgT3rS1KC3FXytYZxPf8mJVcnRI/view?usp=drivesdk,
EV-000520,Gh-pal64,,Roystonea regia,Palmera real,,Arecaceae,Palmera,Ejemplar,1,Gastronomía,-12.0708284166032,-77.0815335586679,Sin medir,,,,,,https://drive.google.com/file/d/1YM54cSt1KSfjROMA9T2L0ZnG6VoFL9uL/view?usp=drivesdk,
EV-000521,Gh-pal65,,Roystonea regia,Palmera real,,Arecaceae,Palmera,Ejemplar,1,Gastronomía,-12.0709280935223,-77.0815221592763,Sin medir,,,,,,https://drive.google.com/file/d/1bpViuF-mkB5Tppe1MXGLPfY4TM6EkXi7/view?usp=drivesdk,
EV-000522,Gh-pal66,4323,Roystonea regia,Palmera real,,Arecaceae,Palmera,Ejemplar,1,Gastronomía,-12.0709113663177,-77.0815178006855,Sin medir,,,,,,https://drive.google.com/file/d/1MZMiM6851-MQ-yLBfngC6b8dSmARZfex/view?usp=drivesdk,
EV-000523,Gh-pal67,,Roystonea regia,Palmera real,,Arecaceae,Palmera,Ejemplar,1,Gastronomía,-12.0708867708477,-77.0815164595814,Sin medir,,,,,,https://drive.google.com/file/d/1kKx6kx5r0Izwj988NYxJseEa7ymXyoLq/view?usp=drivesdk,
EV-000524,Gh-pal68,,Roystonea regia,Palmera real,,Arecaceae,Palmera,Ejemplar,1,Gastronomía,-12.0708579259869,-77.0815100893358,Sin medir,,,,,,https://drive.google.com/file/d/1L-YICuXqyYItkO856zxLYUpwmMYImzEw/view?usp=drivesdk,
EV-000525,Gh-pal69,,Roystonea regia,Palmera real,,Arecaceae,Palmera,Ejemplar,1,Gastronomía,-12.0709658,-77.0815217,Sin medir,,,,,,https://drive.google.com/file/d/1Uoq5smggQvcn4TG9cN9mMRJAqgLPvJBT/view?usp=drivesdk,
EV-000526,rivag1,,Prunus serrulata,Sakura,Cerezo japonés,Rosaceae,Árbol,Ejemplar,1,Rivaguero,-12.0687345,-77.0813246,Sin medir,,,,,,https://drive.google.com/file/d/1UHRnxggyxwuQrta_x6yNZdZLBDqHv3GR/view?usp=drivesdk,
EV-000527,rivag2,,Prunus serrulata,Sakura,Cerezo japonés,Rosaceae,Árbol,Ejemplar,1,Rivaguero,-12.0688362,-77.0813398,Sin medir,,,,,,https://drive.google.com/file/d/1CQ4zApErx3TkRuaSM5yF4DuRcTI_BlVr/view?usp=drivesdk,
EV-000528,rivag3,,Prunus serrulata,Sakura,Cerezo japonés,Rosaceae,Árbol,Ejemplar,1,Rivaguero,-12.0689631,-77.08138,Sin medir,,,,,,https://drive.google.com/file/d/1PS0C-yThkUV732FwTLsQwSWSSuBlz9vz/view?usp=drivesdk,
EV-000529,rivag4,,Prunus serrulata,Sakura,Cerezo japonés,Rosaceae,Árbol,Ejemplar,1,Rivaguero,-12.0689966423403,-77.0813897252058,Sin medir,,,,,,https://drive.google.com/file/d/1llzuqgJhIBhJLtz86LL_VhMzyPZ6W4Ry/view?usp=drivesdk,
EV-000530,rivag5,,Roystonea regia,Palmera real,,Arecaceae,Palmera,Ejemplar,1,Rivaguero,-12.069350073964,-77.0814423635592,Sin medir,,,,,,https://drive.google.com/file/d/1D6NaNSXuWLMGcTXhMsqt-2kdTOS_WZH8/view?usp=drivesdk,
EV-000531,rivag6,,Prunus serrulata,Sakura,Cerezo japonés,Rosaceae,Árbol,Ejemplar,1,Rivaguero,-12.0693559628806,-77.0814899727695,Sin medir,,,,,,https://drive.google.com/file/d/1N2XRjTYE3FpB2ekeulE0BYa8A3MdGkfk/view?usp=drivesdk,
EV-000532,rivag7,,Roystonea regia,Palmera real,,Arecaceae,Palmera,Ejemplar,1,Rivaguero,-12.0693858086363,-77.0814390107999,Sin medir,,,,,,https://drive.google.com/file/d/1EuH1ohg1bgzrbB5D3khGq-sXfF3abluJ/view?usp=drivesdk,
EV-000533,rivag8,,Prunus serrulata,Sakura,Cerezo japonés,Rosaceae,Árbol,Ejemplar,1,Rivaguero,-12.0694608784674,-77.0815221592764,Sin medir,,,,,,https://drive.google.com/file/d/15QmalT9boix6bioJKIv-aWDjoiXaBDEf/view?usp=drivesdk,
EV-000534,rivag9,,Roystonea regia,Palmera real,,Arecaceae,Palmera,Ejemplar,1,Rivaguero,-12.0694661296878,-77.0814960077372,Sin medir,,,,,,https://drive.google.com/file/d/1e7ZtdqtRxcYZ4L1xfL8bnGfAZ1520-hp/view?usp=drivesdk,
EV-000535,rivag10,,Roystonea regia,Palmera real,,Arecaceae,Palmera,Ejemplar,1,Rivaguero,-12.0695451389873,-77.0814829319734,Sin medir,,,,,,https://drive.google.com/file/d/1f3w2FbqNNM27ei1SV2wCuY9qIfj2qG4J/view?usp=drivesdk,
EV-000536,rivag11,,Roystonea regia,Palmera real,,Arecaceae,Palmera,Ejemplar,1,Rivaguero,-12.0695582,-77.0815156,Sin medir,,,,,,https://drive.google.com/file/d/1KJ7mpTV4J_7fv1maz73telsbyMQ3FSlV/view?usp=drivesdk,
EV-000537,rivag12,,Prunus serrulata,Sakura,Cerezo japonés,Rosaceae,Árbol,Ejemplar,1,Rivaguero,-12.0695756475399,-77.0815473049875,Sin medir,,,,,,https://drive.google.com/file/d/15U4ivlt-9h8SPiqgskE5jeU6bMZWLqaj/view?usp=drivesdk,
EV-000538,rivag13,,Roystonea regia,Palmera real,,Arecaceae,Palmera,Ejemplar,1,Rivaguero,-12.0695891068595,-77.081523835657,Sin medir,,,,,,https://drive.google.com/file/d/15lg4RHrJeTcJYk2Hw8AfS5D329nK1LRS/view?usp=drivesdk,
EV-000539,rivag14,,Roystonea regia,Palmera real,,Arecaceae,Palmera,Ejemplar,1,Rivaguero,-12.0696936764547,-77.0815791562152,Sin medir,,,,,,https://drive.google.com/file/d/1qg4htcB1Kxdpn__zYYp8QjXdvGSFO_7L/view?usp=drivesdk,
EV-000540,rivag15,,Prunus serrulata,Sakura,Cerezo japonés,Rosaceae,Árbol,Ejemplar,1,Rivaguero,-12.0696946655218,-77.0815986022314,Sin medir,,,,,,https://drive.google.com/file/d/1vxPIgTqwbbWCpy0lc900bSktANX6xiLA/view?usp=drivesdk,
EV-000541,rivag16,,Roystonea regia,Palmera real,,Arecaceae,Palmera,Ejemplar,1,Rivaguero,-12.069725808251,-77.0815848559117,Sin medir,,,,,,https://drive.google.com/file/d/1g3B3ZvEMKeGntrJ0okE00f2E4K5HgxEZ/view?usp=drivesdk,
EV-000542,rivag17,,Prunus serrulata,Sakura,Cerezo japonés,Rosaceae,Árbol,Ejemplar,1,Rivaguero,-12.0697310555181,-77.0816066488584,Sin medir,,,,,,https://drive.google.com/file/d/15HWGiYYe6inWVYqJHTWxAcY7ckhm3g9B/view?usp=drivesdk,
EV-000543,rivag18,,Roystonea regia,Palmera real,,Arecaceae,Palmera,Ejemplar,1,Rivaguero,-12.0697785950529,-77.081601954994,Sin medir,,,,,,https://drive.google.com/file/d/1fSwZn5HHskRVxlSE2ZlZFkWqqSMfbIWY/view?usp=drivesdk,
EV-000544,rivag19,,Prunus serrulata,Sakura,Cerezo japonés,Rosaceae,Árbol,Ejemplar,1,Rivaguero,-12.0697785948735,-77.0816207304567,Sin medir,,,,,,https://drive.google.com/file/d/1TYOupVBYvWNz8eD20PnLoT6Ipk0fY3Xo/view?usp=drivesdk,
EV-000545,rivag20,,Roystonea regia,Palmera real,,Arecaceae,Palmera,Ejemplar,1,Rivaguero,-12.0698194,-77.0816193,Sin medir,,,,,,https://drive.google.com/file/d/1aHbpp1OUkDpzWSWqwHQ4LJ0THFljLHFN/view?usp=drivesdk,
EV-000546,rivag21,,Prunus serrulata,Sakura,Cerezo japonés,Rosaceae,Árbol,Ejemplar,1,Rivaguero,-12.0698274496259,-77.0816354826077,Sin medir,,,,,,https://drive.google.com/file/d/1VOLGwUNXmuEuxwfnu6t1yAvjyBgzzpHt/view?usp=drivesdk,
EV-000547,rivag22,,Roystonea regia,Palmera real,,Arecaceae,Palmera,Ejemplar,1,Rivaguero,-12.069874,-77.0816266,Sin medir,,,,,,https://drive.google.com/file/d/1VcS6G4V2gpvq4c66sHFPiDdnoW-37SY0/view?usp=drivesdk,
EV-000548,rivag23,,Prunus serrulata,Sakura,Cerezo japonés,Rosaceae,Árbol,Ejemplar,1,Rivaguero,-12.0698772829373,-77.0816512405854,Sin medir,,,,,,https://drive.google.com/file/d/1eivuDq7Wjw15E7QmToOyPlVs61XQjtt7/view?usp=drivesdk,
EV-000549,rivag24,,Roystonea regia,Palmera real,,Arecaceae,Palmera,Ejemplar,1,Rivaguero,-12.0699264,-77.081629,Sin medir,,,,,,https://drive.google.com/file/d/158s98AmiiHaHFAF8qZR8KaPaGApPOI-a/view?usp=drivesdk,
EV-000550,rivag25,,Prunus serrulata,Sakura,Cerezo japonés,Rosaceae,Árbol,Ejemplar,1,Rivaguero,-12.069977594852,-77.0816794037787,Sin medir,,,,,,https://drive.google.com/file/d/1tM3JDQg6H333U5a59rZNZ0AMgGLOt_JZ/view?usp=drivesdk,
EV-000551,rivag26,,Roystonea regia,Palmera real,,Arecaceae,Palmera,Ejemplar,1,Rivaguero,-12.0699789201271,-77.0816317945733,Sin medir,,,,,,https://drive.google.com/file/d/1td04mZarSLUL9FW2ToOMvxlRwIYLtuUg/view?usp=drivesdk,
EV-000552,rivag27,,Prunus serrulata,Sakura,Cerezo japonés,Rosaceae,Árbol,Ejemplar,1,Rivaguero,-12.0700320156307,-77.0816988497955,Sin medir,,,,,,https://drive.google.com/file/d/1OgdzQtj5qkqpCPScyX2xkIntcUM0BhOI/view?usp=drivesdk,
EV-000553,rivag28,,Roystonea regia,Palmera real,,Arecaceae,Palmera,Ejemplar,1,Rivaguero,-12.0700313739004,-77.0816452056188,Sin medir,,,,,,https://drive.google.com/file/d/1HEC4DhLozhKjdJWYXG5ww3TTU9b3KVTg/view?usp=drivesdk,
EV-000554,rivag29,,Roystonea regia,Palmera real,,Arecaceae,Palmera,Ejemplar,1,Rivaguero,-12.0701533470316,-77.081678733229,Sin medir,,,,,,https://drive.google.com/file/d/1co_37dpfkLftP2PlwBxr744gtw4rd7nd/view?usp=drivesdk,
EV-000555,rivag30,,Prunus serrulata,Sakura,Cerezo japonés,Rosaceae,Árbol,Ejemplar,1,Rivaguero,-12.0701861235535,-77.0817454531748,Sin medir,,,,,,https://drive.google.com/file/d/1v61fUDXI-iza8qC5R_4IWVydxJc-9gz1/view?usp=drivesdk,
EV-000556,rivag31,,Roystonea regia,Palmera real,,Arecaceae,Palmera,Ejemplar,1,Rivaguero,-12.0702044835725,-77.0816914737235,Sin medir,,,,,,https://drive.google.com/file/d/1V1QkN8pf8_aUmJUMq7Grek-hyClX4SKB/view?usp=drivesdk,
EV-000557,rivag32,,Prunus serrulata,Sakura,Cerezo japonés,Rosaceae,Árbol,Ejemplar,1,Rivaguero,-12.0702451306148,-77.0817719399883,Sin medir,,,,,,https://drive.google.com/file/d/1erYNX-2jdO4PQqsPLBqymuJOoXNdC8ry/view?usp=drivesdk,
EV-000558,rivag33,,Roystonea regia,Palmera real,,Arecaceae,Palmera,Ejemplar,1,Rivaguero,-12.0702582519872,-77.0817109197387,Sin medir,,,,,,https://drive.google.com/file/d/1UOjgqTUycQlR_tkRY2AbqeeB-XrI6_-H/view?usp=drivesdk,
EV-000559,rivag34,,Prunus serrulata,Sakura,Cerezo japonés,Rosaceae,Árbol,Ejemplar,1,Rivaguero,-12.0702858,-77.0817862,Sin medir,,,,,,https://drive.google.com/file/d/1XGs18tjzc1XwGFMeNdx4xV0ZW6v2jEqY/view?usp=drivesdk,
EV-000560,rivag35,,Roystonea regia,Palmera real,,Arecaceae,Palmera,Ejemplar,1,Rivaguero,-12.0702975994107,-77.0817256718903,Sin medir,,,,,,https://drive.google.com/file/d/1sFnKr3gfF5l-8SVlhI1bL-Frk1SoGSfp/view?usp=drivesdk,
EV-000561,rivag36,,Prunus serrulata,Sakura,Cerezo japonés,Rosaceae,Árbol,Ejemplar,1,Rivaguero,-12.0703343179964,-77.0818027853937,Sin medir,,,,,,https://drive.google.com/file/d/1h2moz9AB9pJjM7EIA6cG8HvWds-kIdUD/view?usp=drivesdk,
EV-000562,rivag37,,Roystonea regia,Palmera real,,Arecaceae,Palmera,Ejemplar,1,Rivaguero,-12.0703880815396,-77.0817880332464,Sin medir,,,,,,https://drive.google.com/file/d/1_l9VllS852Jdo7yHWdLOfxoKfefpzUC7/view?usp=drivesdk,
EV-000563,rivag38,,Prunus serrulata,Sakura,Cerezo japonés,Rosaceae,Árbol,Ejemplar,1,Rivaguero,-12.0703979178081,-77.0818302780342,Sin medir,,,,,,https://drive.google.com/file/d/1Q4REC9MQ-YsjlWnxnyQyq2jAJyZca5Cs/view?usp=drivesdk,
EV-000564,rivag39,,Prunus serrulata,Sakura,Cerezo japonés,Rosaceae,Árbol,Ejemplar,1,Rivaguero,-12.070735634017,-77.0819335430848,Sin medir,,,,,,https://drive.google.com/file/d/1XGleclC3SPTU3Qby2JdGOzefQalWEBXb/view?usp=drivesdk,
EV-000565,rivag40,,Prunus serrulata,Sakura,Cerezo japonés,Rosaceae,Árbol,Ejemplar,1,Rivaguero,-12.0707752,-77.0819499,Sin medir,,,,,,https://drive.google.com/file/d/1m3lpBFTCjSGRaX1OxwUMvmRGW-Gu_KW-/view?usp=drivesdk,
EV-000566,rivag41,,Prunus serrulata,Sakura,Cerezo japonés,Rosaceae,Árbol,Ejemplar,1,Rivaguero,-12.0708399,-77.0819709,Sin medir,,,,,,https://drive.google.com/file/d/1HY0yEeJhRoq_tclfmnwtPSmLGjvIqlPw/view?usp=drivesdk,
EV-000567,rivag42,,Prunus serrulata,Sakura,Cerezo japonés,Rosaceae,Árbol,Ejemplar,1,Rivaguero,-12.0709043,-77.0819851,Sin medir,,,,,,https://drive.google.com/file/d/1RnIw8MrsilmavjGJWn1Co3nLEEwQVbZL/view?usp=drivesdk,
EV-000568,rivag43,,Roystonea regia,Palmera real,,Arecaceae,Palmera,Ejemplar,1,Rivaguero,-12.0710215198334,-77.0819771289862,Sin medir,,,,,,https://drive.google.com/file/d/10pcfgFbI5uUCVmsQ6C4LTHYQA7hTAeML/view?usp=drivesdk,
EV-000569,rivag44,,Roystonea regia,Palmera real,,Arecaceae,Palmera,Ejemplar,1,Rivaguero,-12.0710457,-77.0819858,Sin medir,,,,,,https://drive.google.com/file/d/1C3gGJfHjzXVKq0YSwUvKRI1jKCKgyJVN/view?usp=drivesdk,Falta ubicarla individualmente: el catastro registró el grupo en un solo punto.
EV-000570,rivag44,,Roystonea regia,Palmera real,,Arecaceae,Palmera,Ejemplar,1,Rivaguero,-12.0710457,-77.0819858,Sin medir,,,,,,https://drive.google.com/file/d/1C3gGJfHjzXVKq0YSwUvKRI1jKCKgyJVN/view?usp=drivesdk,Falta ubicarla individualmente: el catastro registró el grupo en un solo punto.
EV-000571,rivag44,,Roystonea regia,Palmera real,,Arecaceae,Palmera,Ejemplar,1,Rivaguero,-12.0710457,-77.0819858,Sin medir,,,,,,https://drive.google.com/file/d/1C3gGJfHjzXVKq0YSwUvKRI1jKCKgyJVN/view?usp=drivesdk,Falta ubicarla individualmente: el catastro registró el grupo en un solo punto.
EV-000572,rivag45,,Prunus serrulata,Sakura,Cerezo japonés,Rosaceae,Árbol,Ejemplar,1,Rivaguero,-12.0710654661975,-77.082044184204,Sin medir,,,,,,https://drive.google.com/file/d/1M3qvCbxE9PoOPWkxXJtSLF-rgXT8FFC4/view?usp=drivesdk,
EV-000573,rivag46,,Roystonea regia,Palmera real,,Arecaceae,Palmera,Ejemplar,1,Rivaguero,-12.0710958,-77.0820149,Sin medir,,,,,,https://drive.google.com/file/d/1uMd0Yh23PlaPcl5LkqlRzyFYW1HMLBka/view?usp=drivesdk,
EV-000574,rivag47,,Roystonea regia,Palmera real,,Arecaceae,Palmera,Ejemplar,1,Rivaguero,-12.0711564,-77.0820215,Sin medir,,,,,,https://drive.google.com/file/d/15RTXJPLn0ZlKluN6hGinEzcnTskGphf0/view?usp=drivesdk,
EV-000575,rivag48,,Prunus serrulata,Sakura,Cerezo japonés,Rosaceae,Árbol,Ejemplar,1,Rivaguero,-12.0713375999175,-77.0821394026279,Sin medir,,,,,,https://drive.google.com/file/d/1orzDosL2XMHUNoXy0hlefSaFWdtSsgGY/view?usp=drivesdk,
EV-000576,rivag49,,Roystonea regia,Palmera real,,Arecaceae,Palmera,Ejemplar,1,Rivaguero,-12.0713788843918,-77.0821018517003,Sin medir,,,,,,https://drive.google.com/file/d/1dvRfKXSJgy2nresYKaEodF9Q06B3nA9s/view?usp=drivesdk,
EV-000577,rivag50,,Prunus serrulata,Sakura,Cerezo japonés,Rosaceae,Árbol,Ejemplar,1,Rivaguero,-12.0713537,-77.0820999,Sin medir,,,,,,https://drive.google.com/file/d/1qBIxmwvFLnyx3KDI0lFriCVvOmbdZw_G/view?usp=drivesdk,
EV-000578,rivag51,,Roystonea regia,Palmera real,,Arecaceae,Palmera,Ejemplar,1,Rivaguero,-12.0714093,-77.0821005,Sin medir,,,,,,https://drive.google.com/file/d/1JrejDyrcVAf465EGsnbPRUDbaERbSU9L/view?usp=drivesdk,
EV-000579,rivag52,,Prunus serrulata,Sakura,Cerezo japonés,Rosaceae,Árbol,Ejemplar,1,Rivaguero,-12.0714312,-77.0821286,Sin medir,,,,,,https://drive.google.com/file/d/19WI3KCvenUqvVzctYf_KDQ3XEX5xvI5M/view?usp=drivesdk,
EV-000580,rivag53,,Roystonea regia,Palmera real,,Arecaceae,Palmera,Ejemplar,1,Rivaguero,-12.071451,-77.0821221,Sin medir,,,,,,https://drive.google.com/file/d/1JEEzA0Fwb9-C9SWy8TsDWJkwRdMAQpTl/view?usp=drivesdk,
EV-000581,rivag54,,Prunus serrulata,Sakura,Cerezo japonés,Rosaceae,Árbol,Ejemplar,1,Rivaguero,-12.0714876,-77.0821531,Sin medir,,,,,,https://drive.google.com/file/d/1Yz7g_AFyUhNvAnOjP_OZwdZgj9q2u36s/view?usp=drivesdk,
EV-000582,rivag55,,Roystonea regia,Palmera real,,Arecaceae,Palmera,Ejemplar,1,Rivaguero,-12.0714824,-77.0821481,Sin medir,,,,,,https://drive.google.com/file/d/1Z4xzG_ldeESJ6LxyvsJyoLX5bj9k5L2e/view?usp=drivesdk,
EV-000583,rivag56,,Prunus serrulata,Sakura,Cerezo japonés,Rosaceae,Árbol,Ejemplar,1,Rivaguero,-12.0715046,-77.0821465,Sin medir,,,,,,https://drive.google.com/file/d/1wvqK49QOBZGsUMUV2z9vIPBYbcdgZx0y/view?usp=drivesdk,
EV-000584,rivag57,,Roystonea regia,Palmera real,,Arecaceae,Palmera,Ejemplar,1,Rivaguero,-12.0715586,-77.0821256,Sin medir,,,,,,https://drive.google.com/file/d/1E05pjcV4kkLbi3O1ZQ-Bwvq9KohtmJCk/view?usp=drivesdk,
EV-000585,rivag58,,Prunus serrulata,Sakura,Cerezo japonés,Rosaceae,Árbol,Ejemplar,1,Rivaguero,-12.0715697189293,-77.0822191983423,Sin medir,,,,,,https://drive.google.com/file/d/1DIbB3harCmov4OXkU8HS0h3WI0_sUBvi/view?usp=drivesdk,
EV-000586,rivag59,,Roystonea regia,Palmera real,,Arecaceae,Palmera,Ejemplar,1,Rivaguero,-12.0716162,-77.0821493,Sin medir,,,,,,https://drive.google.com/file/d/1gMC1Q92l3HPRGZlvoNdxc456nk8ABTrg/view?usp=drivesdk,
EV-000587,rivag60,,Prunus serrulata,Sakura,Cerezo japonés,Rosaceae,Árbol,Ejemplar,1,Rivaguero,-12.0716136492315,-77.0822259038633,Sin medir,,,,,,https://drive.google.com/file/d/1nxSZXJlDBzHLbz2zNQPqY9A5a3dfFDZK/view?usp=drivesdk,
EV-000588,rivag61,,Roystonea regia,Palmera real,,Arecaceae,Palmera,Ejemplar,1,Rivaguero,-12.071643,-77.0822141,Sin medir,,,,,,https://drive.google.com/file/d/14I3R5kBnrNm4uvocHa-LjZ7MjRj7Zsyx/view?usp=drivesdk,
EV-000589,rivag62,,Hyophorbe lagenicaulis,Palmera botella,,Arecaceae,Palmera,Ejemplar,1,Rivaguero,-12.0715241,-77.0820419,Sin medir,,,,,,https://drive.google.com/file/d/19_vEp8I3UazCd5b34eOHZ62cwKmD4OjJ/view?usp=drivesdk,
EV-000590,rivag63,,Delonix regia,Ponciana,Flamboyán,Fabaceae,Árbol,Ejemplar,1,Rivaguero,-12.0722264,-77.0824543,Sin medir,,,,,,https://drive.google.com/file/d/1NfNPtT4A_gXnLXwrY8QxyliG1et5CEno/view?usp=drivesdk,
EV-000591,rivag64,,Roystonea regia,Palmera real,,Arecaceae,Palmera,Ejemplar,1,Rivaguero,-12.071334,-77.082097,Sin medir,,,,,,https://drive.google.com/file/d/1oLa3utLFPpV2ev3Cqx95XRhju2BFPQPa/view?usp=drivesdk,
EV-000592,Po 1,,Delonix regia,Ponciana,Flamboyán,Fabaceae,Árbol,Ejemplar,1,Rivaguero,-12.0721874081058,-77.0825457572937,Sin medir,,,,,,https://drive.google.com/file/d/1LxVdFTzu3VMbSx010nMXmrw4dHoX-ccW/view?usp=drivesdk,
EV-000593,Po 2,,Delonix regia,Ponciana,Flamboyán,Fabaceae,Árbol,Ejemplar,1,Rivaguero,-12.0721155,-77.0825167,Sin medir,,,,,,https://drive.google.com/file/d/1YiUX70Cx8XifEesn8I2fDrua-saDFUD3/view?usp=drivesdk,
EV-000594,Po 3,,Delonix regia,Ponciana,Flamboyán,Fabaceae,Árbol,Ejemplar,1,Rivaguero,-12.0720641343239,-77.0824988186359,Sin medir,,,,,,https://drive.google.com/file/d/1WQi9UGu4-aG5FNBzMEqWPw6TVk0HA9-g/view?usp=drivesdk,
EV-000595,Po 4,,Delonix regia,Ponciana,Flamboyán,Fabaceae,Árbol,Ejemplar,1,Rivaguero,-12.0720064421572,-77.0824746787548,Sin medir,,,,,,https://drive.google.com/file/d/1X8l6oNFn6QFmOPTRKihW2xq-8xQ19E34/view?usp=drivesdk,
EV-000596,Po 5,,Delonix regia,Ponciana,Flamboyán,Fabaceae,Árbol,Ejemplar,1,Rivaguero,-12.0719526749899,-77.0824626088142,Sin medir,,,,,,https://drive.google.com/file/d/10iicnRoAnXaaoWBfcK955yM-Zpgx93hl/view?usp=drivesdk,
EV-000597,Po 6,,Delonix regia,Ponciana,Flamboyán,Fabaceae,Árbol,Ejemplar,1,Rivaguero,-12.0718765963441,-77.0824384689331,Sin medir,,,,,,https://drive.google.com/file/d/15VxXfK4wfcluHqcf9sDd8J8fA3OOPN8d/view?usp=drivesdk,
EV-000598,Po 7,,Delonix regia,Ponciana,Flamboyán,Fabaceae,Árbol,Ejemplar,1,Rivaguero,-12.071813642559,-77.08241969347,Sin medir,,,,,,https://drive.google.com/file/d/1lwtWaNQ6IfG2_auGxdFStlHKCNXBrnt4/view?usp=drivesdk,
EV-000599,Po 8,,Delonix regia,Ponciana,Flamboyán,Fabaceae,Árbol,Ejemplar,1,Rivaguero,-12.0717638096968,-77.0824022591114,Sin medir,,,,,,https://drive.google.com/file/d/1Mf1dmESkhUR0uTIL4VNhsrN7mINrrlhm/view?usp=drivesdk,
EV-000600,Po 9,,Delonix regia,Ponciana,Flamboyán,Fabaceae,Árbol,Ejemplar,1,Rivaguero,-12.0716835,-77.0823729,Sin medir,,,,,,https://drive.google.com/file/d/1g_iPiFnn1svwyshu88n2co07UOZM1B2Z/view?usp=drivesdk,
EV-000601,Po 10,,Delonix regia,Ponciana,Flamboyán,Fabaceae,Árbol,Ejemplar,1,Rivaguero,-12.0716247997728,-77.0823593437671,Sin medir,,,,,,https://drive.google.com/file/d/1GgzJkKmTcR90GOXZC9s6AAHCGFkT9nxT/view?usp=drivesdk,
EV-000602,Po 11,,Delonix regia,Ponciana,Flamboyán,Fabaceae,Árbol,Ejemplar,1,Rivaguero,-12.0715080811836,-77.0823217928409,Sin medir,,,,,,https://drive.google.com/file/d/11guGwafK7s4bp1mmXT1dC9fbMUt-F-YA/view?usp=drivesdk,
EV-000603,Po 12,,Delonix regia,Ponciana,Flamboyán,Fabaceae,Árbol,Ejemplar,1,Rivaguero,-12.0714503827975,-77.0823030173778,Sin medir,,,,,,https://drive.google.com/file/d/1FWh9oCRj9-6fduyZQunvhO-gnDyDBQqo/view?usp=drivesdk,
EV-000604,Po 13,,Delonix regia,Ponciana,Flamboyán,Fabaceae,Árbol,Ejemplar,1,Rivaguero,-12.0713926678936,-77.0822761952877,Sin medir,,,,,,https://drive.google.com/file/d/1JWG2O5Pd8D7_MmG74joIP7VTSgkwK0dj/view?usp=drivesdk,
EV-000605,Po 14,,Delonix regia,Ponciana,Flamboyán,Fabaceae,Árbol,Ejemplar,1,Rivaguero,-12.0713362812913,-77.0822574198246,Sin medir,,,,,,https://drive.google.com/file/d/16-jz9aG375G0ZsX91ylMwqpaV1antNXx/view?usp=drivesdk,
EV-000606,Po 15,,Delonix regia,Ponciana,Flamboyán,Fabaceae,Árbol,Ejemplar,1,Rivaguero,-12.0712694023573,-77.0822359621524,Sin medir,,,,,,https://drive.google.com/file/d/1REd3oSqmOki1rrvfvYp3JU1lQJUoNgBr/view?usp=drivesdk,
EV-000607,Po 16,,Delonix regia,Ponciana,Flamboyán,Fabaceae,Árbol,Ejemplar,1,Rivaguero,-12.0712143196447,-77.0822064578533,Sin medir,,,,,,https://drive.google.com/file/d/156Xo5_ze07LYB-NBJod2O3VBi0javLwV/view?usp=drivesdk,
EV-000608,Po 17,,Delonix regia,Ponciana,Flamboyán,Fabaceae,Árbol,Ejemplar,1,Rivaguero,-12.0711487467491,-77.0821876823902,Sin medir,,,,,,https://drive.google.com/file/d/1i4RwkcQU-d6F3xX8CA8xEf2NB1f_jMTA/view?usp=drivesdk,
EV-000609,Po 18,,Delonix regia,Ponciana,Flamboyán,Fabaceae,Árbol,Ejemplar,1,Rivaguero,-12.0710857935105,-77.0821715891361,Sin medir,,,,,,https://drive.google.com/file/d/1ki01kJkU6VSQ7R316ZKKkBCY8AlVnppC/view?usp=drivesdk,
EV-000610,Po 19,,Delonix regia,Ponciana,Flamboyán,Fabaceae,Árbol,Ejemplar,1,Rivaguero,-12.0710123554621,-77.0821514725685,Sin medir,,,,,,https://drive.google.com/file/d/1Y6VvN5WGkd3OxdXNd4T9NzWTFgqnFdeT/view?usp=drivesdk,
EV-000611,SA-01,,Brachychiton populneus,Kurrajong,Braquiquito,Malvaceae,Árbol,Ejemplar,1,Pista de Salud,-12.0663474773328,-77.0781442523002,Sin medir,,,,,,https://drive.google.com/file/d/1aLo6VDoQZ4q8zoVN8XopWrvWdryfGs7B/view?usp=drivesdk,
EV-000612,SA-02,,Brachychiton populneus,Kurrajong,Braquiquito,Malvaceae,Árbol,Ejemplar,1,Pista de Salud,-12.066226824173,-77.0781630277633,Sin medir,,,,,,https://drive.google.com/file/d/1uhqmM7ttyRkCfCigorBJcmk5NrpmoJvc/view?usp=drivesdk,
EV-000613,SA-03,5933,Tipuana tipu,Tipa,,Fabaceae,Árbol,Ejemplar,1,Pista de Salud,-12.0661325,-77.0781534,Sin medir,,,,,,https://drive.google.com/file/d/1YNOHBusWBD_uMb9HZVxKGBNCeMvW9Aoe/view?usp=drivesdk,
EV-000614,SA-04,,Tipuana tipu,Tipa,,Fabaceae,Árbol,Ejemplar,1,Pista de Salud,-12.0659884,-77.0781802,Sin medir,,,,,,https://drive.google.com/file/d/1QCbpAjNUuXvU8Zma1QXkUsYYSPucdBX1/view?usp=drivesdk,
EV-000615,SA-05,,Tipuana tipu,Tipa,,Fabaceae,Árbol,Ejemplar,1,Pista de Salud,-12.0658392,-77.0781879,Sin medir,,,,,,https://drive.google.com/file/d/1LY8tYpDBAVBfSnhzboecJUMsEy_frFpL/view?usp=drivesdk,
EV-000616,SA-06,,Tipuana tipu,Tipa,,Fabaceae,Árbol,Ejemplar,1,Pista de Salud,-12.0657656,-77.0781786,Sin medir,,,,,,https://drive.google.com/file/d/1LglDSUNBpI_ficSGh8Rkt-rQYg0UKzgs/view?usp=drivesdk,
EV-000617,SA-07,,Tipuana tipu,Tipa,,Fabaceae,Árbol,Ejemplar,1,Pista de Salud,-12.0656911,-77.0782209,Sin medir,,,,,,https://drive.google.com/file/d/1gUHrgSVbacNQRrffY3-uW10Mw6CDgYW1/view?usp=drivesdk,
EV-000618,SA-08,,Ficus benjamina,Ficus benjamina,,Moraceae,Árbol,Ejemplar,1,Pista de Salud,-12.0656130689722,-77.0782180130497,Sin medir,,,,,,https://drive.google.com/file/d/1tbssgu4O-XQdrF-XGZW2Hv8Cu2LV6odN/view?usp=drivesdk,
EV-000619,SA-09,5944,Ficus benjamina,Ficus benjamina,,Moraceae,Árbol,Ejemplar,1,Pista de Salud,-12.0655182,-77.0782367,Sin medir,,,,,,https://drive.google.com/file/d/1UzlqjLitneRYIJZJ0wiDPCSAg8MzMIds/view?usp=drivesdk,
EV-000620,SA-10,,Ficus benjamina,Ficus benjamina,,Moraceae,Árbol,Ejemplar,1,Pista de Salud,-12.0654918,-77.0782394,Sin medir,,,,,,https://drive.google.com/file/d/1feW04vSLW67prrCBG3DfCH2Hu9ZcAIp5/view?usp=drivesdk,
EV-000621,SA-11,,Ficus benjamina,Ficus benjamina,,Moraceae,Árbol,Ejemplar,1,Pista de Salud,-12.0653541,-77.0782279,Sin medir,,,,,,https://drive.google.com/file/d/10c-6uZvqzeUn3eLuCKKMgeqzx82eszFd/view?usp=drivesdk,
EV-000622,SA-12,,Ficus benjamina,Ficus benjamina,,Moraceae,Árbol,Ejemplar,1,Pista de Salud,-12.0652947,-77.0782579,Sin medir,,,,,,https://drive.google.com/file/d/1_6i4yOnFnCBHC6zJuej--lW11aiHOwJc/view?usp=drivesdk,
EV-000623,SA-13,,Ficus benjamina,Ficus benjamina,,Moraceae,Árbol,Ejemplar,1,Pista de Salud,-12.0652209,-77.0782633,Sin medir,,,,,,https://drive.google.com/file/d/1Bsj0BOn9RBVinv9W_0h0O20MQfyRUwED/view?usp=drivesdk,
EV-000624,SA-14,,Tipuana tipu,Tipa,,Fabaceae,Árbol,Ejemplar,1,Pista de Salud,-12.0651815722667,-77.0782823860667,Sin medir,,,,,,https://drive.google.com/file/d/1RHeLkqEjh6Qo6emNVzUzBEUvijQ1EKUk/view?usp=drivesdk,
EV-000625,SA-15,5954,Ficus benjamina,Ficus benjamina,,Moraceae,Árbol,Ejemplar,1,Pista de Salud,-12.0651369787093,-77.0782917737988,Sin medir,,,,,,https://drive.google.com/file/d/17i4Mg3HqGeWTpPFQnZKh2mtqtvJiAzHm/view?usp=drivesdk,
EV-000626,SA-16,,Tipuana tipu,Tipa,,Fabaceae,Árbol,Ejemplar,1,Pista de Salud,-12.0650635408247,-77.0783078670501,Sin medir,,,,,,https://drive.google.com/file/d/1qrmjzBNwvuW7nQf6SeC6z2UJSU_2O6Nu/view?usp=drivesdk,
EV-000627,SA-17,,Ficus benjamina,Ficus benjamina,,Moraceae,Árbol,Ejemplar,1,Pista de Salud,-12.0650386187437,-77.0783199369907,Sin medir,,,,,,https://drive.google.com/file/d/1Or7Bt6EFTeT5ixdxRa9Y5_bvhGe_N2Xw/view?usp=drivesdk,
EV-000628,SA-18,,Tipuana tipu,Tipa,,Fabaceae,Árbol,Ejemplar,1,Pista de Salud,-12.0650129,-77.0783202,Sin medir,,,,,,https://drive.google.com/file/d/1DD698bdKF-zXpKgLbugO0yB0amgiOSsz/view?usp=drivesdk,
EV-000629,SA-19,,Ficus benjamina,Ficus benjamina,,Moraceae,Árbol,Ejemplar,1,Pista de Salud,-12.064965,-77.0783317,Sin medir,,,,,,https://drive.google.com/file/d/1GmLMsOdDVos6QflnhmJatSeIubpoybqJ/view?usp=drivesdk,
EV-000630,SA-20,,Tipuana tipu,Tipa,,Fabaceae,Árbol,Ejemplar,1,Pista de Salud,-12.0649411,-77.0783216,Sin medir,,,,,,https://drive.google.com/file/d/1SkKyexBPnNFYxdzJg2kXDUcKsVnJryGx/view?usp=drivesdk,
EV-000631,SA-21,,Ficus benjamina,Ficus benjamina,,Moraceae,Árbol,Ejemplar,1,Pista de Salud,-12.0649009,-77.0783383,Sin medir,,,,,,https://drive.google.com/file/d/1nlIeXaxxvT_qrAJhLAMGsSrbOokK6VwJ/view?usp=drivesdk,
EV-000632,SA-22,,Tipuana tipu,Tipa,,Fabaceae,Árbol,Ejemplar,1,Pista de Salud,-12.0648629437897,-77.0783346891372,Sin medir,,,,,,https://drive.google.com/file/d/13gA0Sdfl-iVgIrL4O7ueV-MzV0Fou9-2/view?usp=drivesdk,
EV-000633,SA-23,,Ficus benjamina,Ficus benjamina,,Moraceae,Árbol,Ejemplar,1,Pista de Salud,-12.0644353437148,-77.0785023272037,Sin medir,,,,,,https://drive.google.com/file/d/1fRlzbAwjNytytqNZR8Fy3_OZ2N5aiafN/view?usp=drivesdk,
EV-000634,SA-24,,Tipuana tipu,Tipa,,Fabaceae,Árbol,Ejemplar,1,Pista de Salud,-12.0644340322311,-77.0785345137119,Sin medir,,,,,,https://drive.google.com/file/d/1mrDE8ed9U8KoyUMhQv2-ufAhE-dnycVn/view?usp=drivesdk,
EV-000635,SA-25,,Ficus benjamina,Ficus benjamina,,Moraceae,Árbol,Ejemplar,1,Pista de Salud,-12.0644248554328,-77.0785747468471,Sin medir,,,,,,https://drive.google.com/file/d/12HKmopaFF72XDT3YD3iELnymCXz-7dSs/view?usp=drivesdk,
EV-000636,SA-26,,Tipuana tipu,Tipa,,Fabaceae,Árbol,Ejemplar,1,Pista de Salud,-12.0644248496917,-77.0786230266094,Sin medir,,,,,,https://drive.google.com/file/d/1yCDDzA6GOEjzH8FZ2ktm8RzXwmPglrzg/view?usp=drivesdk,
EV-000637,SA-27,,Ficus benjamina,Ficus benjamina,,Moraceae,Árbol,Ejemplar,1,Pista de Salud,-12.0644411,-77.0786795,Sin medir,,,,,,https://drive.google.com/file/d/1QULgcy8M0We9Aeie1zNcLoZyZbMhvERa/view?usp=drivesdk,
EV-000638,SA-28,,Tipuana tipu,Tipa,,Fabaceae,Árbol,Ejemplar,1,Pista de Salud,-12.0644471391743,-77.0787048339843,Sin medir,,,,,,https://drive.google.com/file/d/1d4eD0jDFc79aRTgfa_DtY5r4J7WxrPMP/view?usp=drivesdk,
EV-000639,SA-29,,Ficus benjamina,Ficus benjamina,,Moraceae,Árbol,Ejemplar,1,Pista de Salud,-12.064453701975,-77.07873031497,Sin medir,,,,,,https://drive.google.com/file/d/1BKfz60KFDOWYNbVWYep7z18w0S4z-yrW/view?usp=drivesdk,
EV-000640,SA-30,,Tipuana tipu,Tipa,,Fabaceae,Árbol,Ejemplar,1,Pista de Salud,-12.064461574465,-77.0787531137466,Sin medir,,,,,,https://drive.google.com/file/d/1FDEmLf4ILk8RfIVO2kZ4wlYxY_2vEFvk/view?usp=drivesdk,
EV-000641,SA-31,,Washingtonia robusta,Palmera de abanico mexicana,Washingtonia,Arecaceae,Palmera,Ejemplar,1,Pista de Salud,-12.0644733727939,-77.0787973701954,Sin medir,,,,,,https://drive.google.com/file/d/1Bs50aqb5W0Gz4HoEfOHfsyrOoyMR5tS8/view?usp=drivesdk,
EV-000642,SA-32,,Washingtonia robusta,Palmera de abanico mexicana,Washingtonia,Arecaceae,Palmera,Ejemplar,1,Pista de Salud,-12.06453958494,-77.0787806063887,Sin medir,,,,,,https://drive.google.com/file/d/1k4IVJtjPWmUjnR_jgO8QO05jyjfdXcry/view?usp=drivesdk,
EV-000643,SA-33,,Ficus benjamina,Ficus benjamina,,Moraceae,Árbol,Ejemplar,1,Pista de Salud,-12.0644878009087,-77.078827545046,Sin medir,,,,,,https://drive.google.com/file/d/1ukXojnR5PGqBIx6-f8wdgvWSLhhVL2e3/view?usp=drivesdk,
EV-000644,SA-34,,Washingtonia robusta,Palmera de abanico mexicana,Washingtonia,Arecaceae,Palmera,Ejemplar,1,Pista de Salud,-12.0644923936133,-77.0788503438226,Sin medir,,,,,,https://drive.google.com/file/d/1dzEtUOIP6mraalH3QLqnUBeYgDRp6CSb/view?usp=drivesdk,
EV-000645,SA-35,,Tipuana tipu,Tipa,,Fabaceae,Árbol,Ejemplar,1,Pista de Salud,-12.0644996033625,-77.0788885652993,Sin medir,,,,,,https://drive.google.com/file/d/1ryR3Lz9_vPdiHn4XOaefweZXeouRACuK/view?usp=drivesdk,
EV-000646,SA-36,,Washingtonia robusta,Palmera de abanico mexicana,Washingtonia,Arecaceae,Palmera,Ejemplar,1,Pista de Salud,-12.0645441817715,-77.0789281278837,Sin medir,,,,,,https://drive.google.com/file/d/1EdXir15cBWDviIvJDmrGb62KGvWgdj85/view?usp=drivesdk,
EV-000647,SA-37,,Tipuana tipu,Tipa,,Fabaceae,Árbol,Ejemplar,1,Pista de Salud,-12.064679934069,-77.079668417572,Sin medir,,,,,,https://drive.google.com/file/d/1CAckPlxBkF7smglfcCqLChOsHHoYJIPP/view?usp=drivesdk,
EV-000648,SA-38,,Ficus benjamina,Ficus benjamina,,Moraceae,Árbol,Ejemplar,1,Pista de Salud,-12.0646858296386,-77.0797006040821,Sin medir,,,,,,https://drive.google.com/file/d/1n5Aa6ad17fi5WicyPVvs6av0KhFOMfj5/view?usp=drivesdk,
EV-000649,SA-39,,Tipuana tipu,Tipa,,Fabaceae,Árbol,Ejemplar,1,Pista de Salud,-12.0646904180328,-77.0797240734103,Sin medir,,,,,,https://drive.google.com/file/d/13J2ezTBltolqJSASibxI0Mkf2ajhM0Ml/view?usp=drivesdk,
EV-000650,SA-40,,Ficus benjamina,Ficus benjamina,,Moraceae,Árbol,Ejemplar,1,Pista de Salud,-12.0647001,-77.079747,Sin medir,,,,,,https://drive.google.com/file/d/1rlhEjrDprYXAlsp4RizmjEGMXLBeMIQE/view?usp=drivesdk,
EV-000651,SA-41,,Tipuana tipu,Tipa,,Fabaceae,Árbol,Ejemplar,1,Pista de Salud,-12.0647182,-77.0798201,Sin medir,,,,,,https://drive.google.com/file/d/1ZM4GLVREfc3GrxiAU2TCyg-sYLn7AYQj/view?usp=drivesdk,
EV-000652,SA-42,,Ficus benjamina,Ficus benjamina,,Moraceae,Árbol,Ejemplar,1,Pista de Salud,-12.0647704231196,-77.0800023525946,Sin medir,,,,,,https://drive.google.com/file/d/1Kl6oFHzv18x0Ko-aAGD3hAUI9XPKrwE8/view?usp=drivesdk,
EV-000653,SA-43,,Ficus benjamina,Ficus benjamina,,Moraceae,Árbol,Ejemplar,1,Pista de Salud,-12.0647822271762,-77.0800600200881,Sin medir,,,,,,https://drive.google.com/file/d/1Dh3k_o1vHCcP3PYt-VAXJA6pSRL1XHem/view?usp=drivesdk,
EV-000654,SA-44,,Washingtonia robusta,Palmera de abanico mexicana,Washingtonia,Arecaceae,Palmera,Ejemplar,1,Pista de Salud,-12.064886490697,-77.0804569870234,Sin medir,,,,,,https://drive.google.com/file/d/1lL73Ma-DWJqwyeGRcLcsGyvi-IbGz0T0/view?usp=drivesdk,
EV-000655,SA-45,,Washingtonia robusta,Palmera de abanico mexicana,Washingtonia,Arecaceae,Palmera,Ejemplar,1,Pista de Salud,-12.0653088259927,-77.0816297829151,Sin medir,,,,,,https://drive.google.com/file/d/1knJt8tCbYtIMOwcnI65rlGGPHYHn1qTf/view?usp=drivesdk,
EV-000656,SA-46,,Washingtonia robusta,Palmera de abanico mexicana,Washingtonia,Arecaceae,Palmera,Ejemplar,1,Pista de Salud,-12.06527078555,-77.081608325243,Sin medir,,,,,,https://drive.google.com/file/d/13rgRc7WCXHpjPWR1yDJutc2w8wENYCeJ/view?usp=drivesdk,
EV-000657,SA-47,,Washingtonia robusta,Palmera de abanico mexicana,Washingtonia,Arecaceae,Palmera,Ejemplar,1,Pista de Salud,-12.065196007158,-77.0815198123455,Sin medir,,,,,,https://drive.google.com/file/d/1y0tqGfykNSq6FV3fW7mRqTFY13gr7ot-/view?usp=drivesdk,
EV-000658,SA-48,,Washingtonia robusta,Palmera de abanico mexicana,Washingtonia,Arecaceae,Palmera,Ejemplar,1,Pista de Salud,-12.0652760181924,-77.0816887915134,Sin medir,,,,,,https://drive.google.com/file/d/1pSdrjYuDVBH2mQCGnTaDSw1eNimRr3eQ/view?usp=drivesdk,
EV-000659,SA-49,,Washingtonia robusta,Palmera de abanico mexicana,Washingtonia,Arecaceae,Palmera,Ejemplar,1,Pista de Salud,-12.0653959,-77.081698,Sin medir,,,,,,https://drive.google.com/file/d/1Fn3JWo3GSFUZroNRgXd8A8IfJXNRT4mn/view?usp=drivesdk,
EV-000660,SA-50,,Mangifera indica,Mango,,Anacardiaceae,Árbol,Ejemplar,1,Pista de Salud,-12.0653920588178,-77.0817645639143,Sin medir,,,,,,https://drive.google.com/file/d/1Xw6yHnlypBUrDWHnhtRPzfF-e-vHSzCM/view?usp=drivesdk,
EV-000661,SA-51,6557,Byrsonima crassifolia,Indano,Nance,Malpighiaceae,Árbol,Ejemplar,1,Pista de Salud,-12.0653966507891,-77.0817229896776,Sin medir,,,,,,https://drive.google.com/file/d/1Xf4hzU5NaQGh1DxBLzBVBMyYkVdgiGJm/view?usp=drivesdk,
EV-000662,SA-52,,Byrsonima crassifolia,Indano,Nance,Malpighiaceae,Árbol,Ejemplar,1,Pista de Salud,-12.0654215653006,-77.0817638933625,Sin medir,,,,,,https://drive.google.com/file/d/1_0n-uYxJBBhlqNjix111zhQEUiB-A2_K/view?usp=drivesdk,
EV-000663,SA-53,6560,Byrsonima crassifolia,Indano,Nance,Malpighiaceae,Árbol,Ejemplar,1,Pista de Salud,-12.0654471335751,-77.0817679166759,Sin medir,,,,,,https://drive.google.com/file/d/1bYxiAc6RnPOLkBmyN-QAZGH--zfc-GSx/view?usp=drivesdk,
EV-000664,SA-54,,Byrsonima crassifolia,Indano,Nance,Malpighiaceae,Árbol,Ejemplar,1,Pista de Salud,-12.0654575,-77.0817117,Sin medir,,,,,,https://drive.google.com/file/d/1LxI9J-vHJkfG42pcOZpU3fn1st8TgQew/view?usp=drivesdk,
EV-000665,SA-55,,Byrsonima crassifolia,Indano,Nance,Malpighiaceae,Árbol,Ejemplar,1,Pista de Salud,-12.0654487,-77.0817082,Sin medir,,,,,,https://drive.google.com/file/d/1lcFUQ54BnzK0I3mExodFupFjiWAqAxbB/view?usp=drivesdk,
EV-000666,SA-56,,Byrsonima crassifolia,Indano,Nance,Malpighiaceae,Árbol,Ejemplar,1,Pista de Salud,-12.0654537,-77.0816988,Sin medir,,,,,,https://drive.google.com/file/d/1w1DISPRdVWBqWYNkxeBh_fVlJtihJYWI/view?usp=drivesdk,
EV-000667,SA-57,,Caesalpinia spinosa,Tara,,Fabaceae,Árbol,Ejemplar,1,Pista de Salud,-12.0655114058991,-77.0817759633035,Sin medir,,,,,,https://drive.google.com/file/d/1obq85nguMB2NoXpxxXCFq7rvNyAMuLsz/view?usp=drivesdk,
EV-000668,SA-58,,Caesalpinia spinosa,Tara,,Fabaceae,Árbol,Ejemplar,1,Pista de Salud,-12.0655395985574,-77.0817692577827,Sin medir,,,,,,https://drive.google.com/file/d/1eq7jcz4h1qz5HwoYT54nkplESbUzTX99/view?usp=drivesdk,
EV-000669,SA-59,,Caesalpinia spinosa,Tara,,Fabaceae,Árbol,Ejemplar,1,Pista de Salud,-12.0655658299177,-77.0817558467374,Sin medir,,,,,,https://drive.google.com/file/d/1XBCjj1HrmplvjpscUvKKzT5plCYQWl1s/view?usp=drivesdk,
EV-000670,SA-60,,Caesalpinia spinosa,Tara,,Fabaceae,Árbol,Ejemplar,1,Pista de Salud,-12.0656038584762,-77.0817410945884,Sin medir,,,,,,https://drive.google.com/file/d/1hbzrlzM7U1_kb8QUDo-AmY2JctNv5RMv/view?usp=drivesdk,
EV-000671,SA-61,,Inga feuilleei,Pacae,Guaba,Fabaceae,Árbol,Ejemplar,1,Pista de Salud,-12.0657350098368,-77.0815037190885,Sin medir,,,,,,https://drive.google.com/file/d/1TQueABMrlaERnXA4CUjdgIkwHerfgeqH/view?usp=drivesdk,
EV-000672,SA-62,,Bougainvillea glabra,Buganvilla,Papelillo,Nyctaginaceae,Trepadora,Ejemplar,1,Pista de Salud,-12.0658517354269,-77.0816934853774,Sin medir,,,,,,https://drive.google.com/file/d/17s4NHdtXqIK-NUd6BVAwLatQNJ1Xe2x0/view?usp=drivesdk,
EV-000673,SA-63,,Bougainvillea glabra,Buganvilla,Papelillo,Nyctaginaceae,Trepadora,Ejemplar,1,Pista de Salud,-12.0658902,-77.0816853,Sin medir,,,,,,https://drive.google.com/file/d/1ftvM6ELEomkANxEKTqV7tdoRdmdObSsU/view?usp=drivesdk,
EV-000674,SA-64,,Bougainvillea glabra,Buganvilla,Papelillo,Nyctaginaceae,Trepadora,Ejemplar,1,Pista de Salud,-12.0659269,-77.0816596,Sin medir,,,,,,https://drive.google.com/file/d/1Nfr9QaAruzp2-wCFz41PjPJl5AZAjA5b/view?usp=drivesdk,
EV-000675,SA-65,,Bougainvillea glabra,Buganvilla,Papelillo,Nyctaginaceae,Trepadora,Ejemplar,1,Pista de Salud,-12.0659786,-77.0816501,Sin medir,,,,,,https://drive.google.com/file/d/1Y5aUesNpI-B0OlCF0Vz5RZXH4OpR7Y2U/view?usp=drivesdk,
EV-000676,SA-66,,Bougainvillea glabra,Buganvilla,Papelillo,Nyctaginaceae,Trepadora,Ejemplar,1,Pista de Salud,-12.0660172,-77.081633,Sin medir,,,,,,https://drive.google.com/file/d/1C9XnbyP3xYXVkprPZ8s8EKGK8VqJoy45/view?usp=drivesdk,
EV-000677,SA-67,,Bougainvillea glabra,Buganvilla,Papelillo,Nyctaginaceae,Trepadora,Ejemplar,1,Pista de Salud,-12.0661533815637,-77.0816230773925,Sin medir,,,,,,https://drive.google.com/file/d/1hz8j6GO3T6x8Xroo8EqtOduP7BYRg5CW/view?usp=drivesdk,
EV-000678,SA-68,,Ficus carica,Higuera,,Moraceae,Árbol,Ejemplar,1,Pista de Salud,-12.06611,-77.0816277,Sin medir,,,,,,https://drive.google.com/file/d/1CMTqXRff_FQPmenLUyjVE51_nJUczIay/view?usp=drivesdk,
EV-000679,SA-69,,Bougainvillea glabra,Buganvilla,Papelillo,Nyctaginaceae,Trepadora,Ejemplar,1,Pista de Salud,-12.0660812331868,-77.0816405117511,Sin medir,,,,,,https://drive.google.com/file/d/1daG13tiyWVrToomELIccUbD-YbtMo4nj/view?usp=drivesdk,
EV-000680,SA-70,,Ficus carica,Higuera,,Moraceae,Árbol,Ejemplar,1,Pista de Salud,-12.0662072,-77.0816356,Sin medir,,,,,,https://drive.google.com/file/d/1cIfBwllIRJ8vnETQTcFs0a-dWK7RjKCa/view?usp=drivesdk,
EV-000681,SA-71,,Ficus carica,Higuera,,Moraceae,Árbol,Ejemplar,1,Pista de Salud,-12.0663409059669,-77.0816002786159,Sin medir,,,,,,https://drive.google.com/file/d/1XKV1eN23If0Knq8j6horRilGQ897uwz0/view?usp=drivesdk,
EV-000682,SA-72,,Bougainvillea glabra,Buganvilla,Papelillo,Nyctaginaceae,Trepadora,Ejemplar,1,Pista de Salud,-12.0663842126131,-77.0815882086733,Sin medir,,,,,,https://drive.google.com/file/d/1TdBQ-snYc4NA0cGBPjWfSTihMAvxltrF/view?usp=drivesdk,
EV-000683,SA-73,,Bougainvillea glabra,Buganvilla,Papelillo,Nyctaginaceae,Trepadora,Ejemplar,1,Pista de Salud,-12.0664419027564,-77.0815855264643,Sin medir,,,,,,https://drive.google.com/file/d/1oH5VFog7zyhAvpKrISZelEKaBNMohowT/view?usp=drivesdk,
EV-000684,SA-74,6630,Bougainvillea glabra,Buganvilla,Papelillo,Nyctaginaceae,Trepadora,Ejemplar,1,Pista de Salud,-12.0664877989563,-77.0815801620476,Sin medir,,,,,,https://drive.google.com/file/d/1DIAyprquOS1416bQvQhZkDm2SVIe590k/view?usp=drivesdk,
EV-000685,SA-75,,Ficus carica,Higuera,,Moraceae,Árbol,Ejemplar,1,Pista de Salud,-12.0665586,-77.0815851,Sin medir,,,,,,https://drive.google.com/file/d/1o7c-vN0UIP4IifkwxRaCgKgRGbBID-dg/view?usp=drivesdk,
EV-000686,SA-76,,Bougainvillea glabra,Buganvilla,Papelillo,Nyctaginaceae,Trepadora,Ejemplar,1,Pista de Salud,-12.0665913974628,-77.0815801620479,Sin medir,,,,,,https://drive.google.com/file/d/1HdnDGdtsZ-_xZqnHIFsxrLXL9OICE1rj/view?usp=drivesdk,
EV-000687,SA-77,,Bougainvillea glabra,Buganvilla,Papelillo,Nyctaginaceae,Trepadora,Ejemplar,1,Pista de Salud,-12.0666320534879,-77.0815788209416,Sin medir,,,,,,https://drive.google.com/file/d/1q5vrt4yadtrYPs95V5tkg6qJqwUtCAR4/view?usp=drivesdk,
EV-000688,SA-78,,Bougainvillea glabra,Buganvilla,Papelillo,Nyctaginaceae,Trepadora,Ejemplar,1,Pista de Salud,-12.0667162,-77.081567,Sin medir,,,,,,https://drive.google.com/file/d/121r0sazf3g2MFi6jsM6ReY6r6qPbnxcC/view?usp=drivesdk,
EV-000689,SA-79,,Bougainvillea glabra,Buganvilla,Papelillo,Nyctaginaceae,Trepadora,Ejemplar,1,Pista de Salud,-12.0668379613104,-77.0815654098975,Sin medir,,,,,,https://drive.google.com/file/d/1u60iOV0XeUKEuhR4w3VFecHb-r8ZIEyx/view?usp=drivesdk,
EV-000690,SA-80,,Vachellia horrida,Huaranguillo,,Fabaceae,Árbol,Ejemplar,1,Pista de Salud,-12.0668615676258,-77.0815680921065,Sin medir,,,,,,https://drive.google.com/file/d/1juGM__HCZf6yT-cZt1qYJykQ3mradsv0/view?usp=drivesdk,
EV-000691,SA-81,,Myoporum laetum,Mioporo,,Scrophulariaceae,Árbol,Ejemplar,1,Pista de Salud,-12.0668937,-77.0815694,Sin medir,,,,,,https://drive.google.com/file/d/1cG_WnwJyrM6FRx9kosj8ZE7UbNArA99i/view?usp=drivesdk,
EV-000692,SA-82,,Bougainvillea glabra,Buganvilla,Papelillo,Nyctaginaceae,Trepadora,Ejemplar,1,Pista de Salud,-12.0669248,-77.0815719,Sin medir,,,,,,https://drive.google.com/file/d/11KFaHG_HIyQ3vL8VfT3fEz9T5DGaOca0/view?usp=drivesdk,
EV-000693,SA-83,,Vachellia farnesiana,Aromo,Huarango espinoso,Fabaceae,Arbusto,Ejemplar,1,Pista de Salud,-12.0669791,-77.0815661,Sin medir,,,,,,https://drive.google.com/file/d/17E39w6QfdQyZn0J4eW-SHmZeO15hId6A/view?usp=drivesdk,
EV-000694,SA-84,,Acacia stenophylla,Acacia cordón de zapato,,Fabaceae,Árbol,Ejemplar,1,Pista de Salud,-12.0669914032207,-77.081566080451,Sin medir,,,,,,https://drive.google.com/file/d/1s3vOa6isPLe3nQ0ZRhIGr46r5IFWaJte/view?usp=drivesdk,
EV-000695,SA-85,,Euphorbia tirucalli,Árbol de los dedos,Esqueleto,Euphorbiaceae,Árbol,Ejemplar,1,Pista de Salud,-12.0670064820888,-77.0815654098984,Sin medir,,,,,,https://drive.google.com/file/d/1GCT5-CiooW32KoAiiX99wNYnmFuWuU6u/view?usp=drivesdk,
EV-000696,SA-86,,Bougainvillea glabra,Buganvilla,Papelillo,Nyctaginaceae,Trepadora,Ejemplar,1,Pista de Salud,-12.0671409,-77.0815462,Sin medir,,,,,,https://drive.google.com/file/d/17lI_5H6AofnMbU5KT_wXFwssXuNGwfTG/view?usp=drivesdk,
EV-000697,PD-Suc1,,Plumeria rubra,Suche,Frangipani,Apocynaceae,Árbol,Ejemplar,1,Polideportivo,-12.0670425456592,-77.0798327028736,Sin medir,,,,,,https://drive.google.com/file/d/1qHV9ENw7dRKGtcgn4WNhkXzR8bbhn5vj/view?usp=drivesdk,
EV-000698,PD-Suc2,,Plumeria rubra,Suche,Frangipani,Apocynaceae,Árbol,Ejemplar,1,Polideportivo,-12.0670451851117,-77.0798635482766,Sin medir,,,,,,https://drive.google.com/file/d/1Ir2WrC-G8n-DA4fNZg8nQbgfysMyq6Yh/view?usp=drivesdk,
EV-000699,PD-Suc3,,Plumeria rubra,Suche,Frangipani,Apocynaceae,Árbol,Ejemplar,1,Polideportivo,-12.0670478166678,-77.0799145102459,Sin medir,,,,,,https://drive.google.com/file/d/1aivzIyAKQd6W4tYDoWkipmDEQY4clD3X/view?usp=drivesdk,
EV-000700,PD-Suc4,,Plumeria rubra,Suche,Frangipani,Apocynaceae,Árbol,Ejemplar,1,Polideportivo,-12.067047810925,-77.0799466967517,Sin medir,,,,,,https://drive.google.com/file/d/10cCbag8GT8Dsr_GlMIz6FM9KSIZ0N9N7/view?usp=drivesdk,
EV-000701,PD-Suc5,,Plumeria rubra,Suche,Frangipani,Apocynaceae,Árbol,Ejemplar,1,Polideportivo,-12.0670425722196,-77.0799896120902,Sin medir,,,,,,https://drive.google.com/file/d/1UVbdhSgrk8dGZ-weethfocKvvoz61ppc/view?usp=drivesdk,
EV-000702,PD-Suc6,,Plumeria rubra,Suche,Frangipani,Apocynaceae,Árbol,Ejemplar,1,Polideportivo,-12.0670424,-77.0800323,Sin medir,,,,,,https://drive.google.com/file/d/1hfpZLo3C_tcyxfyIlMxtwDaL0eESuMx2/view?usp=drivesdk,
EV-000703,PD-Suc7,,Plumeria rubra,Suche,Frangipani,Apocynaceae,Árbol,Ejemplar,1,Polideportivo,-12.0670556761615,-77.080064713954,Sin medir,,,,,,https://drive.google.com/file/d/1COU824gjcuimH67t-_ARAyqU153XSnfR/view?usp=drivesdk,
EV-000704,PD-Suc8,,Plumeria rubra,Suche,Frangipani,Apocynaceae,Árbol,Ejemplar,1,Polideportivo,-12.0670425643232,-77.0800915360445,Sin medir,,,,,,https://drive.google.com/file/d/1mKeo392yuja55Xm2GXz_s3VhVb1smDoF/view?usp=drivesdk,
EV-000705,PD-Suc9,,Plumeria rubra,Suche,Frangipani,Apocynaceae,Árbol,Ejemplar,1,Polideportivo,-12.0670635313478,-77.0801049470921,Sin medir,,,,,,https://drive.google.com/file/d/1rATPK4-HP14j6W9o4D61EtfqgJqDLJG5/view?usp=drivesdk,
EV-000706,PD-Suc10,,Plumeria rubra,Suche,Frangipani,Apocynaceae,Árbol,Ejemplar,1,Polideportivo,-12.0670478019519,-77.0801223814506,Sin medir,,,,,,https://drive.google.com/file/d/1oZsxkj9aY_qybXfahLmmtgbqtbIH9B01/view?usp=drivesdk,
EV-000707,PD-Suc11,6645,Plumeria rubra,Suche,Frangipani,Apocynaceae,Árbol,Ejemplar,1,Polideportivo,-12.0670615804725,-77.080144509672,Sin medir,,,,,,https://drive.google.com/file/d/1Q0XDr3IUjfGv77zE4_chsyzwpwXpViEV/view?usp=drivesdk,
EV-000708,PD-Suc12,6644,Plumeria rubra,Suche,Frangipani,Apocynaceae,Árbol,Ejemplar,1,Polideportivo,-12.0670508,-77.0801894,Sin medir,,,,,,https://drive.google.com/file/d/1zBU9BicHbdSoIrqb4VuthK5ZGLCgggtY/view?usp=drivesdk,
EV-000709,PD-Suc13,,Plumeria rubra,Suche,Frangipani,Apocynaceae,Árbol,Ejemplar,1,Polideportivo,-12.0670615679102,-77.0801974833061,Sin medir,,,,,,https://drive.google.com/file/d/1En61iKlRfiX8evn-szDHWNkyqon3vkjv/view?usp=drivesdk,
EV-000710,PD-Suc14,,Plumeria rubra,Suche,Frangipani,Apocynaceae,Árbol,Ejemplar,1,Polideportivo,-12.0670386270389,-77.0802336931253,Sin medir,,,,,,https://drive.google.com/file/d/1HGvlCuZMLuacMox2jwRa5zC98LnzeAE_/view?usp=drivesdk,
EV-000711,PD-Suc15,,Plumeria rubra,Suche,Frangipani,Apocynaceae,Árbol,Ejemplar,1,Polideportivo,-12.0670641926466,-77.0802631974231,Sin medir,,,,,,https://drive.google.com/file/d/1f8vCkMV4ljh-WjNQctnVqtjnZ36BCYdX/view?usp=drivesdk,
EV-000712,PD-Suc16,6641,Plumeria rubra,Suche,Frangipani,Apocynaceae,Árbol,Ejemplar,1,Polideportivo,-12.0670478024903,-77.0802819728868,Sin medir,,,,,,https://drive.google.com/file/d/1Snt2Dpoikbhq-fQb7IysJDCrMycb3qnw/view?usp=drivesdk,
EV-000713,PD-Suc17,,Plumeria rubra,Suche,Frangipani,Apocynaceae,Árbol,Ejemplar,1,Polideportivo,-12.0670661589556,-77.0803222060196,Sin medir,,,,,,https://drive.google.com/file/d/1Z2cw34Wjy5jwRo8ZTS0hCLChAca-kWkN/view?usp=drivesdk,
EV-000714,PD-Suc18,6639,Plumeria rubra,Suche,Frangipani,Apocynaceae,Árbol,Ejemplar,1,Polideportivo,-12.0670386257826,-77.0803456753486,Sin medir,,,,,,https://drive.google.com/file/d/1DPeJj6D2wbnzsNRmyRGpP0T5uSrhtdYA/view?usp=drivesdk,
EV-000715,PD-Suc19,,Plumeria rubra,Suche,Frangipani,Apocynaceae,Árbol,Ejemplar,1,Polideportivo,-12.0670307557002,-77.0803879201412,Sin medir,,,,,,https://drive.google.com/file/d/1WC5ZIbAoJf1Qj-a9zFPwyGz1bW-wIRZE/view?usp=drivesdk,
EV-000716,PD-L-J-1,,Jacaranda mimosifolia,Jacarandá,,Bignoniaceae,Árbol,Ejemplar,1,EEGGLL (Estudios generales Letras),-12.0671533712164,-77.0803765207497,Sin medir,,,,,,https://drive.google.com/file/d/1tOQy3wFIwryJi1PhTl3svjlwnDIv9Eng/view?usp=drivesdk,
EV-000717,PD-L-J-2,,Jacaranda mimosifolia,Jacarandá,,Bignoniaceae,Árbol,Ejemplar,1,EEGGLL (Estudios generales Letras),-12.06715337337,-77.0803423225893,Sin medir,,,,,,https://drive.google.com/file/d/1durwUuYtChvZvQgUN840ADl64ZCFwaFN/view?usp=drivesdk,
EV-000718,PD-L-J-3,,Jacaranda mimosifolia,Jacarandá,,Bignoniaceae,Árbol,Ejemplar,1,EEGGLL (Estudios generales Letras),-12.0671232,-77.0803021,Sin medir,,,,,,https://drive.google.com/file/d/1SZ9yW53xAa3QVLXtUzzjfXnmY9aGzEIp/view?usp=drivesdk,
EV-000719,PD-L-J-4,,Jacaranda mimosifolia,Jacarandá,,Bignoniaceae,Árbol,Ejemplar,1,EEGGLL (Estudios generales Letras),-12.0671343554326,-77.0802343636734,Sin medir,,,,,,https://drive.google.com/file/d/1g0nU6O-DBwP3YCo9nOU5BoMtWoA7usRJ/view?usp=drivesdk,
EV-000720,PD-L-J-5,,Jacaranda mimosifolia,Jacarandá,,Bignoniaceae,Árbol,Ejemplar,1,EEGGLL (Estudios generales Letras),-12.0671540221062,-77.0802182704187,Sin medir,,,,,,https://drive.google.com/file/d/1BNb0bjGMdGmugg5j1rHky61Of4uHDAZ6/view?usp=drivesdk,
EV-000721,PD-L-J-6,,Jacaranda mimosifolia,Jacarandá,,Bignoniaceae,Árbol,Ejemplar,1,EEGGLL (Estudios generales Letras),-12.0671566391248,-77.0801733434203,Sin medir,,,,,,https://drive.google.com/file/d/1wLEI9bzCjgj9Kr1rYdrgWvXfZXEbL-PK/view?usp=drivesdk,
EV-000722,PD-L-J-7,,Jacaranda mimosifolia,Jacarandá,,Bignoniaceae,Árbol,Ejemplar,1,EEGGLL (Estudios generales Letras),-12.0671238758715,-77.0801331102822,Sin medir,,,,,,https://drive.google.com/file/d/1U2dN-gN-Yab1Zg7uNxryEYvu8J2zl6io/view?usp=drivesdk,
EV-000723,PD-L-J-8,,Jacaranda mimosifolia,Jacarandá,,Bignoniaceae,Árbol,Ejemplar,1,EEGGLL (Estudios generales Letras),-12.0671592783967,-77.0800841599703,Sin medir,,,,,,https://drive.google.com/file/d/1bTVWVkhGeVxSQ0xw07Yske7wlZtBt1L7/view?usp=drivesdk,
EV-000724,PD-L-J-9,,Jacaranda mimosifolia,Jacarandá,,Bignoniaceae,Árbol,Ejemplar,1,EEGGLL (Estudios generales Letras),-12.0671199262054,-77.0800191164018,Sin medir,,,,,,https://drive.google.com/file/d/1qpwymmrSMAHaWjXAy0QciyfzzuAjm79c/view?usp=drivesdk,
EV-000725,PD-L-J-10,,Jacaranda mimosifolia,Jacarandá,,Bignoniaceae,Árbol,Ejemplar,1,EEGGLL (Estudios generales Letras),-12.0671107399886,-77.0799520611758,Sin medir,,,,,,https://drive.google.com/file/d/1g8IyuOeO6dSBRjekvz91U26Ec43agZXZ/view?usp=drivesdk,
EV-000726,PD-L-J-11,7012,Jacaranda mimosifolia,Jacarandá,,Bignoniaceae,Árbol,Ejemplar,1,EEGGLL (Estudios generales Letras),-12.0671592640397,-77.079908475281,Sin medir,,,,,,https://drive.google.com/file/d/1j87MNhKb8rvZ1Oix_YdET7sq_nbYaWWV/view?usp=drivesdk,
EV-000727,PD-L-J-12,,Jacaranda mimosifolia,Jacarandá,,Bignoniaceae,Árbol,Ejemplar,1,EEGGLL (Estudios generales Letras),-12.0671140348169,-77.0798803120839,Sin medir,,,,,,https://drive.google.com/file/d/14Q6Pr14w5waH4Lk9LjUP-arZcK55aQFv/view?usp=drivesdk,
EV-000728,PD-L-J-13,,Jacaranda mimosifolia,Jacarandá,,Bignoniaceae,Árbol,Ejemplar,1,EEGGLL (Estudios generales Letras),-12.0671405838408,-77.0798538252701,Sin medir,,,,,,https://drive.google.com/file/d/1d3XkXzenK9VLyNWtbyfykZN9x9i_0M61/view?usp=drivesdk,
EV-000729,PD-L-J-14,,Jacaranda mimosifolia,Jacarandá,,Bignoniaceae,Árbol,Ejemplar,1,EEGGLL (Estudios generales Letras),-12.067136979271,-77.0798236504207,Sin medir,,,,,,https://drive.google.com/file/d/1i_14_DTr5hLY1pLnruhYoWem7LH-gfzk/view?usp=drivesdk,
EV-000730,PD-L-J-15,,Jacaranda mimosifolia,Jacarandá,,Bignoniaceae,Árbol,Ejemplar,1,EEGGLL (Estudios generales Letras),-12.0671245199417,-77.0797985047091,Sin medir,,,,,,https://drive.google.com/file/d/1HvKFEZUP7-fpsQMuYw14kxtASfKiwy0r/view?usp=drivesdk,
EV-000731,Lt-TD-1,7018,Handroanthus impetiginosus,Lapacho rosado,Tajibo,Bignoniaceae,Árbol,Ejemplar,1,EEGGLL (Estudios generales Letras),-12.067225,-77.079808,Sin medir,,,,,,https://drive.google.com/file/d/1uw7vR1b_5fX5JvSLiSdH16xVAR2ywARL/view?usp=drivesdk,
EV-000732,Lt-TD-2,,Tipuana tipu,Tipa,,Fabaceae,Árbol,Ejemplar,1,EEGGLL (Estudios generales Letras),-12.067229,-77.079781,Sin medir,,,,,,https://drive.google.com/file/d/1knCynM31dqvlS5ylArhnFZ1UkmSHHEag/view?usp=drivesdk,
EV-000733,Lt-TD-3,,Khaya senegalensis,Cedro de altura,Caoba africana,Meliaceae,Árbol,Ejemplar,1,EEGGLL (Estudios generales Letras),-12.0673101042725,-77.079762965436,Sin medir,,,,,,https://drive.google.com/file/d/1bUKjgOXsKZTwvueNdwTdcLOnDOWrwaxy/view?usp=drivesdk,
EV-000734,Lt-TD-4,,Tipuana tipu,Tipa,,Fabaceae,Árbol,Ejemplar,1,EEGGLL (Estudios generales Letras),-12.067401,-77.079759,Sin medir,,,,,,https://drive.google.com/file/d/1qyYPkSnT0PznuqiMb0MF5aYdC1VCOa8l/view?usp=drivesdk,
EV-000735,Lt-TD-5,,Tipuana tipu,Tipa,,Fabaceae,Árbol,Ejemplar,1,EEGGLL (Estudios generales Letras),-12.0675645143612,-77.0797549157709,Sin medir,,,,,,https://drive.google.com/file/d/1xFnpGEa2ehLDckIlx_c8D2lq4h77QS2t/view?usp=drivesdk,
EV-000736,Lt-TD-6,,Khaya senegalensis,Cedro de altura,Caoba africana,Meliaceae,Árbol,Ejemplar,1,EEGGLL (Estudios generales Letras),-12.067679,-77.079748,Sin medir,,,,,,https://drive.google.com/file/d/1EqsPXWC48pKJ9hQesUNA2FuXbNYg6JRR/view?usp=drivesdk,
EV-000737,Lt-TD-7,,Tipuana tipu,Tipa,,Fabaceae,Árbol,Ejemplar,1,EEGGLL (Estudios generales Letras),-12.067826,-77.079762,Sin medir,,,,,,https://drive.google.com/file/d/1JojKAOms_g9lTwJ45xbSEDoK0Vfk44Zt/view?usp=drivesdk,
EV-000738,Lt-TD-8,,Melaleuca viminalis,Cepillo de botella de arroyo,,Myrtaceae,Árbol,Ejemplar,1,EEGGLL (Estudios generales Letras),-12.067803,-77.079796,Sin medir,,,,,,https://drive.google.com/file/d/1u24OIwTVpssGfkAJIEV1AGP3P_sv-Xvw/view?usp=drivesdk,
EV-000739,Lt-TD-9,,Melaleuca alternifolia,Árbol del té de hoja estrecha,Árbol del té,Myrtaceae,Árbol,Ejemplar,1,EEGGLL (Estudios generales Letras),-12.0676841866513,-77.0798075571685,Sin medir,,,,,,https://drive.google.com/file/d/1JDSz0MLfGF0TKkocixrpqOlBQfdSmHJG/view?usp=drivesdk,
EV-000740,Lt-TD-10,,Tipuana tipu,Tipa,,Fabaceae,Árbol,Ejemplar,1,EEGGLL (Estudios generales Letras),-12.067537,-77.079827,Sin medir,,,,,,https://drive.google.com/file/d/1wa93oaGVjfhm1gBuWHsBuOPCghpAqCVG/view?usp=drivesdk,
EV-000741,Hu-TD-1,,Fraxinus uhdei,Fresno silvestre mexicano,Fresno,Oleaceae,Árbol,Ejemplar,1,Humanidades,-12.0679093777984,-77.0797441892906,Sin medir,,,,,,https://drive.google.com/file/d/17BWC4MX5_euiui2TLjfla-aoTFtEsyev/view?usp=drivesdk,
EV-000742,Hu-TD-2,,Fraxinus uhdei,Fresno silvestre mexicano,Fresno,Oleaceae,Árbol,Ejemplar,1,Humanidades,-12.0679126928058,-77.0798561825101,Sin medir,,,,,,https://drive.google.com/file/d/1cfLjQV9f9gDWy1yYCwnmOTR7IBcIrX39/view?usp=drivesdk,
EV-000743,Hu-TD-3,7305,Khaya senegalensis,Cedro de altura,Caoba africana,Meliaceae,Árbol,Ejemplar,1,Humanidades,-12.0679488,-77.0798019,Sin medir,,,,,,https://drive.google.com/file/d/1VBFsfhmBg-VVlw67IejdHUEc-jFizX-l/view?usp=drivesdk,
EV-000744,Hu-TD-4,,Fraxinus uhdei,Fresno silvestre mexicano,Fresno,Oleaceae,Árbol,Ejemplar,1,Humanidades,-12.0679940413852,-77.0798521551723,Sin medir,,,,,,https://drive.google.com/file/d/1gbp6P0MGJAvRoBkn7Y1DD6povACkSHCH/view?usp=drivesdk,
EV-000745,Hu-TD-5,7306,Fraxinus uhdei,Fresno silvestre mexicano,Fresno,Oleaceae,Árbol,Ejemplar,1,Humanidades,-12.0679940405095,-77.0797435124565,Sin medir,,,,,,https://drive.google.com/file/d/1oHrQ9uzjGYXkLlE0DKXPW0LuCWdWAHoH/view?usp=drivesdk,
EV-000746,Hu-TD-6,,Leea guineensis,Leea púrpura,,Vitaceae,Arbusto,Ejemplar,1,Humanidades,-12.0680537022452,-77.0797508954995,Sin medir,,,,,,https://drive.google.com/file/d/1ShKObyBHmVR1RpcQGHeGTIV6DseT7TUI/view?usp=drivesdk,
EV-000747,Hu-TD-7,,Leea guineensis,Leea púrpura,,Vitaceae,Arbusto,Ejemplar,1,Humanidades,-12.0680445130096,-77.079840749498,Sin medir,,,,,,https://drive.google.com/file/d/1IULpcJAp3uXUNV-YNnovw1vy3Yn1xeOA/view?usp=drivesdk,
EV-000748,Hu-TD-8,,Jacaranda mimosifolia,Jacarandá,,Bignoniaceae,Árbol,Ejemplar,1,Humanidades,-12.0681758,-77.0798152,Sin medir,,,,,,https://drive.google.com/file/d/1DpOwEOpplpwANLg_UPOLzx3_NPCNixJj/view?usp=drivesdk,
EV-000749,Hu-TD-9,,Tipuana tipu,Tipa,,Fabaceae,Árbol,Ejemplar,1,Humanidades,-12.068166471432,-77.0797535777053,Sin medir,,,,,,https://drive.google.com/file/d/1JSiEKNm3_6YVZlom8GbWPa5Yh68z3G12/view?usp=drivesdk,
EV-000750,H64-1,,Ceiba speciosa,Palo borracho,Ceiba,Malvaceae,Árbol,Ejemplar,1,Huaca 64,-12.0671605769458,-77.0783279836143,Sin medir,,,,,,https://drive.google.com/file/d/1z54TdYAU5sZFF7_RYFhleGltklczseQc/view?usp=drivesdk,
EV-000751,H64-2,,Ceiba speciosa,Palo borracho,Ceiba,Malvaceae,Árbol,Ejemplar,1,Huaca 64,-12.0671592767816,-77.0782595872882,Sin medir,,,,,,https://drive.google.com/file/d/1wsHBSG2aZU6o_6IJdVv0hcWb4h7zRPzh/view?usp=drivesdk,
EV-000752,H64-3,,Ceiba speciosa,Palo borracho,Ceiba,Malvaceae,Árbol,Ejemplar,1,Huaca 64,-12.0671612448845,-77.0781838148837,Sin medir,,,,,,https://drive.google.com/file/d/17VDrEy62HAAfnfI8XldwmD_dHLFrQx8I/view?usp=drivesdk,
EV-000753,H64-4,,Ceiba speciosa,Palo borracho,Ceiba,Malvaceae,Árbol,Ejemplar,1,Huaca 64,-12.0671592757048,-77.0781308412552,Sin medir,,,,,,https://drive.google.com/file/d/1VqE7x-OdTJPGNzVl6XUcqol2aEku96rp/view?usp=drivesdk,
EV-000754,CL-TD-1,,Ficus insipida,Higuera de agua,Ojé,Moraceae,Árbol,Ejemplar,1,Comedor de Letras,-12.0684274576729,-77.0797324548224,Sin medir,,,,,,https://drive.google.com/file/d/1eEcuvSlItdn08lG3VgoWccZgpYTSKgfF/view?usp=drivesdk,
EV-000755,CL-TD-2,,Calliandra carbonaria,Carbonero,,Fabaceae,Árbol,Ejemplar,1,Comedor de Letras,-12.0684290985356,-77.0797344670681,Sin medir,,,,,,https://drive.google.com/file/d/1oj0_I3tGUBgZ16bVUWWo0rRUKMEaZGIO/view?usp=drivesdk,
EV-000756,CL-TD-3,,Tabebuia roseoalba,Roble blanco,,Bignoniaceae,Árbol,Ejemplar,1,Comedor de Letras,-12.0684909,-77.0797216,Sin medir,,,,,,https://drive.google.com/file/d/1UXjgcBeUvpGRjwKQum0FqNYPg_Ds4dsZ/view?usp=drivesdk,
EV-000757,CL-TD-4,,Chlorophytum comosum,Lirio listado,Cinta|Mala madre,Asparagaceae,Planta suculenta,Ejemplar,1,Comedor de Letras,-12.0684834,-77.0797492,Sin medir,,,,,,https://drive.google.com/file/d/1z7WB0qMr6jfNwf2nI8QialaBD_Y48r4n/view?usp=drivesdk,
EV-000758,CL-TD-5,,Brunfelsia australis,Jazmín del Paraguay,,Solanaceae,Arbusto,Ejemplar,1,Comedor de Letras,-12.0685558,-77.0797183,Sin medir,,,,,,https://drive.google.com/file/d/1vT-5rspvs-3QD-nR3ikXzPYDiBD5dyNY/view?usp=drivesdk,
EV-000759,CL-TD-6,,Schefflera arboricola,Cheflera,,Araliaceae,Árbol,Ejemplar,1,Comedor de Letras,-12.0685742,-77.0797346,Sin medir,,,,,,https://drive.google.com/file/d/1MnlMmjtEqMYujOhpUzVRded-_OVTzu_Q/view?usp=drivesdk,
EV-000760,CL-TD-7,,Schefflera arboricola,Cheflera,,Araliaceae,Árbol,Ejemplar,1,Comedor de Letras,-12.0685392,-77.079765,Sin medir,,,,,,https://drive.google.com/file/d/1jHCelocWfH8VCLlFqWAJXa0GikM2ycFw/view?usp=drivesdk,
EV-000761,CL-TD-8,,Jacaranda mimosifolia,Jacarandá,,Bignoniaceae,Árbol,Ejemplar,1,Comedor de Letras,-12.0685311,-77.0798095,Sin medir,,,,,,https://drive.google.com/file/d/1dqKnA6h7CJSGAe1SCTDb4PapzpS3Qgl8/view?usp=drivesdk,
EV-000762,CL-TD-9,,Jacaranda mimosifolia,Jacarandá,,Bignoniaceae,Árbol,Ejemplar,1,Comedor de Letras,-12.0686241702279,-77.0798534893079,Sin medir,,,,,,https://drive.google.com/file/d/1ewKOohEvkQmV4-CMh8UrRoeJFyPkSTjP/view?usp=drivesdk,
EV-000763,CL-TD-10,,Polyscias guilfoylei,Geranio aralia,,Araliaceae,Arbusto,Ejemplar,1,Comedor de Letras,-12.0685815,-77.0798571,Sin medir,,,,,,https://drive.google.com/file/d/1MXq2HX9QZlUHZqNeQowXFzbFw5nX07Ph/view?usp=drivesdk,
EV-000764,CL-TD-11,,Delonix regia,Ponciana,Flamboyán,Fabaceae,Árbol,Ejemplar,1,Comedor de Letras,-12.0686025,-77.0798915,Sin medir,,,,,,https://drive.google.com/file/d/1T8ZrCskKvAma9ROm3QCTALtFAwwoMOsc/view?usp=drivesdk,
EV-000765,CL-TD-12,,Citrus × sinensis,Naranjo,,Rutaceae,Árbol,Ejemplar,1,Comedor de Letras,-12.0686084,-77.0798999,Sin medir,,,,,,https://drive.google.com/file/d/19EurJAAy8ES46eQGOqbMkynxiBITzHD6/view?usp=drivesdk,
EV-000766,CL-TD-13,,Stenocarpus sinuatus,Rueda del fuego,,Proteaceae,Árbol,Ejemplar,1,Comedor de Letras,-12.0685844,-77.0799017,Sin medir,,,,,,https://drive.google.com/file/d/1c-nefQ7VvdeE8r-6Hmcw9hZaJtbv4oKl/view?usp=drivesdk,
EV-000767,CL-TD-14,,Piper aduncum,Matico,,Piperaceae,Arbusto,Ejemplar,1,Comedor de Letras,-12.0685928,-77.0799296,Sin medir,,,,,,https://drive.google.com/file/d/1-XQC8UgjLkg8mVs6S28SgJ-xS5zsDIBt/view?usp=drivesdk,
EV-000768,CL-TD-15,,Polyscias guilfoylei,Geranio aralia,,Araliaceae,Arbusto,Ejemplar,1,Comedor de Letras,-12.0685728,-77.0799465,Sin medir,,,,,,https://drive.google.com/file/d/1_529sxs7MMDqVaVk-Se_cUJkYQmWnPsO/view?usp=drivesdk,
EV-000769,CL-TD-16,,Schefflera arboricola,Cheflera,,Araliaceae,Árbol,Ejemplar,1,Comedor de Letras,-12.0685568,-77.0799596,Sin medir,,,,,,https://drive.google.com/file/d/1uIupQvBF9oPF22o9EKlMtd8Ij98322NY/view?usp=drivesdk,
EV-000770,CL-TD-17,7326,Tipuana tipu,Tipa,,Fabaceae,Árbol,Ejemplar,1,Comedor de Letras,-12.0686173,-77.0799846,Sin medir,,,,,,https://drive.google.com/file/d/1ACndns7jXoEsX-hWbpeJ4-dVM6X0GLBY/view?usp=drivesdk,
EV-000771,CL-TD-18,7327,Washingtonia robusta,Palmera de abanico mexicana,Washingtonia,Arecaceae,Palmera,Ejemplar,1,Comedor de Letras,-12.068638,-77.0800029,Sin medir,,,,,,https://drive.google.com/file/d/1RsjGqHsHcJ1MOJGs3GgPVgUsqxIRpCqR/view?usp=drivesdk,
EV-000772,CL-TD-19,,Matthiola incana,Alhelí,,Brassicaceae,Arbusto,Ejemplar,1,Comedor de Letras,-12.0686381,-77.0800621,Sin medir,,,,,,https://drive.google.com/file/d/1zEw5vYWjai85eTeZsVfGYtRlbT1RQZKU/view?usp=drivesdk,
EV-000773,CL-TD-20,7331,Randia aculeata,Crucetilla,,Rubiaceae,Arbusto,Ejemplar,1,Comedor de Letras,-12.0686365,-77.0800755,Sin medir,,,,,,https://drive.google.com/file/d/19H0c3LYMcl73xtbdzoP-bp8wIPYnrK_c/view?usp=drivesdk,
EV-000774,CL-TD-21,,Jacaranda mimosifolia,Jacarandá,,Bignoniaceae,Árbol,Ejemplar,1,Comedor de Letras,-12.0686063,-77.0800755,Sin medir,,,,,,https://drive.google.com/file/d/19enChpj5oBXEwVnHO3RjMrmVuO1Msohu/view?usp=drivesdk,
EV-000775,CL-TD-22,,Persea americana,Palto,Aguacate,Lauraceae,Árbol,Ejemplar,1,Comedor de Letras,-12.068583,-77.0800642,Sin medir,,,,,,https://drive.google.com/file/d/1MntajDXz1spmF8QrDyAo4cO2rbvMdBzt/view?usp=drivesdk,
EV-000776,CL-TD-23,,Jacaranda mimosifolia,Jacarandá,,Bignoniaceae,Árbol,Ejemplar,1,Comedor de Letras,-12.0685547,-77.0800372,Sin medir,,,,,,https://drive.google.com/file/d/1jq-0Jw3zjaCMqaFNWKoRi-K0LFOAKZlL/view?usp=drivesdk,
EV-000777,CL-TD-24,,Plumeria obtusa,Frangipani blanco,,Apocynaceae,Árbol,Ejemplar,1,Comedor de Letras,-12.0685451606849,-77.0800533137323,Sin medir,,,,,,https://drive.google.com/file/d/1K28v8D1wK4iyN1INSzGKea0QkIk2rhPQ/view?usp=drivesdk,
EV-000778,CL-TD-25,,Ficus insipida,Higuera de agua,Ojé,Moraceae,Árbol,Ejemplar,1,Comedor de Letras,-12.0684881,-77.0800795,Sin medir,,,,,,https://drive.google.com/file/d/1KgiC48pp7PtjwRjkYcIw1pMin8VB_jmq/view?usp=drivesdk,
EV-000779,CL-TD-26,,Fraxinus uhdei,Fresno silvestre mexicano,Fresno,Oleaceae,Árbol,Ejemplar,1,Comedor de Letras,-12.0683905,-77.0800809,Sin medir,,,,,,https://drive.google.com/file/d/15UR338XHdLlWik25Cl1FF0XwR0mzp-xQ/view?usp=drivesdk,
EV-000780,CL-TD-27,,Dracaena fragrans,Palo de Brasil,Palo de agua,Asparagaceae,Arbusto,Ejemplar,1,Comedor de Letras,-12.0683976,-77.0801058,Sin medir,,,,,,https://drive.google.com/file/d/1-ftWydEDT7G2bA-9O-QyXGbs5I1GZbLf/view?usp=drivesdk,
EV-000781,CL-TD-28,,Schefflera arboricola,Cheflera,,Araliaceae,Árbol,Ejemplar,1,Comedor de Letras,-12.0684009,-77.0801083,Sin medir,,,,,,https://drive.google.com/file/d/1RT3-u_V7v0gG1CL78x0nsyuGmdVmdazU/view?usp=drivesdk,
EV-000782,CL-TD-29,7343,Ficus insipida,Higuera de agua,Ojé,Moraceae,Árbol,Ejemplar,1,Comedor de Letras,-12.0684152,-77.0801156,Sin medir,,,,,,https://drive.google.com/file/d/1KKEZ5I4Ls60kiNdbJTbxC9Fe7CARxTdm/view?usp=drivesdk,
EV-000783,CL-TD-30,,Persea americana,Palto,Aguacate,Lauraceae,Árbol,Ejemplar,1,Comedor de Letras,-12.068484,-77.0801058,Sin medir,,,,,,https://drive.google.com/file/d/10LHTRkLvwQwrLU2SZKQFtprrPQmOGhCN/view?usp=drivesdk,
EV-000784,CL-TD-31,,Phytolacca dioica,Ombú,,Phytolaccaceae,Árbol,Ejemplar,1,Comedor de Letras,-12.0685211,-77.0800717,Sin medir,,,,,,https://drive.google.com/file/d/1NxITopK2t4M80tmYnfKr8n2mx6pB2vJq/view?usp=drivesdk,
EV-000785,CL-TD-32,,Hibiscus rosa-sinensis,Hibisco,Cucarda,Malvaceae,Arbusto,Ejemplar,1,Comedor de Letras,-12.0685351,-77.0800975,Sin medir,,,,,,https://drive.google.com/file/d/1I2LVT4Upwpc16BjXaGPu2KAiRio8tcRn/view?usp=drivesdk,
EV-000786,CL-TD-33,,Tipuana tipu,Tipa,,Fabaceae,Árbol,Ejemplar,1,Comedor de Letras,-12.0685795716176,-77.080330252651,Sin medir,,,,,,https://drive.google.com/file/d/1u5iwVohxMevfsvbxGjZBKDuxp0G0_-J8/view?usp=drivesdk,
EV-000787,CL-TD-34,,Persea americana,Palto,Aguacate,Lauraceae,Árbol,Ejemplar,1,Comedor de Letras,-12.0686533,-77.0801775,Sin medir,,,,,,https://drive.google.com/file/d/1HUaQwUnOXjtlD3mS0tfMcjiwnGQGMF-g/view?usp=drivesdk,
EV-000788,CL-TD-35,,Hura crepitans,Jabillo,Catahua,Euphorbiaceae,Árbol,Ejemplar,1,Comedor de Letras,-12.0685753,-77.0801736,Sin medir,,,,,,https://drive.google.com/file/d/11pIR-WhTlB9Xo4Op8M5ww3x2_24C-J2f/view?usp=drivesdk,
EV-000789,CL-TD-36,,Cedrela odorata,Cedro americano,Cedro,Meliaceae,Árbol,Ejemplar,1,Comedor de Letras,-12.0685966,-77.0802017,Sin medir,,,,,,https://drive.google.com/file/d/1O3KZ31w6BMpPFgRFHYYnhaTrQklWK4C2/view?usp=drivesdk,
EV-000790,CL-TD-37,,Robinia pseudoacacia,Falsa acacia,,Fabaceae,Árbol,Ejemplar,1,Comedor de Letras,-12.0685653,-77.0802147,Sin medir,,,,,,https://drive.google.com/file/d/1takXyp1srq6PGvZlmGdstLs6z5OKn2LU/view?usp=drivesdk,
EV-000791,CL-TD-38,,Euphorbia umbellata,Planta de la vida,Janaúba,Euphorbiaceae,Arbusto,Ejemplar,1,Comedor de Letras,-12.068621,-77.080279,Sin medir,,,,,,https://drive.google.com/file/d/10yKo_G0BsjaWNqjIm2RfkSod-_ZoVhLE/view?usp=drivesdk,
EV-000792,CL-TD-39,,Cananga odorata,Ylang-ylang,,Annonaceae,Árbol,Ejemplar,1,Comedor de Letras,-12.0685993,-77.0802967,Sin medir,,,,,,https://drive.google.com/file/d/1_Prv3smqySBTQiar00lXJgWQtHqI-jLw/view?usp=drivesdk,
EV-000793,CL-TD-40,,Erythrina variegata,Colorín amarillo,,Fabaceae,Árbol,Ejemplar,1,Comedor de Letras,-12.068637,-77.0802259,Sin medir,,,,,,https://drive.google.com/file/d/1kceW3cEspKsSczPDlLuSg4_ydDJIrJND/view?usp=drivesdk,
EV-000794,CL-TD-41,,Ceiba speciosa,Palo borracho,Ceiba,Malvaceae,Árbol,Ejemplar,1,Comedor de Letras,-12.0686292,-77.0801978,Sin medir,,,,,,https://drive.google.com/file/d/18fsIU8L_Y7u_WTCxfNYJwnyXlXcFDJVK/view?usp=drivesdk,
EV-000795,CL-TD-42,,Cananga odorata,Ylang-ylang,,Annonaceae,Árbol,Ejemplar,1,Comedor de Letras,-12.0686906,-77.0802099,Sin medir,,,,,,https://drive.google.com/file/d/1v2TOmkrzw0xK7lkWNRpy4yFEif3zkKBw/view?usp=drivesdk,
EV-000796,CL-TD-43,,Cananga odorata,Ylang-ylang,,Annonaceae,Árbol,Ejemplar,1,Comedor de Letras,-12.0686178,-77.0801918,Sin medir,,,,,,https://drive.google.com/file/d/18zOKsOEaTr7pTJN0FeyCrjE3dKTh3LiT/view?usp=drivesdk,
EV-000797,CL-TD-44,,Ceiba speciosa,Palo borracho,Ceiba,Malvaceae,Árbol,Ejemplar,1,Comedor de Letras,-12.0686996043111,-77.080166640793,Sin medir,,,,,,https://drive.google.com/file/d/1WqT7AVDW0E100Q_J--iVi2bZqY7mysXa/view?usp=drivesdk,
EV-000798,CL-TD-45,,Cananga odorata,Ylang-ylang,,Annonaceae,Árbol,Ejemplar,1,Comedor de Letras,-12.068679,-77.0801486,Sin medir,,,,,,https://drive.google.com/file/d/1SVoicAqQeXW_5dDE6zeY7X7Tb5PTZLbM/view?usp=drivesdk,
EV-000799,CL-TD-46,7336,Ginkgo biloba,Ginkgo,,Ginkgoaceae,Árbol,Ejemplar,1,Comedor de Letras,-12.0687130317,-77.0801321075482,Sin medir,,,,,,https://drive.google.com/file/d/1CtOVpSBCSOe1-6hVX6vGoSq8I9GDJ3Ao/view?usp=drivesdk,
EV-000800,CL-TD-47,7338,Caesalpinia gilliesii,Ave del paraíso,,Fabaceae,Arbusto,Ejemplar,1,Comedor de Letras,-12.0687568,-77.0801155,Sin medir,,,,,,https://drive.google.com/file/d/1EA00kzLC8ZWxZw4tGC3bMQsDhEJFoXAX/view?usp=drivesdk,
EV-000801,CL-TD-48,,Ginkgo biloba,Ginkgo,,Ginkgoaceae,Árbol,Ejemplar,1,Comedor de Letras,-12.0687311,-77.0800743,Sin medir,,,,,,https://drive.google.com/file/d/1l10kolPxbi8Q7Rw27nn4HAqH7SxX6YxR/view?usp=drivesdk,
EV-000802,CL-TD-49,,Leea guineensis,Leea púrpura,,Vitaceae,Arbusto,Ejemplar,1,Comedor de Letras,-12.06872,-77.0801068,Sin medir,,,,,,https://drive.google.com/file/d/1wvh6tsJmT6x0VeNygrZ4JVD_QpHamsEt/view?usp=drivesdk,
EV-000803,CL-TD-50,7329,Erythrina variegata,Colorín amarillo,,Fabaceae,Árbol,Ejemplar,1,Comedor de Letras,-12.0687157,-77.0800642,Sin medir,,,,,,https://drive.google.com/file/d/1OUkak0cXsELzyWMlsD3EoSDs-Dln0xsn/view?usp=drivesdk,
EV-000804,CL-TD-51,,Ceiba speciosa,Palo borracho,Ceiba,Malvaceae,Árbol,Ejemplar,1,Comedor de Letras,-12.0687041,-77.0800023,Sin medir,,,,,,https://drive.google.com/file/d/1vf04SvR0mrUisdsAku7cFr5YPnBvadme/view?usp=drivesdk,
EV-000805,CL-TD-52,,Dypsis lutescens,Palmera bambú,Areca,Arecaceae,Palmera,Ejemplar,1,Comedor de Letras,-12.0686772,-77.0798995,Sin medir,,,,,,https://drive.google.com/file/d/1f92LBnNDg1YKc7T8twz26Yagq1t3e8Qa/view?usp=drivesdk,
EV-000806,CL-TD-53,,Dypsis lutescens,Palmera bambú,Areca,Arecaceae,Palmera,Ejemplar,1,Comedor de Letras,-12.0686704,-77.0798662,Sin medir,,,,,,https://drive.google.com/file/d/1nwAMTLAhJYalvBB5Bxj86EuHqvDWaY2t/view?usp=drivesdk,
EV-000807,CL-TD-54,,Ceiba speciosa,Palo borracho,Ceiba,Malvaceae,Árbol,Ejemplar,1,Comedor de Letras,-12.0686487,-77.0798179,Sin medir,,,,,,https://drive.google.com/file/d/1V2f-cY2cp_jA1mJBWGQq2tTq7uu76xMS/view?usp=drivesdk,
EV-000808,CL-TD-55,,Tipuana tipu,Tipa,,Fabaceae,Árbol,Ejemplar,1,Comedor de Letras,-12.068634701558,-77.0797267533124,Sin medir,,,,,,https://drive.google.com/file/d/1zsJhCs9l3gIjDoC_QRkqHIHhuAvS3ETz/view?usp=drivesdk,
EV-000809,Po20,,Delonix regia,Ponciana,Flamboyán,Fabaceae,Árbol,Ejemplar,1,Rivaguero,-12.0708877592823,-77.0821112394261,Sin medir,,,,,,https://drive.google.com/file/d/1p6_KfXm0Zex1nqpjrDN2J4klnMmK-OT5/view?usp=drivesdk,
EV-000810,Po21,,Delonix regia,Ponciana,Flamboyán,Fabaceae,Árbol,Ejemplar,1,Rivaguero,-12.0708248088526,-77.082082405684,Sin medir,,,,,,https://drive.google.com/file/d/1lejEyU376LoHYzLqO8fYQSaU7AlqTwbJ/view?usp=drivesdk,
EV-000811,Po22,,Delonix regia,Ponciana,Flamboyán,Fabaceae,Árbol,Ejemplar,1,Rivaguero,-12.0707518,-77.0820565,Sin medir,,,,,,https://drive.google.com/file/d/1YM3S6WtOvspaK4jBIdt0BvSCUgGoLHf0/view?usp=drivesdk,
EV-000812,Po23,,Delonix regia,Ponciana,Flamboyán,Fabaceae,Árbol,Ejemplar,1,Rivaguero,-12.0706930073072,-77.0820347964749,Sin medir,,,,,,https://drive.google.com/file/d/1S6iaaOBmiKXtLTAU6VOf7hN5xldRw91w/view?usp=drivesdk,
EV-000813,Po24,,Delonix regia,Ponciana,Flamboyán,Fabaceae,Árbol,Ejemplar,1,Rivaguero,-12.0706130066804,-77.0820086449391,Sin medir,,,,,,https://drive.google.com/file/d/14tk5RqUqSvkLsxApPeNOq9d65Ekp_QMo/view?usp=drivesdk,
EV-000814,Po25,,Delonix regia,Ponciana,Flamboyán,Fabaceae,Árbol,Ejemplar,1,Rivaguero,-12.0705421885398,-77.0819845050564,Sin medir,,,,,,https://drive.google.com/file/d/1Rw10rZGtkq6vvr_2b5lYDDi2KJTfXXoO/view?usp=drivesdk,
EV-000815,Po26,,Delonix regia,Ponciana,Flamboyán,Fabaceae,Árbol,Ejemplar,1,Rivaguero,-12.0704676,-77.0819674,Sin medir,,,,,,https://drive.google.com/file/d/1BDCIBlA4HOAP79uW2z0eAkcp9kT7ZXQg/view?usp=drivesdk,
EV-000816,Po27,,Delonix regia,Ponciana,Flamboyán,Fabaceae,Árbol,Ejemplar,1,Rivaguero,-12.0704189272816,-77.081942930817,Sin medir,,,,,,https://drive.google.com/file/d/1Ck-h7HZjgXaEK1QWxF259d9e8eS36KuN/view?usp=drivesdk,
EV-000817,Po28,,Delonix regia,Ponciana,Flamboyán,Fabaceae,Árbol,Ejemplar,1,Rivaguero,-12.0703710518313,-77.0819261670085,Sin medir,,,,,,https://drive.google.com/file/d/1YAkykBWfKBSagzhpg55SiEi4sprPyXgl/view?usp=drivesdk,
EV-000818,Po29,,Delonix regia,Ponciana,Flamboyán,Fabaceae,Árbol,Ejemplar,1,Rivaguero,-12.0703271006874,-77.0819107443061,Sin medir,,,,,,https://drive.google.com/file/d/1xNTF9lgVSF3ElN1JbdEEycuX9EpSMEYe/view?usp=drivesdk,
EV-000819,Po30,,Delonix regia,Ponciana,Flamboyán,Fabaceae,Árbol,Ejemplar,1,Rivaguero,-12.0702545,-77.081887,Sin medir,,,,,,https://drive.google.com/file/d/1NhiXHoIapb0jX-sjhQonD_w_HCBDFekX/view?usp=drivesdk,
EV-000820,Po31,,Delonix regia,Ponciana,Flamboyán,Fabaceae,Árbol,Ejemplar,1,Rivaguero,-12.0702182608541,-77.0818798989013,Sin medir,,,,,,https://drive.google.com/file/d/1cF7-8vIz91oBSqehHa5y6BvOvnAR20y9/view?usp=drivesdk,
EV-000821,Po32,,Delonix regia,Ponciana,Flamboyán,Fabaceae,Árbol,Ejemplar,1,Rivaguero,-12.0701671070876,-77.081861793993,Sin medir,,,,,,https://drive.google.com/file/d/1uzps5NTXWscsmgS8hBKNZ6rVqITjiCz5/view?usp=drivesdk,
EV-000822,Po33,,Delonix regia,Ponciana,Flamboyán,Fabaceae,Árbol,Ejemplar,1,Rivaguero,-12.0700910509012,-77.0818349719032,Sin medir,,,,,,https://drive.google.com/file/d/1-NKwiPts1S8KT4nX8N3WvsuFOxR5qZqI/view?usp=drivesdk,
EV-000823,Po34,,Delonix regia,Ponciana,Flamboyán,Fabaceae,Árbol,Ejemplar,1,Rivaguero,-12.070001,-77.0818149,Sin medir,,,,,,https://drive.google.com/file/d/1l71c4-xGXvE15irWJdjW27Fe4r1U2L9m/view?usp=drivesdk,
EV-000824,Po35,,Delonix regia,Ponciana,Flamboyán,Fabaceae,Árbol,Ejemplar,1,Rivaguero,-12.0699605656559,-77.0817933976637,Sin medir,,,,,,https://drive.google.com/file/d/1VAevLYRzLgkr7KTmuw3p3xMG10wmJsOa/view?usp=drivesdk,
EV-000825,Po36,,Ficus benjamina 'Variegata',Ficus variegado,Ficus blanco,Moraceae,Árbol,Ejemplar,1,Rivaguero,-12.0698231890046,-77.0817665755721,Sin medir,,,,,,https://drive.google.com/file/d/1fpyZBIfNCZvNRMX7VG01-9kLT22JtsKS/view?usp=drivesdk,
EV-000826,Po37,,Delonix regia,Ponciana,Flamboyán,Fabaceae,Árbol,Ejemplar,1,Rivaguero,-12.0699212104662,-77.0819355547407,Sin medir,,,,,,https://drive.google.com/file/d/1ClOXnn2wqi1_IT-JH7j4YNypSRXnP3xa/view?usp=drivesdk,
EV-000827,Po38,,Delonix regia,Ponciana,Flamboyán,Fabaceae,Árbol,Ejemplar,1,Rivaguero,-12.0699686,-77.0819114,Sin medir,,,,,,https://drive.google.com/file/d/1j8OxbpukvMA3ysvVMWfBdR-9YqdK2tHP/view?usp=drivesdk,
EV-000828,Po39,,Delonix regia,Ponciana,Flamboyán,Fabaceae,Árbol,Ejemplar,1,Rivaguero,-12.0700510435917,-77.08197444677,Sin medir,,,,,,https://drive.google.com/file/d/1QaWSRfQpOnHOOZCaop2o0cDJKAh-FC-3/view?usp=drivesdk,
EV-000829,Po40,,Delonix regia,Ponciana,Flamboyán,Fabaceae,Árbol,Ejemplar,1,Rivaguero,-12.0701008839502,-77.0819959044436,Sin medir,,,,,,https://drive.google.com/file/d/17VpcDkl8_pdwL8O5WK0EtwExQMbs7Gg6/view?usp=drivesdk,
EV-000830,Po41,,Delonix regia,Ponciana,Flamboyán,Fabaceae,Árbol,Ejemplar,1,Rivaguero,-12.0701598933633,-77.0820093154892,Sin medir,,,,,,https://drive.google.com/file/d/1y-pgwkLLpWPiCredliVbB75a_h-lW--m/view?usp=drivesdk,
EV-000831,Po42,,Delonix regia,Ponciana,Flamboyán,Fabaceae,Árbol,Ejemplar,1,Rivaguero,-12.0702313657174,-77.0820280909532,Sin medir,,,,,,https://drive.google.com/file/d/13PNdIpUFmLgs8MwRDcRvutJQoVVy9JY9/view?usp=drivesdk,
EV-000832,Po43,,Delonix regia,Ponciana,Flamboyán,Fabaceae,Árbol,Ejemplar,1,Rivaguero,-12.0702864500683,-77.0820522308346,Sin medir,,,,,,https://drive.google.com/file/d/1Sn4GLXw2I0KM8nVWeXfUlzRaF0W8u9hu/view?usp=drivesdk,
EV-000833,Po44,,Delonix regia,Ponciana,Flamboyán,Fabaceae,Árbol,Ejemplar,1,Rivaguero,-12.0703474271611,-77.0820663124319,Sin medir,,,,,,https://drive.google.com/file/d/14R0L6n-sJPHXPXOCKTzb-evMEFBvdBHQ/view?usp=drivesdk,
EV-000834,Po45,,Delonix regia,Ponciana,Flamboyán,Fabaceae,Árbol,Ejemplar,1,Rivaguero,-12.0704169351549,-77.0820917934161,Sin medir,,,,,,https://drive.google.com/file/d/1qx4SAqe1SArKv63HD1rEr_2q45h3jmwl/view?usp=drivesdk,
EV-000835,Po46,,Delonix regia,Ponciana,Flamboyán,Fabaceae,Árbol,Ejemplar,1,Rivaguero,-12.0704641557672,-77.0821105688764,Sin medir,,,,,,https://drive.google.com/file/d/1PIMdP88jWc-DJGWmA-wJQVVZZ4G34lFE/view?usp=drivesdk,
EV-000836,Po47,,Delonix regia,Ponciana,Flamboyán,Fabaceae,Árbol,Ejemplar,1,Rivaguero,-12.0705238298002,-77.0821347087579,Sin medir,,,,,,https://drive.google.com/file/d/1nnwAA0oY2cHQYxFpCO-C59dtgQt6qIf5/view?usp=drivesdk,
EV-000837,Po48,,Delonix regia,Ponciana,Flamboyán,Fabaceae,Árbol,Ejemplar,1,Rivaguero,-12.0705979202985,-77.0821521431169,Sin medir,,,,,,https://drive.google.com/file/d/19BwAv0ll_Bukl6AvjIAyVbojv9Q6LmQ9/view?usp=drivesdk,
EV-000838,Po49,,Delonix regia,Ponciana,Flamboyán,Fabaceae,Árbol,Ejemplar,1,Rivaguero,-12.0706556228147,-77.0821742713436,Sin medir,,,,,,https://drive.google.com/file/d/1ayywnL2XBgkQoaYZIevs9i5IlJ7R69Fl/view?usp=drivesdk,
EV-000839,Po50,,Delonix regia,Ponciana,Flamboyán,Fabaceae,Árbol,Ejemplar,1,Rivaguero,-12.0707218517372,-77.0821957290146,Sin medir,,,,,,https://drive.google.com/file/d/10-EPbGtIad0U3Qi4pubRpe6j-7AoWBc_/view?usp=drivesdk,
EV-000840,Po51,,Delonix regia,Ponciana,Flamboyán,Fabaceae,Árbol,Ejemplar,1,Rivaguero,-12.0707775872271,-77.0822138339272,Sin medir,,,,,,https://drive.google.com/file/d/1UGojfMW-yaAwqiiP8bA-NdzADJGMSirJ/view?usp=drivesdk,
EV-000841,Po52,,Delonix regia,Ponciana,Flamboyán,Fabaceae,Árbol,Ejemplar,1,Rivaguero,-12.0709973,-77.0822815,Sin medir,,,,,,https://drive.google.com/file/d/1yN-tHmveNegfSY5XvuQNJ0qPgtBCYdQe/view?usp=drivesdk,
EV-000842,Po53,,Delonix regia,Ponciana,Flamboyán,Fabaceae,Árbol,Ejemplar,1,Rivaguero,-12.0710936482217,-77.0823217928394,Sin medir,,,,,,https://drive.google.com/file/d/1FpVQfsZ2M5NHB6-V3h4uV-uBX3s0eK29/view?usp=drivesdk,
EV-000843,Po54,,Delonix regia,Ponciana,Flamboyán,Fabaceae,Árbol,Ejemplar,1,Rivaguero,-12.0711418,-77.0823205,Sin medir,,,,,,https://drive.google.com/file/d/1uHkR33ZrEa4RLY8IyEBJEE-5erdgL24k/view?usp=drivesdk,
EV-000844,Po55,,Delonix regia,Ponciana,Flamboyán,Fabaceae,Árbol,Ejemplar,1,Rivaguero,-12.0711652,-77.0823369,Sin medir,,,,,,https://drive.google.com/file/d/1As_7faduZzhJxeZbvLHjrGAHTdyLo9z7/view?usp=drivesdk,
EV-000845,Po56,,Delonix regia,Ponciana,Flamboyán,Fabaceae,Árbol,Ejemplar,1,Rivaguero,-12.0712772538347,-77.0823814719903,Sin medir,,,,,,https://drive.google.com/file/d/1ibgEYP47Hcb4ti72uabQaV1LE-mjbIDc/view?usp=drivesdk,
EV-000846,Po57,,Delonix regia,Ponciana,Flamboyán,Fabaceae,Árbol,Ejemplar,1,Rivaguero,-12.0713375846678,-77.0824042707668,Sin medir,,,,,,https://drive.google.com/file/d/1LBd_dbAXLySHKbYLZqSefYR7pS_sXWZM/view?usp=drivesdk,
EV-000847,Po58,,Delonix regia,Ponciana,Flamboyán,Fabaceae,Árbol,Ejemplar,1,Rivaguero,-12.071396593988,-77.082424387336,Sin medir,,,,,,https://drive.google.com/file/d/1JIEv7VnGNuqtKxjIL74wxtTxTSHBpgV6/view?usp=drivesdk,
EV-000848,Po59,,Delonix regia,Ponciana,Flamboyán,Fabaceae,Árbol,Ejemplar,1,Rivaguero,-12.0715867534069,-77.082490772007,Sin medir,,,,,,https://drive.google.com/file/d/16GhDS75MF0CYvBi4KsA6XafN4D-v3-uy/view?usp=drivesdk,
EV-000849,Po60,,Delonix regia,Ponciana,Flamboyán,Fabaceae,Árbol,Ejemplar,1,Rivaguero,-12.0716451071274,-77.0825068652592,Sin medir,,,,,,https://drive.google.com/file/d/1VAYcLW2XVFmCcKva5s0HdY7YF3SatEeC/view?usp=drivesdk,
EV-000850,Po61,,Delonix regia,Ponciana,Flamboyán,Fabaceae,Árbol,Ejemplar,1,Rivaguero,-12.0717034764481,-77.0825323462461,Sin medir,,,,,,https://drive.google.com/file/d/1uOCTd3ja3OStVJXqE2ZnB1aPb6Ro--wd/view?usp=drivesdk,
EV-000851,Po62,,Delonix regia,Ponciana,Flamboyán,Fabaceae,Árbol,Ejemplar,1,Rivaguero,-12.0717559331141,-77.0825470983969,Sin medir,,,,,,https://drive.google.com/file/d/1KGlCjBrC2sW-1HPl83s-N8oke7cjAhDA/view?usp=drivesdk,
EV-000852,Po63,,Delonix regia,Ponciana,Flamboyán,Fabaceae,Árbol,Ejemplar,1,Rivaguero,-12.0718293702398,-77.0825692266222,Sin medir,,,,,,https://drive.google.com/file/d/1b1g-8J0dxkIU9ZT-L6-oOno7siHQyl2Z/view?usp=drivesdk,
EV-000853,Po64,,Delonix regia,Ponciana,Flamboyán,Fabaceae,Árbol,Ejemplar,1,Rivaguero,-12.0718824851171,-77.0825880020845,Sin medir,,,,,,https://drive.google.com/file/d/1ujUDFkc7PrM9xHYPDjGu021vG0L3bjWN/view?usp=drivesdk,
EV-000854,Po65,,Delonix regia,Ponciana,Flamboyán,Fabaceae,Árbol,Ejemplar,1,Rivaguero,-12.0719395328894,-77.0826101303075,Sin medir,,,,,,https://drive.google.com/file/d/1qaZg5q7J1TCE-fP0e5IrOMhiL6CPCaxi/view?usp=drivesdk,
EV-000855,Po66,,Delonix regia,Ponciana,Flamboyán,Fabaceae,Árbol,Ejemplar,1,Rivaguero,-12.0720090471101,-77.082634940744,Sin medir,,,,,,https://drive.google.com/file/d/112HYxa1YtALQLJn1U0y_lqlXcoPFFB9U/view?usp=drivesdk,
EV-000856,Po67,,Jarava ichu,Ichu,Paja brava,Poaceae,Planta herbácea,Ejemplar,1,Rivaguero,-12.0719277628864,-77.0827549695989,Sin medir,,,,,,https://drive.google.com/file/d/1ZjWIeoXK59DD0llP5D2peJYapOCjQwnJ/view?usp=drivesdk,
EV-000857,Po68,,Jarava ichu,Ichu,Paja brava,Poaceae,Planta herbácea,Ejemplar,1,Rivaguero,-12.0718516863826,-77.0827388763431,Sin medir,,,,,,https://drive.google.com/file/d/1HUqVLn5NWPPn4o1dWFse9v3VqQgew3ZA/view?usp=drivesdk,
EV-000858,Po69,,Jarava ichu,Ichu,Paja brava,Poaceae,Planta herbácea,Ejemplar,1,Rivaguero,-12.0717776,-77.0826927,Sin medir,,,,,,https://drive.google.com/file/d/15psyPNKQugNjRSrDquNEmSv0pOGBTF1u/view?usp=drivesdk,
EV-000859,Po70,,Jarava ichu,Ichu,Paja brava,Poaceae,Planta herbácea,Ejemplar,1,Rivaguero,-12.0717272,-77.0826725,Sin medir,,,,,,https://drive.google.com/file/d/1vWWUW9m7CGv-8S6nDRq6Guy-G5T897oU/view?usp=drivesdk,
EV-000860,Po71,,Jarava ichu,Ichu,Paja brava,Poaceae,Planta herbácea,Ejemplar,1,Rivaguero,-12.0716497248338,-77.082658410073,Sin medir,,,,,,https://drive.google.com/file/d/1kMESfktjpVPPBdMcDnY3xWugjp0PLezm/view?usp=drivesdk,
EV-000861,Po72,,Jarava ichu,Ichu,Paja brava,Poaceae,Planta herbácea,Ejemplar,1,Rivaguero,-12.0715631527121,-77.0826342701879,Sin medir,,,,,,https://drive.google.com/file/d/1YWdRyGwaBwj7qbbIk4g9F7kTxuCjh9J4/view?usp=drivesdk,
EV-000862,Po73,,Jarava ichu,Ichu,Paja brava,Poaceae,Planta herbácea,Ejemplar,1,Rivaguero,-12.0714608747554,-77.0826074480973,Sin medir,,,,,,https://drive.google.com/file/d/1b_smhpo5NVB4ARWRcMtBULIUxQnsofgF/view?usp=drivesdk,
EV-000863,Po74,,Jarava ichu,Ichu,Paja brava,Poaceae,Planta herbácea,Ejemplar,1,Rivaguero,-12.0713634,-77.082563,Sin medir,,,,,,https://drive.google.com/file/d/10lYjlSsG7pZoZK9LX6vTVWTpYcEavSQh/view?usp=drivesdk,
EV-000864,Po75,,Jarava ichu,Ichu,Paja brava,Poaceae,Planta herbácea,Ejemplar,1,Rivaguero,-12.071191,-77.0824922,Sin medir,,,,,,https://drive.google.com/file/d/1r06xhCD2saVofe68C-5GOY4e1cVKRPO-/view?usp=drivesdk,
EV-000865,Po76,,Jarava ichu,Ichu,Paja brava,Poaceae,Planta herbácea,Ejemplar,1,Rivaguero,-12.0711002144505,-77.0824693143348,Sin medir,,,,,,https://drive.google.com/file/d/1h0Xqy6IPvIYjqoo9rkmPVe31gWPU6RQK/view?usp=drivesdk,
EV-000866,Po77,,Jarava ichu,Ichu,Paja brava,Poaceae,Planta herbácea,Ejemplar,1,Rivaguero,-12.0710123407494,-77.0824331045165,Sin medir,,,,,,https://drive.google.com/file/d/1GStZ9LVeMh2yyhay2dvRVpUOZDmjtJr1/view?usp=drivesdk,
EV-000867,Po78,,Jarava ichu,Ichu,Paja brava,Poaceae,Planta herbácea,Ejemplar,1,Rivaguero,-12.070891715174,-77.0824089646306,Sin medir,,,,,,https://drive.google.com/file/d/1_I6u9Zq_bJKWpSbsQfi8ISKakKFxfmnZ/view?usp=drivesdk,
EV-000868,Po79,,Jarava ichu,Ichu,Paja brava,Poaceae,Planta herbácea,Ejemplar,1,Rivaguero,-12.0707739,-77.0823657,Sin medir,,,,,,https://drive.google.com/file/d/1QIqLPInwSW2ov3-BpdX16dvcLXN0HSen/view?usp=drivesdk,
EV-000869,Po80,,Jarava ichu,Ichu,Paja brava,Poaceae,Planta herbácea,Ejemplar,1,Rivaguero,-12.0706503,-77.0823105,Sin medir,,,,,,https://drive.google.com/file/d/1EkTKxZOhP6hOXoYkEYpGVb4Hu8-Y82FF/view?usp=drivesdk,
EV-000870,Po81,,Jarava ichu,Ichu,Paja brava,Poaceae,Planta herbácea,Ejemplar,1,Rivaguero,-12.0705954,-77.0822956,Sin medir,,,,,,https://drive.google.com/file/d/1lxkm1hG5A3wdFeDWI5DDbaUPZXXJlypb/view?usp=drivesdk,
EV-000871,Po82,,Jarava ichu,Ichu,Paja brava,Poaceae,Planta herbácea,Ejemplar,1,Rivaguero,-12.070484,-77.0822406,Sin medir,,,,,,https://drive.google.com/file/d/1HBRxy2UwatDBsFOpwsC42bOMNMo0T7QE/view?usp=drivesdk,
EV-000872,Po83,,Jarava ichu,Ichu,Paja brava,Poaceae,Planta herbácea,Ejemplar,1,Rivaguero,-12.0703701,-77.0822064,Sin medir,,,,,,https://drive.google.com/file/d/17te-L4PzP-lQDvMHWLILBCjaxbf6C9FT/view?usp=drivesdk,
EV-000873,Po84,,Jarava ichu,Ichu,Paja brava,Poaceae,Planta herbácea,Ejemplar,1,Rivaguero,-12.0702687420139,-77.082186341283,Sin medir,,,,,,https://drive.google.com/file/d/170exzBdTTkvQKTLrUYQMX9y-SdEYDN7e/view?usp=drivesdk,
EV-000874,Po85,,Jarava ichu,Ichu,Paja brava,Poaceae,Planta herbácea,Ejemplar,1,Rivaguero,-12.0701756523669,-77.0821622014036,Sin medir,,,,,,https://drive.google.com/file/d/170Nl6l6LBNBxibm3CSXNvPbL2ylDXRH8/view?usp=drivesdk,
EV-000875,Po86,,Jarava ichu,Ichu,Paja brava,Poaceae,Planta herbácea,Ejemplar,1,Rivaguero,-12.0700694111572,-77.0821192860587,Sin medir,,,,,,https://drive.google.com/file/d/1n54oz__kc94qrzUh3WRVtZ2HdlcRaDPn/view?usp=drivesdk,
EV-000876,Po87,,Jarava ichu,Ichu,Paja brava,Poaceae,Planta herbácea,Ejemplar,1,Rivaguero,-12.070005152668,-77.0820951461744,Sin medir,,,,,,https://drive.google.com/file/d/1-1q3KjeqCC4VQ_48u2_qfmWFaMgtAo2X/view?usp=drivesdk,
EV-000877,Po88,,Jarava ichu,Ichu,Paja brava,Poaceae,Planta herbácea,Ejemplar,1,Rivaguero,-12.0699185850399,-77.0820669829756,Sin medir,,,,,,https://drive.google.com/file/d/1IQg7n0LJlv3gwaVFAUg9ha8jVO7rsLbB/view?usp=drivesdk,
EV-000878,Po89,,Ficus benjamina,Ficus benjamina,,Moraceae,Árbol,Ejemplar,1,Rivaguero,-12.0695172778453,-77.0816740393605,Sin medir,,,,,,https://drive.google.com/file/d/1sSf0xC7Mmdn43Cf8vo6rELmWOllKQQPK/view?usp=drivesdk,
EV-000879,Po90,,Delonix regia,Ponciana,Flamboyán,Fabaceae,Árbol,Ejemplar,1,Rivaguero,-12.069359912783,-77.0816136896586,Sin medir,,,,,,https://drive.google.com/file/d/1V1H7KgZXRZP-vfV2JLJ6XwL7_AAHay7y/view?usp=drivesdk,
EV-000880,Po91,,Delonix regia,Ponciana,Flamboyán,Fabaceae,Árbol,Ejemplar,1,Rivaguero,-12.0693061397015,-77.0815922319866,Sin medir,,,,,,https://drive.google.com/file/d/15UP4da6S84s6tOyQYFHUBUO46Xxy4RTK/view?usp=drivesdk,
EV-000881,Po92,,Delonix regia,Ponciana,Flamboyán,Fabaceae,Árbol,Ejemplar,1,Rivaguero,-12.0692444971301,-77.0815734565266,Sin medir,,,,,,https://drive.google.com/file/d/1324W2pFTGXoYRC6j-_DXIbjWzKTxQFCJ/view?usp=drivesdk,
EV-000882,Po93,,Delonix regia,Ponciana,Flamboyán,Fabaceae,Árbol,Ejemplar,1,Rivaguero,-12.0691564,-77.0815442,Sin medir,,,,,,https://drive.google.com/file/d/1Qq7tkg_zNc_r8QUgxDT48Sy0sVCL1fqY/view?usp=drivesdk,
EV-000883,Po94,,Delonix regia,Ponciana,Flamboyán,Fabaceae,Árbol,Ejemplar,1,Rivaguero,-12.0691039,-77.0815288,Sin medir,,,,,,https://drive.google.com/file/d/1EKAzvoAlKOMNz6CB2lzP9nQCN_gitNBv/view?usp=drivesdk,
EV-000884,Po95,,Delonix regia,Ponciana,Flamboyán,Fabaceae,Árbol,Ejemplar,1,Rivaguero,-12.0690397,-77.081508,Sin medir,,,,,,https://drive.google.com/file/d/13-aW9LWTzQUm5CosggDF3SlI6Mb1UPEF/view?usp=drivesdk,
EV-000885,Po96,,Delonix regia,Ponciana,Flamboyán,Fabaceae,Árbol,Ejemplar,1,Rivaguero,-12.0689677,-77.0814931,Sin medir,,,,,,https://drive.google.com/file/d/1g52mUhucuwYBOUvv_6D-Q0grvTLtMvZi/view?usp=drivesdk,
EV-000886,Po97,,Delonix regia,Ponciana,Flamboyán,Fabaceae,Árbol,Ejemplar,1,Rivaguero,-12.0688973,-77.0814577,Sin medir,,,,,,https://drive.google.com/file/d/1WI7SpbCKfTkEiK9w4aBFagk6gnbiDnZx/view?usp=drivesdk,
EV-000887,Po98,,Delonix regia,Ponciana,Flamboyán,Fabaceae,Árbol,Ejemplar,1,Rivaguero,-12.0688722,-77.0814643,Sin medir,,,,,,https://drive.google.com/file/d/1No-NWRvHMmAFZ4SX2TrOhdM2DUr9qW17/view?usp=drivesdk,
EV-000888,Po99,,Delonix regia,Ponciana,Flamboyán,Fabaceae,Árbol,Ejemplar,1,Rivaguero,-12.0688012,-77.0814383,Sin medir,,,,,,https://drive.google.com/file/d/1zbff5eVXPdHHlh_xMO6ME5ZlWMsdR0Ni/view?usp=drivesdk,
EV-000889,Po100,,Delonix regia,Ponciana,Flamboyán,Fabaceae,Árbol,Ejemplar,1,Rivaguero,-12.068733,-77.081433,Sin medir,,,,,,https://drive.google.com/file/d/1sAqzMdvZk9S0SMK4ZTDo9yVp68HYnrzJ/view?usp=drivesdk,
EV-000890,Po101,,Delonix regia,Ponciana,Flamboyán,Fabaceae,Árbol,Ejemplar,1,Rivaguero,-12.0686722,-77.0814302,Sin medir,,,,,,https://drive.google.com/file/d/1JUxUtKS0JDSkbZyipKrGPLGIhYpNWIDQ/view?usp=drivesdk,
EV-000891,Po102,,Delonix regia,Ponciana,Flamboyán,Fabaceae,Árbol,Ejemplar,1,Rivaguero,-12.0686149,-77.0814317,Sin medir,,,,,,https://drive.google.com/file/d/14k7RIjbgoPwUxXAdTQPXKKaVap7vzeHT/view?usp=drivesdk,
EV-000892,Po103,,Delonix regia,Ponciana,Flamboyán,Fabaceae,Árbol,Ejemplar,1,Rivaguero,-12.0685499,-77.0814083,Sin medir,,,,,,https://drive.google.com/file/d/1sNcja-_JaCFKFAPu3S4pLtFzJDlWlWHH/view?usp=drivesdk,
EV-000893,Po104,,Delonix regia,Ponciana,Flamboyán,Fabaceae,Árbol,Ejemplar,1,Rivaguero,-12.0684808,-77.0814055,Sin medir,,,,,,https://drive.google.com/file/d/1AxP3Mjb93yhuDUaozc9BXicNXhviSyqj/view?usp=drivesdk,
EV-000894,Po105,,Delonix regia,Ponciana,Flamboyán,Fabaceae,Árbol,Ejemplar,1,Rivaguero,-12.0683422160058,-77.0813830196841,Sin medir,,,,,,https://drive.google.com/file/d/1TJNUtt7RtM-_povwX5QH7Bra8hd8bjNn/view?usp=drivesdk,
EV-000895,Po106,,Delonix regia,Ponciana,Flamboyán,Fabaceae,Árbol,Ejemplar,1,Rivaguero,-12.0682779574613,-77.0813776552666,Sin medir,,,,,,https://drive.google.com/file/d/1cJo_4jocnRYrjod0F7xrRAVShdrzCWZt/view?usp=drivesdk,
EV-000896,Po107,,Delonix regia,Ponciana,Flamboyán,Fabaceae,Árbol,Ejemplar,1,Rivaguero,-12.0682031,-77.0813584,Sin medir,,,,,,https://drive.google.com/file/d/1VhjF0UHUBjvWXMIADHY3esvQek6xuFNk/view?usp=drivesdk,
EV-000897,Po108,,Delonix regia,Ponciana,Flamboyán,Fabaceae,Árbol,Ejemplar,1,Rivaguero,-12.0681358,-77.0813445,Sin medir,,,,,,https://drive.google.com/file/d/1T5IYPRsbiiaO3yA391Mi9uVaoL99Yu2s/view?usp=drivesdk,
EV-000898,Po109,,Delonix regia,Ponciana,Flamboyán,Fabaceae,Árbol,Ejemplar,1,Rivaguero,-12.0680746846243,-77.0813454687578,Sin medir,,,,,,https://drive.google.com/file/d/1sIi5cP1FL5ByxyKLDVahpUj01g-5qMTs/view?usp=drivesdk,
EV-000899,Po110,,Delonix regia,Ponciana,Flamboyán,Fabaceae,Árbol,Ejemplar,1,Rivaguero,-12.0680135,-77.0813418,Sin medir,,,,,,https://drive.google.com/file/d/1IjKZy_YdswUfDuLCJTDI9FHO0Uhoknnk/view?usp=drivesdk,
EV-000900,Po111,,Delonix regia,Ponciana,Flamboyán,Fabaceae,Árbol,Ejemplar,1,Rivaguero,-12.0679778,-77.0813293,Sin medir,,,,,,https://drive.google.com/file/d/1igRjXpymJ9vEKSSj27pl8FxChiPt4XrZ/view?usp=drivesdk,
EV-000901,Po112,,Delonix regia,Ponciana,Flamboyán,Fabaceae,Árbol,Ejemplar,1,Rivaguero,-12.0678936997505,-77.0813280344001,Sin medir,,,,,,https://drive.google.com/file/d/1NW-K0d1bP7qgX9TrNvv8S5CZMKA8r6ty/view?usp=drivesdk,
EV-000902,Po113,,Delonix regia,Ponciana,Flamboyán,Fabaceae,Árbol,Ejemplar,1,Rivaguero,-12.067816,-77.0813259,Sin medir,,,,,,https://drive.google.com/file/d/1XWBTVJq09P4u99kuYl2J_gQu89WcsPtO/view?usp=drivesdk,
EV-000903,Po114,,Delonix regia,Ponciana,Flamboyán,Fabaceae,Árbol,Ejemplar,1,Rivaguero,-12.0677858,-77.0813232,Sin medir,,,,,,https://drive.google.com/file/d/1l327QZY7FsH-IXS_OLp9BgghgXkzxdIR/view?usp=drivesdk,
EV-000904,Po115,,Delonix regia,Ponciana,Flamboyán,Fabaceae,Árbol,Ejemplar,1,Rivaguero,-12.0677293,-77.0813141,Sin medir,,,,,,https://drive.google.com/file/d/1AQgRX2m6BUvEu2Dv-CYI_bnoYjOMVa-x/view?usp=drivesdk,
EV-000905,Po116,,Delonix regia,Ponciana,Flamboyán,Fabaceae,Árbol,Ejemplar,1,Rivaguero,-12.0676008,-77.0813243,Sin medir,,,,,,https://drive.google.com/file/d/1I83JL_9ZdvBPsfih9I3Vy-KmSZgbBvE0/view?usp=drivesdk,
EV-000906,Po117,,Delonix regia,Ponciana,Flamboyán,Fabaceae,Árbol,Ejemplar,1,Rivaguero,-12.067547,-77.0813144,Sin medir,,,,,,https://drive.google.com/file/d/1g7dYaLfnzJdw_2kQM2iB6r9-dGjgGS-B/view?usp=drivesdk,
EV-000907,Po118,,Delonix regia,Ponciana,Flamboyán,Fabaceae,Árbol,Ejemplar,1,Rivaguero,-12.0674845131733,-77.0813119411446,Sin medir,,,,,,https://drive.google.com/file/d/1AfHn0V5RTRMzmMO9jibjD7v-rWaUf-MT/view?usp=drivesdk,
EV-000908,Po119,,Delonix regia,Ponciana,Flamboyán,Fabaceae,Árbol,Ejemplar,1,Rivaguero,-12.0675418,-77.0814399,Sin medir,,,,,,https://drive.google.com/file/d/1nPEIdLUOcI-xXOJtlF3sS7J0_eSg-rss/view?usp=drivesdk,
EV-000909,Po120,,Delonix regia,Ponciana,Flamboyán,Fabaceae,Árbol,Ejemplar,1,Rivaguero,-12.0676133,-77.0814383,Sin medir,,,,,,https://drive.google.com/file/d/1VobvqTLrW7HumVUmtHNVwtViV9HSaivc/view?usp=drivesdk,
EV-000910,Po121,,Delonix regia,Ponciana,Flamboyán,Fabaceae,Árbol,Ejemplar,1,Rivaguero,-12.067673,-77.0814541,Sin medir,,,,,,https://drive.google.com/file/d/1elAm-VJfec7ZJpYubZar5Ff_YzPd0geb/view?usp=drivesdk,
EV-000911,Po122,,Delonix regia,Ponciana,Flamboyán,Fabaceae,Árbol,Ejemplar,1,Rivaguero,-12.0677487,-77.0814383,Sin medir,,,,,,https://drive.google.com/file/d/1NIJrBbEYJAFihZeies4eo6WLKeNAJ3vT/view?usp=drivesdk,
EV-000912,Po123,,Delonix regia,Ponciana,Flamboyán,Fabaceae,Árbol,Ejemplar,1,Rivaguero,-12.0678124,-77.0814475,Sin medir,,,,,,https://drive.google.com/file/d/1mHVl7ElRykzODDkhDqyKoXLZXMcpUYxO/view?usp=drivesdk,
EV-000913,Po124,,Delonix regia,Ponciana,Flamboyán,Fabaceae,Árbol,Ejemplar,1,Rivaguero,-12.0678818872168,-77.0814701914809,Sin medir,,,,,,https://drive.google.com/file/d/1CcwzFjYZv1r1Qxt9dxztezITxKUUnSdf/view?usp=drivesdk,
EV-000914,Po125,,Delonix regia,Ponciana,Flamboyán,Fabaceae,Árbol,Ejemplar,1,Rivaguero,-12.0679231,-77.0814606,Sin medir,,,,,,https://drive.google.com/file/d/16DJ26Q8veP8Air65oq0slZjLwqDI849R/view?usp=drivesdk,
EV-000915,Po126,,Delonix regia,Ponciana,Flamboyán,Fabaceae,Árbol,Ejemplar,1,Rivaguero,-12.0680065,-77.0814717,Sin medir,,,,,,https://drive.google.com/file/d/1zreU_aN_79Mm4evI38d1ajHWipqnZHtj/view?usp=drivesdk,
EV-000916,Po127,,Delonix regia,Ponciana,Flamboyán,Fabaceae,Árbol,Ejemplar,1,Rivaguero,-12.0680754,-77.0814746,Sin medir,,,,,,https://drive.google.com/file/d/1VBcv-AHH4WyZhFs6z7pnVcaOrQ8mYwYG/view?usp=drivesdk,
EV-000917,Po128,,Delonix regia,Ponciana,Flamboyán,Fabaceae,Árbol,Ejemplar,1,Rivaguero,-12.0681096,-77.0814846,Sin medir,,,,,,https://drive.google.com/file/d/1QdzxaqEKX-OYz7_JNAHzjdN0gOB1ebsD/view?usp=drivesdk,
EV-000918,Po129,,Delonix regia,Ponciana,Flamboyán,Fabaceae,Árbol,Ejemplar,1,Rivaguero,-12.0682174,-77.081507,Sin medir,,,,,,https://drive.google.com/file/d/1Yw5x43BVoBdtw3ADyURo3sKLFLcnEdmd/view?usp=drivesdk,
EV-000919,Po130,,Delonix regia,Ponciana,Flamboyán,Fabaceae,Árbol,Ejemplar,1,Rivaguero,-12.0682462,-77.081502,Sin medir,,,,,,https://drive.google.com/file/d/1xVmfoDn_-P_7MHYGSS8xzlREyCbQ2EAU/view?usp=drivesdk,
EV-000920,Po131,,Delonix regia,Ponciana,Flamboyán,Fabaceae,Árbol,Ejemplar,1,Rivaguero,-12.0685135,-77.0815501,Sin medir,,,,,,https://drive.google.com/file/d/16_LCPMlaXW8yv8Kxwv9Z9hUBFrBnE9LE/view?usp=drivesdk,
EV-000921,Po132,,Delonix regia,Ponciana,Flamboyán,Fabaceae,Árbol,Ejemplar,1,Rivaguero,-12.0685686,-77.0815629,Sin medir,,,,,,https://drive.google.com/file/d/1jHtuAcjKe_mbfj-GdCvyx3cNKM8pZISB/view?usp=drivesdk,
EV-000922,Po133,,Delonix regia,Ponciana,Flamboyán,Fabaceae,Árbol,Ejemplar,1,Rivaguero,-12.0686255011901,-77.0815680921055,Sin medir,,,,,,https://drive.google.com/file/d/1Py_BoKAGGnFOAps0DBOIp_7p-TiISXk0/view?usp=drivesdk,
EV-000923,Po134,,Delonix regia,Ponciana,Flamboyán,Fabaceae,Árbol,Ejemplar,1,Rivaguero,-12.068703,-77.0815772,Sin medir,,,,,,https://drive.google.com/file/d/1HLwIIpemyvgQSfR3z6PF0uR3C7gSZQ3B/view?usp=drivesdk,
EV-000924,Po135,,Delonix regia,Ponciana,Flamboyán,Fabaceae,Árbol,Ejemplar,1,Rivaguero,-12.0687503,-77.0816043,Sin medir,,,,,,https://drive.google.com/file/d/1HZT2sp2FR4JEgmHLhjVwZdD5_aICzmJc/view?usp=drivesdk,
EV-000925,Po136,,Delonix regia,Ponciana,Flamboyán,Fabaceae,Árbol,Ejemplar,1,Rivaguero,-12.068814,-77.0815878,Sin medir,,,,,,https://drive.google.com/file/d/1s4iZPYju_rnlH-1hN2n_YfpnROiTsOwK/view?usp=drivesdk,
EV-000926,Po137,,Delonix regia,Ponciana,Flamboyán,Fabaceae,Árbol,Ejemplar,1,Rivaguero,-12.0688699,-77.0816173,Sin medir,,,,,,https://drive.google.com/file/d/1UxGyXwJZT4PchCntvXK3JR7uHJf01dF7/view?usp=drivesdk,
EV-000927,Po138,,Delonix regia,Ponciana,Flamboyán,Fabaceae,Árbol,Ejemplar,1,Rivaguero,-12.0689255,-77.0816405,Sin medir,,,,,,https://drive.google.com/file/d/1BvJa5V3We9n_XGk0C7lTzgkFKU1E8EPo/view?usp=drivesdk,
EV-000928,Po139,,Delonix regia,Ponciana,Flamboyán,Fabaceae,Árbol,Ejemplar,1,Rivaguero,-12.0690151,-77.0816419,Sin medir,,,,,,https://drive.google.com/file/d/1uFg8A5a1NwwQ4nqf_q33Y0QxD-Wf14GC/view?usp=drivesdk,
EV-000929,Po140,,Delonix regia,Ponciana,Flamboyán,Fabaceae,Árbol,Ejemplar,1,Rivaguero,-12.069061,-77.0816555,Sin medir,,,,,,https://drive.google.com/file/d/1GieG3LyGd0n7tBpKhlwn-V5dDyUJ5r9A/view?usp=drivesdk,
EV-000930,Po141,,Delonix regia,Ponciana,Flamboyán,Fabaceae,Árbol,Ejemplar,1,Rivaguero,-12.0691448268529,-77.0816928148271,Sin medir,,,,,,https://drive.google.com/file/d/1mTCxVRGwehV9sK6UrMeWmFGpTGP3o1yZ/view?usp=drivesdk,
EV-000931,Po142,,Delonix regia,Ponciana,Flamboyán,Fabaceae,Árbol,Ejemplar,1,Rivaguero,-12.0692104027515,-77.0817115902876,Sin medir,,,,,,https://drive.google.com/file/d/1oUBmveMvhGnYJZuxD9e1-oLkHM2rPGC5/view?usp=drivesdk,
EV-000932,Po143,,Delonix regia,Ponciana,Flamboyán,Fabaceae,Árbol,Ejemplar,1,Rivaguero,-12.0692681030541,-77.0817276835408,Sin medir,,,,,,https://drive.google.com/file/d/1vmOUXf6mAd4ZJhpvTHF3eeGCv6guYbM7/view?usp=drivesdk,
EV-000933,Po144,,Delonix regia,Ponciana,Flamboyán,Fabaceae,Árbol,Ejemplar,1,Rivaguero,-12.069331061028,-77.0817370712729,Sin medir,,,,,,https://drive.google.com/file/d/1mLj9TJC0dT2q3owanHM3B5z1nERBiufg/view?usp=drivesdk,
EV-000934,Po145,,Jarava ichu,Ichu,Paja brava,Poaceae,Planta herbácea,Ejemplar,1,Rivaguero,-12.0693244965504,-77.0818805694563,Sin medir,,,,,,https://drive.google.com/file/d/1CZ0-lU-mdEXNJsJSwe3G7TmJuPY4kfP-/view?usp=drivesdk,
EV-000935,Po146,,Jarava ichu,Ichu,Paja brava,Poaceae,Planta herbácea,Ejemplar,1,Rivaguero,-12.0692530020602,-77.0818658173057,Sin medir,,,,,,https://drive.google.com/file/d/1-SCTtU5Y_b6F4v3xgrqfsnRgiCeYSZS7/view?usp=drivesdk,
EV-000936,Po147,,Jarava ichu,Ichu,Paja brava,Poaceae,Planta herbácea,Ejemplar,1,Rivaguero,-12.0691120475116,-77.0818202197541,Sin medir,,,,,,https://drive.google.com/file/d/1WA6HxYBqPsRLZmIjQtU5edl5WgElpNZ-/view?usp=drivesdk,
EV-000937,Po148,,Jarava ichu,Ichu,Paja brava,Poaceae,Planta herbácea,Ejemplar,1,Rivaguero,-12.0690338,-77.0817977,Sin medir,,,,,,https://drive.google.com/file/d/1G-1VL1de7n5KApPA3NS89wvIWUY8I--N/view?usp=drivesdk,
EV-000938,Po149,,Jarava ichu,Ichu,Paja brava,Poaceae,Planta herbácea,Ejemplar,1,Rivaguero,-12.0689559757268,-77.0817866921425,Sin medir,,,,,,https://drive.google.com/file/d/16NDtPKc4CbExjITafNI2JDllytlf_WZL/view?usp=drivesdk,
EV-000939,Po150,,Jarava ichu,Ichu,Paja brava,Poaceae,Planta herbácea,Ejemplar,1,Rivaguero,-12.0688300405652,-77.0817545056319,Sin medir,,,,,,https://drive.google.com/file/d/11ZDOE4Vydzlla-ZwHqyLORtkNzWJmte1/view?usp=drivesdk,
EV-000940,Po151,,Jarava ichu,Ichu,Paja brava,Poaceae,Planta herbácea,Ejemplar,1,Rivaguero,-12.0687710470108,-77.0817357301763,Sin medir,,,,,,https://drive.google.com/file/d/1TiiaVC3JEaZIg110UMQuth7gZcLu1jm3/view?usp=drivesdk,
EV-000941,Po152,,Jarava ichu,Ichu,Paja brava,Poaceae,Planta herbácea,Ejemplar,1,Rivaguero,-12.0684788,-77.0816874,Sin medir,,,,,,https://drive.google.com/file/d/1BLSCsJdRQmMQIP57P7_O6tIYSd4ea3wi/view?usp=drivesdk,
EV-000942,Po153,,Jarava ichu,Ichu,Paja brava,Poaceae,Planta herbácea,Ejemplar,1,Rivaguero,-12.0683382862779,-77.0816659927349,Sin medir,,,,,,https://drive.google.com/file/d/1qYs8_C8X72bSXbsO5LsqDAecNxyZ2t6p/view?usp=drivesdk,
EV-000943,Po154,,Jarava ichu,Ichu,Paja brava,Poaceae,Planta herbácea,Ejemplar,1,Rivaguero,-12.068243,-77.0816575,Sin medir,,,,,,https://drive.google.com/file/d/1QHvDDkUEW-jEWw4ouLv4oyQWY1DH5pJx/view?usp=drivesdk,
EV-000944,Po155,,Jarava ichu,Ichu,Paja brava,Poaceae,Planta herbácea,Ejemplar,1,Rivaguero,-12.068142874384,-77.0816324651224,Sin medir,,,,,,https://drive.google.com/file/d/1qmx9iG3vAR9CTmj04-gf8zABy-NHRFCv/view?usp=drivesdk,
EV-000945,Po156,,Jarava ichu,Ichu,Paja brava,Poaceae,Planta herbácea,Ejemplar,1,Rivaguero,-12.0680407,-77.0816179,Sin medir,,,,,,https://drive.google.com/file/d/1vCdW2Yr8JjPkbUo4xIopA3QAI_hxzO_q/view?usp=drivesdk,
EV-000946,Po157,,Jarava ichu,Ichu,Paja brava,Poaceae,Planta herbácea,Ejemplar,1,Rivaguero,-12.0679459,-77.0816073,Sin medir,,,,,,https://drive.google.com/file/d/1MsDtQWJKXH41ONGSGxV-v5E_Fj6HYkkV/view?usp=drivesdk,
EV-000947,Po158,,Jarava ichu,Ichu,Paja brava,Poaceae,Planta herbácea,Ejemplar,1,Rivaguero,-12.067880575391,-77.0816136896635,Sin medir,,,,,,https://drive.google.com/file/d/1Kgh27JIlHWItVUnqAGZZa4YzaznLlYPl/view?usp=drivesdk,
EV-000948,Po159,,Jarava ichu,Ichu,Paja brava,Poaceae,Planta herbácea,Ejemplar,1,Rivaguero,-12.0678251,-77.0816161,Sin medir,,,,,,https://drive.google.com/file/d/1W5e02hRXQxfmwiSiDfOFjwnoAyJQrNLw/view?usp=drivesdk,
EV-000949,Po160,,Jarava ichu,Ichu,Paja brava,Poaceae,Planta herbácea,Ejemplar,1,Rivaguero,-12.0676655008359,-77.0815989375097,Sin medir,,,,,,https://drive.google.com/file/d/1HBVUAPvEdqm6YB-HdAx6yCxxAkYXauXH/view?usp=drivesdk,
EV-000950,Po161,,Jarava ichu,Ichu,Paja brava,Poaceae,Planta herbácea,Ejemplar,1,Rivaguero,-12.0675685,-77.0815996,Sin medir,,,,,,https://drive.google.com/file/d/1V7y_q2kO9uV4PnZ9tbiMXvgvw4Kiswse/view?usp=drivesdk,
EV-000951,BH1,,Ceiba speciosa,Palo borracho,Ceiba,Malvaceae,Árbol,Ejemplar,1,Bosque húmedo,-12.0736718994297,-77.0797287962311,Sin medir,,,,,,https://drive.google.com/file/d/1TrxdLAJp3CZSsULdga05bsoSR_jn5pEr/view?usp=drivesdk,
EV-000952,BH2,,Ceiba speciosa,Palo borracho,Ceiba,Malvaceae,Árbol,Ejemplar,1,Bosque húmedo,-12.0736797733147,-77.0797093479582,Sin medir,,,,,,https://drive.google.com/file/d/197xeOYzp2cgrdBGPSGoZLI6D-8Xv_78J/view?usp=drivesdk,
EV-000953,BH3,,Ceiba speciosa,Palo borracho,Ceiba,Malvaceae,Árbol,Ejemplar,1,Bosque húmedo,-12.0736882972271,-77.079689228446,Sin medir,,,,,,https://drive.google.com/file/d/1_YCLsJuJ_4tjoCzUFdREG2wyGee4hneM/view?usp=drivesdk,
EV-000954,BH4,,Ceiba speciosa,Palo borracho,Ceiba,Malvaceae,Árbol,Ejemplar,1,Bosque húmedo,-12.0737007633353,-77.0796670974733,Sin medir,,,,,,https://drive.google.com/file/d/1asYXFBNseaGke6oRFJrg1ltYfdAgWPyQ/view?usp=drivesdk,
EV-000955,BH5,,Ceiba speciosa,Palo borracho,Ceiba,Malvaceae,Árbol,Ejemplar,1,Bosque húmedo,-12.0737073222786,-77.0796456383289,Sin medir,,,,,,https://drive.google.com/file/d/1XHi4OxVdhxkAak9VW0CnwGbwHIGK9PbI/view?usp=drivesdk,
EV-000956,BH6,,Ceiba speciosa,Palo borracho,Ceiba,Malvaceae,Árbol,Ejemplar,1,Bosque húmedo,-12.0737185010282,-77.0796275298845,Sin medir,,,,,,https://drive.google.com/file/d/1Ywow-kygiuIcHweTzSJAhYUkuOUafUST/view?usp=drivesdk,
EV-000957,BH7,,Ceiba speciosa,Palo borracho,Ceiba,Malvaceae,Árbol,Ejemplar,1,Bosque húmedo,-12.0737244200137,-77.0796040583962,Sin medir,,,,,,https://drive.google.com/file/d/1yh44Iie2Nt3bUBJD3O4JS3yCToSK8Ih0/view?usp=drivesdk,
EV-000958,BH8,5217,Ceiba speciosa,Palo borracho,Ceiba,Malvaceae,Árbol,Ejemplar,1,Bosque húmedo,-12.073726387609,-77.0795866214856,Sin medir,,,,,,https://drive.google.com/file/d/1Wo8FRdZw4Pu6Zue1HW2_LKUHKH6LhCAZ/view?usp=drivesdk,
EV-000959,BH9,,Ceiba speciosa,Palo borracho,Ceiba,Malvaceae,Árbol,Ejemplar,1,Bosque húmedo,-12.0737172106057,-77.0795651645988,Sin medir,,,,,,https://drive.google.com/file/d/1j5ON2VtMD0np5hkR1mGmANcYxnUIIXeN/view?usp=drivesdk,
EV-000960,BH10,,Ceiba speciosa,Palo borracho,Ceiba,Malvaceae,Árbol,Ejemplar,1,Bosque húmedo,-12.0737211523637,-77.0795383437846,Sin medir,,,,,,https://drive.google.com/file/d/1irbDYXhE3Cq69QpuHBtyruclTd3O5BzB/view?usp=drivesdk,
EV-000961,BH11,,Ceiba speciosa,Palo borracho,Ceiba,Malvaceae,Árbol,Ejemplar,1,Bosque húmedo,-12.0738178,-77.079335,Sin medir,,,,,,https://drive.google.com/file/d/1kZYO0RYAnSzKwxQ0oDYQ_efohvlTYKpR/view?usp=drivesdk,
EV-000962,BH12,,Ceiba speciosa,Palo borracho,Ceiba,Malvaceae,Árbol,Ejemplar,1,Bosque húmedo,-12.0737375177588,-77.0794854098106,Sin medir,,,,,,https://drive.google.com/file/d/1sbUxuQEBmyVzkV9CFX2_xA9dr-vLSI_V/view?usp=drivesdk,
EV-000963,BH13,,Ceiba speciosa,Palo borracho,Ceiba,Malvaceae,Árbol,Ejemplar,1,Bosque húmedo,-12.0737538761476,-77.0794579021507,Sin medir,,,,,,https://drive.google.com/file/d/1a1lV1D9j1YbTw1r_DrzPpXJOH19Fh63d/view?usp=drivesdk,
EV-000964,BH14,,Ceiba speciosa,Palo borracho,Ceiba,Malvaceae,Árbol,Ejemplar,1,Bosque húmedo,-12.0737630746033,-77.0794290584903,Sin medir,,,,,,https://drive.google.com/file/d/1rWCSIm-JVvf2fJIEJYUZnBnTdS7SAvZc/view?usp=drivesdk,
EV-000965,BH15,,Ceiba speciosa,Palo borracho,Ceiba,Malvaceae,Árbol,Ejemplar,1,Bosque húmedo,-12.0737650527062,-77.0794049089901,Sin medir,,,,,,https://drive.google.com/file/d/19PRYAVxEqqWqD_NUhug9XrB6hOsNv4lY/view?usp=drivesdk,
