{"type": "FeatureCollection", "metadata": {"origen": "Reconstruccion WGS84 desde el prototipo v32 (transformacion afin calibrada, ~4 cm RMS).", "licencia": "Contornos y alturas © colaboradores de OpenStreetMap (ODbL). Requiere atribucion visible."}, "features": [{"type": "Feature", "properties": {"layer": "edificios_campus", "h": 9.6, "n": "CEPREPUC (Pabellon P)", "c": 1, "t": "university", "id": "relation/5760591", "e": 0, "lv": "3", "feature_index": 1}, "geometry": {"type": "Polygon", "coordinates": [[[-77.07895529, -12.072589559], [-77.078581407, -12.07266733], [-77.078595183, -12.07273154], [-77.078582322, -12.072734253], [-77.078629163, -12.072950396], [-77.078650291, -12.072945875], [-77.078674171, -12.073053494], [-77.079037949, -12.072978436], [-77.079026009, -12.072925983], [-77.079050812, -12.072920557], [-77.079033361, -12.07284459], [-77.079053571, -12.072840069], [-77.079026018, -12.072714362], [-77.079008564, -12.072717979], [-77.078990195, -12.072633873], [-77.078966311, -12.072639299], [-77.07895529, -12.072589559]], [[-77.078966308, -12.072702604], [-77.07900029, -12.072868103], [-77.078853309, -12.072897041], [-77.078847798, -12.072871719], [-77.078839531, -12.07286358], [-77.07882024, -12.072862675], [-77.07881381, -12.072868101], [-77.078808297, -12.072879858], [-77.078813808, -12.072907893], [-77.07869806, -12.072930501], [-77.078688876, -12.072881665], [-77.0786999, -12.072879857], [-77.07868796, -12.07281836], [-77.078671425, -12.072821073], [-77.078660404, -12.072764098], [-77.078780745, -12.072740585], [-77.078787174, -12.072769525], [-77.078795441, -12.072779473], [-77.078805546, -12.072783091], [-77.078818406, -12.072780378], [-77.078824837, -12.072774952], [-77.078832187, -12.072760482], [-77.078825758, -12.072729734], [-77.078966308, -12.072702604]]]}}, {"type": "Feature", "properties": {"layer": "edificios_campus", "h": 8.0, "n": "Comedor Central", "c": 1, "t": "university", "id": "relation/7127770", "e": 0, "lv": "", "feature_index": 2}, "geometry": {"type": "Polygon", "coordinates": [[[-77.081480683, -12.070282555], [-77.081335544, -12.070205682], [-77.081301551, -12.070287074], [-77.081260214, -12.070262656], [-77.08123449, -12.070334101], [-77.08116743, -12.07034857], [-77.081216115, -12.070391075], [-77.081181203, -12.070495077], [-77.081181201, -12.070542104], [-77.081190386, -12.070564713], [-77.081214269, -12.070587322], [-77.081247339, -12.070602697], [-77.081384215, -12.070578281], [-77.08140993, -12.070717553], [-77.081412686, -12.070730214], [-77.081426464, -12.070741971], [-77.081439325, -12.070740163], [-77.081450349, -12.070732024], [-77.081452187, -12.070721171], [-77.08145035, -12.070707606], [-77.081522003, -12.07069585], [-77.081502717, -12.070585517], [-77.081633162, -12.070563814], [-77.08162857, -12.07053397], [-77.081607442, -12.070537587], [-77.081601931, -12.070505934], [-77.081634083, -12.070501413], [-77.081636839, -12.070516787], [-77.081734213, -12.070501414], [-77.081706661, -12.070364855], [-77.081644194, -12.070381132], [-77.08161756, -12.070240956], [-77.081540397, -12.070197545], [-77.081480683, -12.070282555]], [[-77.081442097, -12.070371182], [-77.081352069, -12.070446243], [-77.081333696, -12.070453478], [-77.08132451, -12.070448956], [-77.081318999, -12.070429964], [-77.081359423, -12.070316015], [-77.081442097, -12.070371182]]]}}, {"type": "Feature", "properties": {"layer": "edificios_campus", "h": 8.0, "n": "Matemáticas", "c": 1, "t": "university", "id": "relation/7127771", "e": 1, "lv": "", "feature_index": 3}, "geometry": {"type": "Polygon", "coordinates": [[[-77.081476976, -12.071026847], [-77.081439321, -12.070826077], [-77.081419112, -12.070829695], [-77.081415438, -12.07080799], [-77.081375937, -12.07081432], [-77.081372263, -12.070798041], [-77.0811867, -12.070830596], [-77.081199558, -12.070902041], [-77.081107695, -12.070918319], [-77.081094833, -12.070941832], [-77.081092994, -12.070984337], [-77.081100341, -12.071021416], [-77.081112282, -12.071053973], [-77.081132492, -12.071050356], [-77.08113892, -12.071087435], [-77.081364903, -12.071046741], [-77.081367659, -12.071061211], [-77.081451254, -12.071045838], [-77.081448499, -12.071031368], [-77.081476976, -12.071026847]], [[-77.08137961, -12.070847781], [-77.081395223, -12.070923748], [-77.081416352, -12.070920131], [-77.08142921, -12.070980723], [-77.081360313, -12.070994288], [-77.081356639, -12.070975296], [-77.081247322, -12.070997], [-77.081223443, -12.070878528], [-77.08137961, -12.070847781]]]}}, {"type": "Feature", "properties": {"layer": "edificios_campus", "h": 9.6, "n": "Facultad de Estudios Generales Ciencias (Pabellon E)", "c": 1, "t": "university", "id": "relation/14279630", "e": 0, "lv": "3", "feature_index": 4}, "geometry": {"type": "Polygon", "coordinates": [[[-77.079166627, -12.071336112], [-77.079592871, -12.071275525], [-77.079575422, -12.071156148], [-77.07971046, -12.071137158], [-77.079692093, -12.071012356], [-77.079615847, -12.071023207], [-77.079611255, -12.07099065], [-77.079687502, -12.070979799], [-77.079669135, -12.070854996], [-77.079599319, -12.070864943], [-77.079593809, -12.070831482], [-77.079663624, -12.070821535], [-77.07964342, -12.070686784], [-77.079579116, -12.070695827], [-77.079575443, -12.070668696], [-77.079514814, -12.070677739], [-77.07951114, -12.070649704], [-77.078885555, -12.070738324], [-77.078920452, -12.070972555], [-77.079037118, -12.070956277], [-77.079021506, -12.070847754], [-77.079096833, -12.070836902], [-77.079115201, -12.070956278], [-77.079218087, -12.07094181], [-77.079201557, -12.070825147], [-77.079444993, -12.070790784], [-77.079462442, -12.070909256], [-77.079319136, -12.070930054], [-77.079331075, -12.071009638], [-77.079474381, -12.070989744], [-77.079501013, -12.071169713], [-77.079395371, -12.071185086], [-77.079379759, -12.071077466], [-77.079292489, -12.071089222], [-77.079309019, -12.071201363], [-77.079150097, -12.071223971], [-77.079166627, -12.071336112]]]}}, {"type": "Feature", "properties": {"layer": "edificios_campus", "h": 6.4, "n": "Sección Química", "c": 1, "t": "university", "id": "relation/14279631", "e": 0, "lv": "2", "feature_index": 5}, "geometry": {"type": "Polygon", "coordinates": [[[-77.079246515, -12.072088544], [-77.079253862, -12.07212291], [-77.079142708, -12.072146422], [-77.079166587, -12.072253138], [-77.079442177, -12.072195262], [-77.079420134, -12.072093068], [-77.079287851, -12.072121102], [-77.079279585, -12.07208131], [-77.079300714, -12.072076788], [-77.079271324, -12.071942037], [-77.079645207, -12.071864267], [-77.079632348, -12.071803674], [-77.079652558, -12.071799152], [-77.079640619, -12.07174489], [-77.079621327, -12.071748508], [-77.07961398, -12.071714142], [-77.079632353, -12.07170962], [-77.079616739, -12.071640888], [-77.079599285, -12.071644505], [-77.079582753, -12.07156673], [-77.079467924, -12.071591146], [-77.079510172, -12.071785585], [-77.079315423, -12.071826279], [-77.079297972, -12.071745791], [-77.079173039, -12.071771111], [-77.079196918, -12.071877827], [-77.079167522, -12.071884157], [-77.079128947, -12.071706901], [-77.079064643, -12.071719561], [-77.079116076, -12.07195741], [-77.079074738, -12.071965549], [-77.079086677, -12.072019811], [-77.079182215, -12.071999916], [-77.079203339, -12.072097587], [-77.079246515, -12.072088544]]]}}, {"type": "Feature", "properties": {"layer": "edificios_campus", "h": 8.0, "n": "Facultad de Arquitectura y Urbanismo", "c": 1, "t": "university", "id": "relation/14909406", "e": 1, "lv": "", "feature_index": 6}, "geometry": {"type": "Polygon", "coordinates": [[[-77.080756733, -12.072022543], [-77.08073469, -12.071923967], [-77.08088902, -12.071889603], [-77.080879836, -12.071848003], [-77.080939547, -12.071835342], [-77.080945978, -12.071820872], [-77.080943223, -12.071805498], [-77.080930363, -12.071790124], [-77.081058971, -12.07176209], [-77.080904672, -12.071073867], [-77.080889056, -12.071077484], [-77.080883545, -12.071053971], [-77.080747587, -12.071082909], [-77.08076412, -12.071156162], [-77.080728293, -12.071163397], [-77.080751254, -12.07126559], [-77.080592331, -12.071297241], [-77.08058131, -12.071245692], [-77.080509657, -12.071261066], [-77.080501388, -12.071274631], [-77.08049955, -12.071307188], [-77.080470153, -12.071313518], [-77.080599654, -12.071887791], [-77.080655691, -12.071876035], [-77.080654771, -12.071892314], [-77.08066212, -12.071895027], [-77.08070254, -12.071885984], [-77.080712643, -12.071929393], [-77.080617105, -12.071950193], [-77.080639148, -12.072047864], [-77.080756733, -12.072022543]], [[-77.080742067, -12.071290912], [-77.080868812, -12.071849811], [-77.080724587, -12.071881462], [-77.08059876, -12.071322563], [-77.080742067, -12.071290912]]]}}, {"type": "Feature", "properties": {"layer": "edificios_campus", "h": 6.4, "n": "Facultad de Derecho", "c": 1, "t": "university", "id": "relation/16264369", "e": 0, "lv": "2", "feature_index": 7}, "geometry": {"type": "Polygon", "coordinates": [[[-77.080419688, -12.06996511], [-77.080433467, -12.069964206], [-77.08044632, -12.070135131], [-77.080474798, -12.070132418], [-77.080475716, -12.070147793], [-77.080754978, -12.070128804], [-77.080753141, -12.070109813], [-77.080811015, -12.070105291], [-77.080804588, -12.070015759], [-77.080746715, -12.07002028], [-77.080736616, -12.069878295], [-77.080640161, -12.069884625], [-77.080632816, -12.069786953], [-77.08106457, -12.069757114], [-77.081063652, -12.069739931], [-77.081101316, -12.069737219], [-77.081094889, -12.06965673], [-77.080401327, -12.069703749], [-77.080419688, -12.06996511]], [[-77.080593309, -12.069924416], [-77.080599735, -12.070021183], [-77.080542781, -12.070018469], [-77.080524408, -12.070033843], [-77.080461023, -12.070038364], [-77.080453678, -12.069934362], [-77.080593309, -12.069924416]]]}}, {"type": "Feature", "properties": {"layer": "edificios_campus", "h": 12.0, "n": "Estudios Generales Letras", "c": 1, "t": "university", "id": "relation/16264370", "e": 0, "lv": "", "feature_index": 8}, "geometry": {"type": "Polygon", "coordinates": [[[-77.080500645, -12.067226696], [-77.079894355, -12.067214932], [-77.079880549, -12.067838039], [-77.080495107, -12.067850707], [-77.080497868, -12.067722287], [-77.080626475, -12.067725002], [-77.080628317, -12.067607435], [-77.080496955, -12.06760472], [-77.080497875, -12.067558598], [-77.080629238, -12.067561312], [-77.080631999, -12.067441936], [-77.080498799, -12.067439221], [-77.08049972, -12.067395812], [-77.080632001, -12.067398527], [-77.080634761, -12.067292716], [-77.080499724, -12.067290001], [-77.080500645, -12.067226696]], [[-77.080385812, -12.067356923], [-77.08038397, -12.067459116], [-77.080293945, -12.067457306], [-77.080292104, -12.067547743], [-77.080382129, -12.067549553], [-77.080378447, -12.067734947], [-77.080300364, -12.067733138], [-77.080302206, -12.067623709], [-77.080210344, -12.0676219], [-77.080207583, -12.067731328], [-77.079993544, -12.067726803], [-77.079996305, -12.067614662], [-77.080105621, -12.067616472], [-77.080107462, -12.067523323], [-77.079998146, -12.067521513], [-77.080001828, -12.067349684], [-77.080082667, -12.067350589], [-77.080080825, -12.067453686], [-77.08017728, -12.067455496], [-77.080179122, -12.067353303], [-77.080385812, -12.067356923]]]}}, {"type": "Feature", "properties": {"layer": "edificios_campus", "h": 12.8, "n": "Facultad de Letras y Ciencias Humanas", "c": 1, "t": "university", "id": "relation/16264372", "e": 0, "lv": "4", "feature_index": 9}, "geometry": {"type": "Polygon", "coordinates": [[[-77.081459587, -12.069538263], [-77.081405387, -12.069561775], [-77.081400798, -12.069484], [-77.081415497, -12.069459582], [-77.081410907, -12.069367337], [-77.081116948, -12.069381804], [-77.081122455, -12.069488519], [-77.081134397, -12.069487614], [-77.081135315, -12.069504797], [-77.081179408, -12.069508415], [-77.081180326, -12.069534642], [-77.081127964, -12.069537354], [-77.081127964, -12.069542781], [-77.081117859, -12.069543685], [-77.081117859, -12.069550015], [-77.081104998, -12.06955092], [-77.08110867, -12.069617843], [-77.081138064, -12.069655826], [-77.081186751, -12.069654018], [-77.081187669, -12.069673914], [-77.081153679, -12.069691097], [-77.081153679, -12.069701045], [-77.08114633, -12.069701044], [-77.081151837, -12.06979962], [-77.08144396, -12.069775206], [-77.081440288, -12.069717327], [-77.081482545, -12.069715518], [-77.081499083, -12.069648596], [-77.081496329, -12.069597951], [-77.081459587, -12.069538263]], [[-77.08137232, -12.069497565], [-77.081375992, -12.069552731], [-77.081326386, -12.069556348], [-77.081322711, -12.069564488], [-77.081323629, -12.069578053], [-77.081339245, -12.069606088], [-77.08138242, -12.069598854], [-77.081386092, -12.06966216], [-77.081215228, -12.06967301], [-77.081212475, -12.069588], [-77.08120513, -12.069508416], [-77.08137232, -12.069497565]]]}}, {"type": "Feature", "properties": {"layer": "edificios_campus", "h": 8.0, "n": "Tesorería General", "c": 1, "t": "university", "id": "relation/16264373", "e": 1, "lv": "", "feature_index": 10}, "geometry": {"type": "Polygon", "coordinates": [[[-77.079600295, -12.069531006], [-77.079590196, -12.069405299], [-77.079555288, -12.069408012], [-77.079552533, -12.069380881], [-77.079527732, -12.069358271], [-77.079526814, -12.069343801], [-77.079481802, -12.069314861], [-77.079480884, -12.069298583], [-77.079441384, -12.069301295], [-77.079447809, -12.069408915], [-77.07924663, -12.069421574], [-77.079243876, -12.06937726], [-77.079146502, -12.069383589], [-77.07914742, -12.069400772], [-77.079050046, -12.069407101], [-77.079051882, -12.069427902], [-77.07901973, -12.069430615], [-77.079021567, -12.069447797], [-77.079003194, -12.069448702], [-77.079011457, -12.06955813], [-77.079148332, -12.069549992], [-77.079151086, -12.069589784], [-77.079009618, -12.069598826], [-77.079006863, -12.069569886], [-77.078918675, -12.069575312], [-77.07892602, -12.069682027], [-77.079113419, -12.069669368], [-77.079129026, -12.069899981], [-77.079400939, -12.069882801], [-77.079401857, -12.069894558], [-77.079515767, -12.06988642], [-77.07951393, -12.069864715], [-77.079546082, -12.069862907], [-77.079539656, -12.069777897], [-77.079565377, -12.069776088], [-77.079561705, -12.069718209], [-77.079414725, -12.069728155], [-77.079412889, -12.069708259], [-77.079380737, -12.069710972], [-77.079385327, -12.06977066], [-77.079320105, -12.069775181], [-77.079319187, -12.069756189], [-77.079260395, -12.069759806], [-77.079259477, -12.069735388], [-77.079233756, -12.069736292], [-77.079231002, -12.069694691], [-77.079434018, -12.069681128], [-77.079434936, -12.069693789], [-77.079502914, -12.069689268], [-77.079499243, -12.06960878], [-77.079540582, -12.069601546], [-77.079578246, -12.069577128], [-77.079595701, -12.069554519], [-77.079600295, -12.069531006]], [[-77.079355942, -12.069521055], [-77.079360532, -12.069596117], [-77.079223657, -12.069603351], [-77.079219067, -12.069528288], [-77.079235602, -12.069527384], [-77.079234683, -12.069545471], [-77.079265915, -12.069573507], [-77.079277857, -12.069573507], [-77.079276022, -12.069525576], [-77.079355942, -12.069521055]]]}}, {"type": "Feature", "properties": {"layer": "edificios_campus", "h": 14.0, "n": "Pabellón Z", "c": 1, "t": "university", "id": "relation/16264374", "e": 0, "lv": "4", "feature_index": 11}, "geometry": {"type": "Polygon", "coordinates": [[[-77.081349374, -12.069030008], [-77.081344783, -12.068994738], [-77.081331005, -12.068967607], [-77.081316308, -12.068946807], [-77.081274051, -12.06894771], [-77.081272215, -12.068916058], [-77.080823008, -12.068921479], [-77.080829433, -12.069045377], [-77.080873527, -12.069042664], [-77.0808772, -12.069088787], [-77.080841373, -12.069091499], [-77.080834025, -12.069076125], [-77.080765128, -12.069077933], [-77.080745836, -12.069097829], [-77.080751346, -12.069152995], [-77.080771555, -12.069164752], [-77.080839533, -12.069161135], [-77.080845964, -12.069146666], [-77.080880872, -12.069144857], [-77.080892807, -12.069307643], [-77.081370492, -12.069268761], [-77.081366824, -12.069138532], [-77.081281391, -12.069147575], [-77.081279556, -12.0690906], [-77.081337429, -12.069096931], [-77.081345699, -12.069061661], [-77.081349374, -12.069030008]], [[-77.081254751, -12.069151192], [-77.080929557, -12.069185554], [-77.080918539, -12.069053517], [-77.081248325, -12.069055329], [-77.081254751, -12.069151192]]]}}, {"type": "Feature", "properties": {"layer": "edificios_campus", "h": 8.0, "n": "Coliseo Polideportivo", "c": 1, "t": "yes", "id": "relation/19370735", "e": 1, "lv": "", "feature_index": 12}, "geometry": {"type": "Polygon", "coordinates": [[[-77.080397783, -12.066695833], [-77.080293979, -12.066694023], [-77.080294902, -12.066585499], [-77.080341752, -12.066586404], [-77.080345427, -12.066565604], [-77.0804033, -12.066566509], [-77.080415244, -12.066523099], [-77.080418921, -12.066464316], [-77.0804079, -12.066402819], [-77.080351864, -12.066403722], [-77.080351866, -12.066371165], [-77.080298586, -12.066372973], [-77.080298588, -12.066308764], [-77.080353706, -12.066308764], [-77.080330744, -12.066226467], [-77.079951353, -12.066219227], [-77.079918279, -12.066304237], [-77.079971559, -12.066305142], [-77.079971557, -12.066353978], [-77.079933893, -12.066354882], [-77.079931136, -12.066384726], [-77.079869588, -12.066382916], [-77.079855807, -12.066435369], [-77.079854885, -12.066509527], [-77.079872337, -12.066560172], [-77.079967873, -12.06656379], [-77.079966949, -12.066684975], [-77.079874169, -12.066682261], [-77.079891618, -12.066789881], [-77.079929278, -12.06687037], [-77.079943972, -12.066944528], [-77.079964182, -12.066945432], [-77.079963262, -12.066973467], [-77.080288455, -12.066977089], [-77.080403282, -12.066975281], [-77.080395942, -12.066766373], [-77.080397783, -12.066695833]]]}}, {"type": "Feature", "properties": {"layer": "edificios_campus", "h": 8.0, "n": "CIGA", "c": 1, "t": "yes", "id": "way/154553040", "e": 0, "lv": "", "feature_index": 13}, "geometry": {"type": "Polygon", "coordinates": [[[-77.081014145, -12.067462741], [-77.080964539, -12.067479923], [-77.080868084, -12.067476305], [-77.080865325, -12.067545941], [-77.081131725, -12.067554988], [-77.081135405, -12.067435611], [-77.081028845, -12.067431993], [-77.081014145, -12.067462741]]]}}, {"type": "Feature", "properties": {"layer": "edificios_campus", "h": 8.0, "n": "Admisión", "c": 1, "t": "university", "id": "way/154803996", "e": 1, "lv": "", "feature_index": 14}, "geometry": {"type": "Polygon", "coordinates": [[[-77.078012968, -12.068323661], [-77.078017548, -12.068627527], [-77.078061642, -12.068626623], [-77.078061641, -12.06865285], [-77.078023977, -12.068652849], [-77.07802581, -12.068759564], [-77.078080009, -12.068758661], [-77.078080926, -12.068793027], [-77.07825822, -12.068786698], [-77.078257303, -12.068744193], [-77.078276594, -12.068744193], [-77.078276596, -12.068708019], [-77.078295887, -12.068707114], [-77.078292214, -12.06868541], [-77.078281191, -12.068658279], [-77.078260983, -12.068633861], [-77.078205867, -12.068597685], [-77.078211379, -12.068576885], [-77.078150751, -12.068566032], [-77.078148918, -12.068468361], [-77.078078184, -12.068469264], [-77.078078185, -12.068452985], [-77.078084615, -12.068442133], [-77.078086453, -12.068426759], [-77.078077268, -12.068405959], [-77.078076353, -12.068322757], [-77.078012968, -12.068323661]]]}}, {"type": "Feature", "properties": {"layer": "edificios_campus", "h": 8.0, "n": "Biblioteca de Ciencas Sociales Alberto Flores Galindo", "c": 1, "t": "university", "id": "way/157957228", "e": 1, "lv": "", "feature_index": 15}, "geometry": {"type": "Polygon", "coordinates": [[[-77.080155997, -12.071023214], [-77.080555599, -12.07099247], [-77.08053081, -12.070680464], [-77.080354434, -12.070694027], [-77.080361779, -12.070791699], [-77.080138553, -12.070808879], [-77.080155997, -12.071023214]]]}}, {"type": "Feature", "properties": {"layer": "edificios_campus", "h": 8.0, "n": "Departamento de Ciencias Sociales", "c": 1, "t": "university", "id": "way/157957230", "e": 1, "lv": "", "feature_index": 16}, "geometry": {"type": "Polygon", "coordinates": [[[-77.080142251, -12.070270782], [-77.080146839, -12.070367549], [-77.080166131, -12.070366645], [-77.080167049, -12.070377498], [-77.080318622, -12.070371169], [-77.080319539, -12.070397395], [-77.08039211, -12.070394683], [-77.080390275, -12.070359413], [-77.080425182, -12.070357605], [-77.080427936, -12.07042091], [-77.080476623, -12.070419102], [-77.080480293, -12.070504112], [-77.080534492, -12.070502304], [-77.080533574, -12.070489643], [-77.080734753, -12.070480602], [-77.080732917, -12.070448949], [-77.080783441, -12.070446237], [-77.080775182, -12.070268981], [-77.080724657, -12.070270789], [-77.080723739, -12.070251797], [-77.0807366, -12.070250893], [-77.080735683, -12.070213814], [-77.080678728, -12.070215622], [-77.080678729, -12.07020477], [-77.080419677, -12.070216524], [-77.080421513, -12.070245463], [-77.080162461, -12.070257217], [-77.08016246, -12.070269878], [-77.080142251, -12.070270782]]]}}, {"type": "Feature", "properties": {"layer": "edificios_campus", "h": 8.0, "n": "Auditorio de Derecho", "c": 1, "t": "university", "id": "way/157964496", "e": 0, "lv": "", "feature_index": 17}, "geometry": {"type": "Polygon", "coordinates": [[[-77.081246451, -12.069890962], [-77.081117844, -12.069898196], [-77.08111509, -12.069857499], [-77.081059054, -12.069860212], [-77.081062725, -12.069937987], [-77.081005771, -12.069928943], [-77.080969942, -12.069981395], [-77.080984637, -12.070038371], [-77.081002092, -12.070029327], [-77.08101587, -12.070052841], [-77.081045267, -12.070035658], [-77.08108109, -12.070096251], [-77.081144477, -12.070060077], [-77.081164686, -12.070074547], [-77.081179384, -12.070061886], [-77.081195919, -12.070068217], [-77.08122348, -12.070025712], [-77.081239097, -12.070023904], [-77.08121521, -12.070083591], [-77.081285024, -12.070109819], [-77.081296049, -12.070082688], [-77.081296966, -12.070099871], [-77.08137505, -12.07009535], [-77.081371378, -12.070032045], [-77.081293295, -12.070036565], [-77.081293294, -12.070044705], [-77.081266655, -12.070034756], [-77.081277679, -12.070004912], [-77.081240016, -12.06999406], [-77.081246451, -12.069890962]]]}}, {"type": "Feature", "properties": {"layer": "edificios_campus", "h": 8.0, "n": "Biblioteca Central Luis Jaime Cisneros", "c": 1, "t": "university", "id": "way/157964892", "e": 1, "lv": "", "feature_index": 18}, "geometry": {"type": "Polygon", "coordinates": [[[-77.079885096, -12.068892528], [-77.079889684, -12.069004669], [-77.079930104, -12.069002861], [-77.079931939, -12.069050792], [-77.079831809, -12.069054408], [-77.07983548, -12.069131279], [-77.079980623, -12.069125855], [-77.07998521, -12.069263318], [-77.080453708, -12.069246141], [-77.080442698, -12.068944988], [-77.080393092, -12.068946796], [-77.080391256, -12.068917856], [-77.080170786, -12.068925088], [-77.080172622, -12.068954028], [-77.080097295, -12.06895674], [-77.08009546, -12.068906096], [-77.080056878, -12.068907904], [-77.08005596, -12.068886199], [-77.079885096, -12.068892528]]]}}, {"type": "Feature", "properties": {"layer": "edificios_campus", "h": 12.8, "n": "Complejo De Innovación Académica", "c": 1, "t": "university", "id": "way/183922762", "e": 0, "lv": "4", "feature_index": 19}, "geometry": {"type": "Polygon", "coordinates": [[[-77.080302921, -12.072309222], [-77.080277205, -12.072178088], [-77.080364476, -12.072131063], [-77.080533494, -12.072339068], [-77.08062352, -12.072321886], [-77.080428785, -12.072004452], [-77.080209243, -12.071815437], [-77.08006225, -12.07211478], [-77.080114602, -12.07234449], [-77.080302921, -12.072309222]]]}}, {"type": "Feature", "properties": {"layer": "edificios_campus", "h": 6.4, "n": "Facultad de Ciencias e Ingeniería", "c": 1, "t": "university", "id": "way/183922763", "e": 0, "lv": "2", "feature_index": 20}, "geometry": {"type": "Polygon", "coordinates": [[[-77.079783904, -12.072203405], [-77.079639679, -12.072235056], [-77.079682846, -12.072417738], [-77.07917025, -12.072530778], [-77.079195048, -12.072639302], [-77.079850951, -12.072494611], [-77.079783904, -12.072203405]]]}}, {"type": "Feature", "properties": {"layer": "edificios_campus", "h": 9.6, "n": "Física", "c": 1, "t": "university", "id": "way/183922766", "e": 0, "lv": "3", "feature_index": 21}, "geometry": {"type": "Polygon", "coordinates": [[[-77.08021937, -12.071300854], [-77.080276313, -12.07157126], [-77.080201904, -12.071586633], [-77.080229457, -12.071715053], [-77.080417776, -12.071677072], [-77.080413184, -12.071652654], [-77.080500454, -12.071634568], [-77.080466472, -12.0714754], [-77.080374609, -12.07149439], [-77.080329606, -12.071279151], [-77.080270814, -12.071270106], [-77.080258872, -12.07127915], [-77.08025979, -12.071292715], [-77.08021937, -12.071300854]]]}}, {"type": "Feature", "properties": {"layer": "edificios_campus", "h": 3.2, "n": "", "c": 1, "t": "university", "id": "way/183924285", "e": 0, "lv": "1", "feature_index": 22}, "geometry": {"type": "Polygon", "coordinates": [[[-77.082255927, -12.071968299], [-77.082176018, -12.071706033], [-77.08210804, -12.071725928], [-77.082187948, -12.071988194], [-77.082255927, -12.071968299]]]}}, {"type": "Feature", "properties": {"layer": "edificios_campus", "h": 6.0, "n": "Instituto Corrosión y Protección", "c": 1, "t": "university", "id": "way/183924286", "e": 0, "lv": "2", "feature_index": 23}, "geometry": {"type": "Polygon", "coordinates": [[[-77.082345034, -12.071955639], [-77.0822201, -12.071989099], [-77.082288067, -12.072235087], [-77.08241392, -12.072201627], [-77.082345034, -12.071955639]]]}}, {"type": "Feature", "properties": {"layer": "edificios_campus", "h": 5.0, "n": "Auditorio Juan Pablo II", "c": 1, "t": "university", "id": "way/183924860", "e": 0, "lv": "", "feature_index": 24}, "geometry": {"type": "Polygon", "coordinates": [[[-77.080276386, -12.069880098], [-77.080357229, -12.069783332], [-77.080348968, -12.069630495], [-77.080238733, -12.06963592], [-77.080243322, -12.069739017], [-77.080201982, -12.069787852], [-77.08009634, -12.06979599], [-77.080103685, -12.069893662], [-77.080276386, -12.069880098]]]}}, {"type": "Feature", "properties": {"layer": "edificios_campus", "h": 6.4, "n": "Facultad de Contabilidad y Administracion", "c": 1, "t": "university", "id": "way/183925517", "e": 0, "lv": "2", "feature_index": 25}, "geometry": {"type": "Polygon", "coordinates": [[[-77.079065591, -12.071049427], [-77.078812968, -12.071102782], [-77.078842358, -12.071230298], [-77.079088551, -12.071173326], [-77.079065591, -12.071049427]]]}}, {"type": "Feature", "properties": {"layer": "edificios_campus", "h": 10.0, "n": "Pabellón V - Sección Electrónica, Informática y Telecomunicaciones", "c": 1, "t": "university", "id": "way/294597757", "e": 0, "lv": "", "feature_index": 26}, "geometry": {"type": "Polygon", "coordinates": [[[-77.08210523, -12.072952246], [-77.081947225, -12.073006506], [-77.081883841, -12.072982087], [-77.081852605, -12.073038158], [-77.081543025, -12.073145773], [-77.081588951, -12.073272385], [-77.081625696, -12.073259724], [-77.081639474, -12.073297708], [-77.082164015, -12.073115032], [-77.082160341, -12.073105084], [-77.082216378, -12.073085189], [-77.082194334, -12.073023692], [-77.082150243, -12.07295496], [-77.082110741, -12.072968525], [-77.08210523, -12.072952246]]]}}, {"type": "Feature", "properties": {"layer": "edificios_campus", "h": 8.0, "n": "", "c": 1, "t": "yes", "id": "way/294597759", "e": 1, "lv": "", "feature_index": 27}, "geometry": {"type": "Polygon", "coordinates": [[[-77.081641331, -12.072842812], [-77.081592643, -12.072858186], [-77.081588051, -12.07284462], [-77.081551305, -12.072856377], [-77.081593556, -12.072983893], [-77.081678071, -12.072956763], [-77.081641331, -12.072842812]]]}}, {"type": "Feature", "properties": {"layer": "edificios_campus", "h": 8.0, "n": "Departamento de Arquitectura", "c": 1, "t": "university", "id": "way/294597760", "e": 1, "lv": "", "feature_index": 28}, "geometry": {"type": "Polygon", "coordinates": [[[-77.080433353, -12.072588672], [-77.080337816, -12.072608567], [-77.08038833, -12.072845511], [-77.080484786, -12.072825616], [-77.080433353, -12.072588672]]]}}, {"type": "Feature", "properties": {"layer": "edificios_campus", "h": 9.6, "n": "Sección Ingeniería de Minas", "c": 1, "t": "university", "id": "way/294597765", "e": 0, "lv": "3", "feature_index": 29}, "geometry": {"type": "Polygon", "coordinates": [[[-77.081633105, -12.071876047], [-77.081435599, -12.071930306], [-77.081465909, -12.072033404], [-77.081503573, -12.072023457], [-77.081510921, -12.072047874], [-77.081476931, -12.072058726], [-77.081469582, -12.072064153], [-77.081463151, -12.072080431], [-77.081465907, -12.07208857], [-77.081478767, -12.072100327], [-77.081487953, -12.072102136], [-77.081511837, -12.07209671], [-77.081564191, -12.072277584], [-77.08145763, -12.072306522], [-77.081514576, -12.072503674], [-77.081654208, -12.072464788], [-77.08164686, -12.072436753], [-77.081783737, -12.072398771], [-77.081633105, -12.071876047]]]}}, {"type": "Feature", "properties": {"layer": "edificios_campus", "h": 8.0, "n": "Estudio de Tv", "c": 1, "t": "university", "id": "way/294599426", "e": 0, "lv": "", "feature_index": 30}, "geometry": {"type": "Polygon", "coordinates": [[[-77.080983799, -12.068188041], [-77.080841413, -12.06818623], [-77.080838645, -12.068458444], [-77.080894681, -12.068458445], [-77.080893759, -12.068537125], [-77.080958981, -12.06853803], [-77.080958983, -12.068501855], [-77.081016856, -12.068501856], [-77.081016858, -12.068454829], [-77.080981032, -12.068454828], [-77.080983799, -12.068188041]]]}}, {"type": "Feature", "properties": {"layer": "edificios_campus", "h": 8.0, "n": "", "c": 1, "t": "university", "id": "way/294599428", "e": 1, "lv": "", "feature_index": 31}, "geometry": {"type": "Polygon", "coordinates": [[[-77.081127104, -12.068188043], [-77.080983799, -12.068188041], [-77.080982878, -12.068247729], [-77.081126183, -12.068248635], [-77.081127104, -12.068188043]]]}}, {"type": "Feature", "properties": {"layer": "edificios_campus", "h": 8.0, "n": "Facultad de Psicología", "c": 1, "t": "university", "id": "way/294599429", "e": 1, "lv": "", "feature_index": 32}, "geometry": {"type": "Polygon", "coordinates": [[[-77.080756897, -12.068240491], [-77.080674221, -12.068239586], [-77.080672383, -12.068264004], [-77.080659522, -12.068276665], [-77.080575008, -12.068275759], [-77.080576853, -12.068102121], [-77.080647587, -12.068102122], [-77.080648508, -12.068039721], [-77.080564914, -12.068038816], [-77.080563996, -12.068019824], [-77.080557566, -12.067999928], [-77.080543788, -12.067980936], [-77.080530928, -12.067970988], [-77.080449167, -12.06803791], [-77.080449165, -12.068097598], [-77.080476723, -12.068097598], [-77.080476722, -12.068140104], [-77.080445487, -12.068169043], [-77.080443645, -12.068277567], [-77.080478553, -12.068277567], [-77.080477633, -12.068314646], [-77.080493249, -12.068314646], [-77.080493248, -12.068352629], [-77.080510701, -12.06835263], [-77.080510699, -12.068410509], [-77.080622771, -12.068411415], [-77.080623693, -12.068340874], [-77.080590622, -12.068339969], [-77.080591542, -12.068314647], [-77.08073944, -12.068315553], [-77.08074036, -12.068289327], [-77.080755976, -12.068289327], [-77.080756897, -12.068240491]]]}}, {"type": "Feature", "properties": {"layer": "edificios_campus", "h": 8.0, "n": "", "c": 1, "t": "university", "id": "way/294600389", "e": 1, "lv": "", "feature_index": 33}, "geometry": {"type": "Polygon", "coordinates": [[[-77.080703568, -12.069380894], [-77.080665905, -12.069353763], [-77.080633752, -12.06938632], [-77.080637424, -12.069439677], [-77.080675087, -12.069462287], [-77.080708158, -12.069434252], [-77.080703568, -12.069380894]]]}}, {"type": "Feature", "properties": {"layer": "edificios_campus", "h": 8.0, "n": "", "c": 1, "t": "university", "id": "way/294600390", "e": 1, "lv": "", "feature_index": 34}, "geometry": {"type": "Polygon", "coordinates": [[[-77.080612623, -12.069402598], [-77.080533621, -12.069407119], [-77.080538211, -12.069477659], [-77.080502383, -12.069521973], [-77.080506973, -12.0695898], [-77.080595161, -12.069584375], [-77.080593325, -12.069551818], [-77.080622721, -12.069550009], [-77.080612623, -12.069402598]]]}}, {"type": "Feature", "properties": {"layer": "edificios_campus", "h": 8.0, "n": "Facultad de Ciencias y Artes de la Comunicación", "c": 1, "t": "university", "id": "way/294600395", "e": 0, "lv": "", "feature_index": 35}, "geometry": {"type": "Polygon", "coordinates": [[[-77.080772503, -12.068482861], [-77.080457416, -12.06847924], [-77.080456492, -12.06859319], [-77.08041148, -12.068593189], [-77.080411479, -12.068613085], [-77.08037749, -12.068612181], [-77.080376565, -12.068746027], [-77.080517115, -12.068746933], [-77.080517113, -12.068783107], [-77.080587847, -12.068784012], [-77.080587848, -12.068765021], [-77.08068614, -12.068765926], [-77.080687063, -12.068682725], [-77.080561211, -12.068681819], [-77.080562131, -12.068656497], [-77.080770658, -12.068658308], [-77.080772503, -12.068482861]]]}}, {"type": "Feature", "properties": {"layer": "edificios_campus", "h": 8.0, "n": "", "c": 1, "t": "university", "id": "way/294600397", "e": 1, "lv": "", "feature_index": 36}, "geometry": {"type": "Polygon", "coordinates": [[[-77.080394054, -12.067949282], [-77.080228702, -12.067945662], [-77.080211247, -12.067963749], [-77.080136839, -12.067963749], [-77.080113874, -12.067942948], [-77.080009151, -12.067940234], [-77.080007311, -12.068004443], [-77.079983426, -12.068024339], [-77.079982506, -12.068054183], [-77.080123974, -12.068057802], [-77.080124893, -12.068041524], [-77.08014694, -12.068041524], [-77.08014694, -12.068057803], [-77.080281977, -12.068061422], [-77.080282896, -12.068045143], [-77.08031413, -12.068045143], [-77.080314129, -12.068061422], [-77.080420689, -12.068064136], [-77.08042161, -12.068012588], [-77.080393133, -12.068012587], [-77.080394054, -12.067949282]]]}}, {"type": "Feature", "properties": {"layer": "edificios_campus", "h": 8.0, "n": "", "c": 1, "t": "university", "id": "way/294600401", "e": 1, "lv": "", "feature_index": 37}, "geometry": {"type": "Polygon", "coordinates": [[[-77.078645961, -12.066892964], [-77.078649644, -12.066709378], [-77.078556863, -12.066708472], [-77.078551337, -12.067037661], [-77.07960224, -12.067054856], [-77.079605002, -12.066908349], [-77.078645961, -12.066892964]]]}}, {"type": "Feature", "properties": {"layer": "edificios_campus", "h": 8.0, "n": "Departamento de Educación", "c": 1, "t": "university", "id": "way/294600409", "e": 1, "lv": "", "feature_index": 38}, "geometry": {"type": "Polygon", "coordinates": [[[-77.079386353, -12.067301745], [-77.079337666, -12.067301744], [-77.079337667, -12.067278231], [-77.079291736, -12.06727823], [-77.07929081, -12.067440112], [-77.079272438, -12.067440111], [-77.079272436, -12.067482616], [-77.079346844, -12.067482617], [-77.079358787, -12.067469956], [-77.079369811, -12.067469957], [-77.079385428, -12.067454583], [-77.079386353, -12.067301745]]]}}, {"type": "Feature", "properties": {"layer": "edificios_campus", "h": 21.0, "n": "Pabellón A", "c": 1, "t": "university", "id": "way/294600601", "e": 0, "lv": "7", "feature_index": 39}, "geometry": {"type": "Polygon", "coordinates": [[[-77.079840843, -12.072554299], [-77.079206987, -12.072698085], [-77.079243726, -12.072851828], [-77.07935488, -12.072826507], [-77.07934294, -12.072774958], [-77.079749894, -12.072682718], [-77.079762752, -12.07273698], [-77.0798785, -12.072710754], [-77.079840843, -12.072554299]]]}}, {"type": "Feature", "properties": {"layer": "edificios_campus", "h": 8.0, "n": "Artes Escénicas", "c": 1, "t": "university", "id": "way/294601873", "e": 1, "lv": "", "feature_index": 40}, "geometry": {"type": "Polygon", "coordinates": [[[-77.078629484, -12.065555408], [-77.078466889, -12.065516519], [-77.07842095, -12.065702817], [-77.078583545, -12.065740802], [-77.078629484, -12.065555408]]]}}, {"type": "Feature", "properties": {"layer": "edificios_campus", "h": 8.0, "n": "", "c": 1, "t": "sports_hall", "id": "way/294601876", "e": 1, "lv": "", "feature_index": 41}, "geometry": {"type": "Polygon", "coordinates": [[[-77.079755702, -12.065861097], [-77.079712527, -12.065850244], [-77.079723552, -12.065806835], [-77.079631691, -12.065784224], [-77.079636285, -12.065767946], [-77.079522377, -12.065739909], [-77.079477357, -12.065911738], [-77.079582079, -12.065937966], [-77.079563703, -12.066008506], [-77.079577483, -12.066012124], [-77.079513168, -12.066259919], [-77.079582983, -12.066277102], [-77.079641784, -12.066051916], [-77.079701494, -12.066067291], [-77.079755702, -12.065861097]]]}}, {"type": "Feature", "properties": {"layer": "edificios_campus", "h": 8.0, "n": "", "c": 1, "t": "university", "id": "way/294601880", "e": 1, "lv": "", "feature_index": 42}, "geometry": {"type": "Polygon", "coordinates": [[[-77.079540704, -12.06677812], [-77.079417609, -12.066777214], [-77.079416685, -12.066900208], [-77.07953978, -12.066901113], [-77.079540704, -12.06677812]]]}}, {"type": "Feature", "properties": {"layer": "edificios_campus", "h": 8.0, "n": "", "c": 1, "t": "university", "id": "way/294601881", "e": 1, "lv": "", "feature_index": 43}, "geometry": {"type": "Polygon", "coordinates": [[[-77.079268792, -12.066776308], [-77.079148453, -12.066775402], [-77.079147529, -12.066898396], [-77.079267868, -12.066899301], [-77.079268792, -12.066776308]]]}}, {"type": "Feature", "properties": {"layer": "edificios_campus", "h": 8.0, "n": "Tinkuy", "c": 1, "t": "university", "id": "way/294601888", "e": 1, "lv": "", "feature_index": 44}, "geometry": {"type": "Polygon", "coordinates": [[[-77.079576474, -12.068074979], [-77.079293539, -12.068055984], [-77.079296297, -12.068023427], [-77.079256796, -12.068020713], [-77.079214517, -12.068547053], [-77.079303623, -12.068544341], [-77.079331199, -12.068158177], [-77.079477259, -12.068168127], [-77.079466229, -12.068330913], [-77.079558091, -12.068337244], [-77.079576474, -12.068074979]]]}}, {"type": "Feature", "properties": {"layer": "edificios_campus", "h": 3.2, "n": "", "c": 1, "t": "yes", "id": "way/304722739", "e": 0, "lv": "1", "feature_index": 45}, "geometry": {"type": "Polygon", "coordinates": [[[-77.080702784, -12.066267168], [-77.080587038, -12.066263549], [-77.080580598, -12.066473361], [-77.080696345, -12.06647698], [-77.080702784, -12.066267168]]]}}, {"type": "Feature", "properties": {"layer": "edificios_campus", "h": 4.0, "n": "CFCOM", "c": 1, "t": "university", "id": "way/304722742", "e": 0, "lv": "", "feature_index": 46}, "geometry": {"type": "Polygon", "coordinates": [[[-77.081083903, -12.068794871], [-77.08108207, -12.068699008], [-77.080853332, -12.068702623], [-77.080854248, -12.068776781], [-77.080811991, -12.06877678], [-77.080812907, -12.068836468], [-77.08106461, -12.068832854], [-77.081064612, -12.06879487], [-77.081083903, -12.068794871]]]}}, {"type": "Feature", "properties": {"layer": "edificios_campus", "h": 8.0, "n": "Cafetería de Letras", "c": 1, "t": "university", "id": "way/304722759", "e": 1, "lv": "", "feature_index": 47}, "geometry": {"type": "Polygon", "coordinates": [[[-77.079969638, -12.068233247], [-77.079842868, -12.068233246], [-77.079842866, -12.068271229], [-77.079721608, -12.068271228], [-77.079721601, -12.0684313], [-77.079806115, -12.068431301], [-77.07980611, -12.068535303], [-77.079995346, -12.068535305], [-77.080097318, -12.068431304], [-77.080097319, -12.068396034], [-77.079969631, -12.068396033], [-77.079969638, -12.068233247]]]}}, {"type": "Feature", "properties": {"layer": "edificios_campus", "h": 8.0, "n": "Pabellón O", "c": 1, "t": "university", "id": "way/332988008", "e": 1, "lv": "", "feature_index": 48}, "geometry": {"type": "Polygon", "coordinates": [[[-77.082800644, -12.072577847], [-77.082406549, -12.072707167], [-77.082399201, -12.072686366], [-77.082304582, -12.072717113], [-77.082312848, -12.072741531], [-77.082345001, -12.072730679], [-77.08238817, -12.0728591], [-77.082845651, -12.072708981], [-77.082800644, -12.072577847]]]}}, {"type": "Feature", "properties": {"layer": "edificios_campus", "h": 8.0, "n": "Edificio Oficinas Administrativas", "c": 1, "t": "university", "id": "way/387031741", "e": 1, "lv": "", "feature_index": 49}, "geometry": {"type": "Polygon", "coordinates": [[[-77.078659703, -12.067744875], [-77.078261021, -12.067739444], [-77.078262864, -12.067629112], [-77.078289504, -12.067629112], [-77.078308796, -12.067607407], [-77.078310637, -12.067520588], [-77.078292265, -12.067497979], [-77.078186624, -12.067497074], [-77.078182017, -12.067809984], [-77.078125981, -12.067809079], [-77.078125059, -12.067889567], [-77.07865786, -12.067896808], [-77.078659703, -12.067744875]]]}}, {"type": "Feature", "properties": {"layer": "edificios_campus", "h": 8.0, "n": "Laboratorio de hidraulica", "c": 1, "t": "university", "id": "way/387031751", "e": 1, "lv": "", "feature_index": 50}, "geometry": {"type": "Polygon", "coordinates": [[[-77.080337816, -12.072608567], [-77.080230336, -12.072631174], [-77.08028085, -12.072867214], [-77.08038833, -12.072845511], [-77.080337816, -12.072608567]]]}}, {"type": "Feature", "properties": {"layer": "edificios_campus", "h": 8.0, "n": "Laboratorio de Mecánica de Suelos", "c": 1, "t": "university", "id": "way/387031752", "e": 1, "lv": "", "feature_index": 51}, "geometry": {"type": "Polygon", "coordinates": [[[-77.080230336, -12.072631174], [-77.080124693, -12.072652878], [-77.080176126, -12.072888918], [-77.08028085, -12.072867214], [-77.080230336, -12.072631174]]]}}, {"type": "Feature", "properties": {"layer": "edificios_campus", "h": 8.0, "n": "", "c": 1, "t": "university", "id": "way/387031753", "e": 1, "lv": "", "feature_index": 52}, "geometry": {"type": "Polygon", "coordinates": [[[-77.080124693, -12.072652878], [-77.080053959, -12.072667347], [-77.080105391, -12.072904291], [-77.080176126, -12.072888918], [-77.080124693, -12.072652878]]]}}, {"type": "Feature", "properties": {"layer": "edificios_campus", "h": 8.0, "n": "Sección Ingeniería Civil", "c": 1, "t": "university", "id": "way/387031755", "e": 1, "lv": "", "feature_index": 53}, "geometry": {"type": "Polygon", "coordinates": [[[-77.0818095, -12.071437432], [-77.081617505, -12.071490787], [-77.081583521, -12.071375028], [-77.081721316, -12.071336142], [-77.081676311, -12.071179687], [-77.081503608, -12.071227616], [-77.081566065, -12.071440142], [-77.081462259, -12.071469081], [-77.08147971, -12.071529673], [-77.081450314, -12.071537812], [-77.08144664, -12.071525151], [-77.081397034, -12.071538716], [-77.081429181, -12.071649953], [-77.081179312, -12.071719586], [-77.081206867, -12.071812736], [-77.08148705, -12.071734964], [-77.08149348, -12.071758478], [-77.081558703, -12.071740391], [-77.081552273, -12.071715973], [-77.081975763, -12.071597506], [-77.081951883, -12.071515209], [-77.081980361, -12.07150707], [-77.081948213, -12.071398546], [-77.081868292, -12.071421154], [-77.08183339, -12.071299969], [-77.081773679, -12.071317151], [-77.0818095, -12.071437432]]]}}, {"type": "Feature", "properties": {"layer": "edificios_campus", "h": 8.0, "n": "CISE", "c": 1, "t": "university", "id": "way/387031757", "e": 1, "lv": "", "feature_index": 54}, "geometry": {"type": "Polygon", "coordinates": [[[-77.079238445, -12.067529643], [-77.079037267, -12.067526928], [-77.079034502, -12.067728601], [-77.07923568, -12.067730412], [-77.079238445, -12.067529643]]]}}, {"type": "Feature", "properties": {"layer": "edificios_campus", "h": 8.0, "n": "Facultad de Educación", "c": 1, "t": "university", "id": "way/387031758", "e": 1, "lv": "", "feature_index": 55}, "geometry": {"type": "Polygon", "coordinates": [[[-77.079490157, -12.067301746], [-77.079422179, -12.067299032], [-77.079414821, -12.067528741], [-77.079370727, -12.067526932], [-77.079368887, -12.067583002], [-77.07942676, -12.067584811], [-77.079425841, -12.067600186], [-77.079527808, -12.0676029], [-77.079528728, -12.067564917], [-77.079512193, -12.067564916], [-77.079513113, -12.067540499], [-77.079536997, -12.067540499], [-77.079537917, -12.067494376], [-77.079514952, -12.067494376], [-77.079514953, -12.067471767], [-77.079485557, -12.067470862], [-77.079490157, -12.067301746]]]}}, {"type": "Feature", "properties": {"layer": "edificios_campus", "h": 8.0, "n": "CEMDUC", "c": 1, "t": "university", "id": "way/387031759", "e": 1, "lv": "", "feature_index": 56}, "geometry": {"type": "Polygon", "coordinates": [[[-77.079582079, -12.065937966], [-77.079477357, -12.065911738], [-77.07940018, -12.06620656], [-77.07950582, -12.066232788], [-77.079582079, -12.065937966]]]}}, {"type": "Feature", "properties": {"layer": "edificios_campus", "h": 8.0, "n": "", "c": 1, "t": "yes", "id": "way/387071629", "e": 1, "lv": "", "feature_index": 57}, "geometry": {"type": "Polygon", "coordinates": [[[-77.079620548, -12.06853711], [-77.079534198, -12.068540726], [-77.07953328, -12.06850636], [-77.079478163, -12.068509073], [-77.079475409, -12.068461141], [-77.079355988, -12.068465662], [-77.079361495, -12.068575994], [-77.079383542, -12.06857509], [-77.07938446, -12.068594082], [-77.079403751, -12.068593178], [-77.079404669, -12.068613978], [-77.079443251, -12.068613074], [-77.079444168, -12.068633874], [-77.079519496, -12.068631162], [-77.079518578, -12.068607649], [-77.079536951, -12.068586849], [-77.079548894, -12.06856424], [-77.079621466, -12.068561527], [-77.079620548, -12.06853711]]]}}, {"type": "Feature", "properties": {"layer": "edificios_campus", "h": 8.0, "n": "", "c": 1, "t": "university", "id": "way/387071630", "e": 1, "lv": "", "feature_index": 58}, "geometry": {"type": "Polygon", "coordinates": [[[-77.080270033, -12.068105735], [-77.080247067, -12.068105735], [-77.080247988, -12.068071369], [-77.080225941, -12.068070465], [-77.080225941, -12.068061421], [-77.080145102, -12.068060516], [-77.080145102, -12.06807589], [-77.08017266, -12.068076795], [-77.080172659, -12.06811116], [-77.080156124, -12.068110256], [-77.080155201, -12.068207023], [-77.080164387, -12.068215162], [-77.080200213, -12.068216067], [-77.080196528, -12.068457532], [-77.080251644, -12.068499134], [-77.080252565, -12.068435828], [-77.080267263, -12.068435828], [-77.080270027, -12.068247721], [-77.080230526, -12.068246816], [-77.080230527, -12.068231442], [-77.08026819, -12.068232346], [-77.080270033, -12.068105735]]]}}, {"type": "Feature", "properties": {"layer": "edificios_campus", "h": 8.0, "n": "Arqueología", "c": 1, "t": "yes", "id": "way/387071632", "e": 1, "lv": "", "feature_index": 59}, "geometry": {"type": "Polygon", "coordinates": [[[-77.081063745, -12.067591161], [-77.080981988, -12.067589352], [-77.080979224, -12.067772938], [-77.081060981, -12.067774747], [-77.081063745, -12.067591161]]]}}, {"type": "Feature", "properties": {"layer": "edificios_campus", "h": 8.0, "n": "", "c": 1, "t": "yes", "id": "way/387071633", "e": 1, "lv": "", "feature_index": 60}, "geometry": {"type": "Polygon", "coordinates": [[[-77.081156517, -12.067791931], [-77.081025154, -12.067790121], [-77.081023314, -12.067859757], [-77.081154677, -12.067861567], [-77.081156517, -12.067791931]]]}}, {"type": "Feature", "properties": {"layer": "edificios_campus", "h": 8.0, "n": "", "c": 1, "t": "yes", "id": "way/387071634", "e": 1, "lv": "", "feature_index": 61}, "geometry": {"type": "Polygon", "coordinates": [[[-77.080970036, -12.067816347], [-77.08082765, -12.067814537], [-77.080826729, -12.067864277], [-77.080969115, -12.067866991], [-77.080970036, -12.067816347]]]}}, {"type": "Feature", "properties": {"layer": "edificios_campus", "h": 8.0, "n": "", "c": 1, "t": "yes", "id": "way/387071636", "e": 1, "lv": "", "feature_index": 62}, "geometry": {"type": "Polygon", "coordinates": [[[-77.080788174, -12.067241169], [-77.080743161, -12.067240264], [-77.080741321, -12.067319848], [-77.080786333, -12.067320753], [-77.080788174, -12.067241169]]]}}, {"type": "Feature", "properties": {"layer": "edificios_campus", "h": 8.0, "n": "Maestranza", "c": 1, "t": "university", "id": "way/387136985", "e": 1, "lv": "", "feature_index": 63}, "geometry": {"type": "Polygon", "coordinates": [[[-77.078667984, -12.067450957], [-77.078622971, -12.067449147], [-77.078622051, -12.067478087], [-77.07844292, -12.067472659], [-77.078439241, -12.067575756], [-77.078396985, -12.067573947], [-77.078392385, -12.06771955], [-77.078657867, -12.067728596], [-77.078667984, -12.067450957]]]}}, {"type": "Feature", "properties": {"layer": "edificios_campus", "h": 8.0, "n": "McGregor", "c": 1, "t": "university", "id": "way/448593333", "e": 1, "lv": "", "feature_index": 64}, "geometry": {"type": "Polygon", "coordinates": [[[-77.07873316, -12.06851449], [-77.079108878, -12.068471085], [-77.07909694, -12.068376126], [-77.078724896, -12.068424053], [-77.07873316, -12.06851449]]]}}, {"type": "Feature", "properties": {"layer": "edificios_campus", "h": 8.0, "n": "Juan Valdez Café", "c": 1, "t": "yes", "id": "way/449759519", "e": 1, "lv": "", "feature_index": 65}, "geometry": {"type": "Polygon", "coordinates": [[[-77.079628815, -12.068565145], [-77.07957829, -12.068566953], [-77.079580125, -12.068621215], [-77.079630649, -12.068619407], [-77.079628815, -12.068565145]]]}}, {"type": "Feature", "properties": {"layer": "edificios_campus", "h": 8.0, "n": "", "c": 1, "t": "yes", "id": "way/449759600", "e": 1, "lv": "", "feature_index": 66}, "geometry": {"type": "Polygon", "coordinates": [[[-77.079542472, -12.06838608], [-77.079493785, -12.068387888], [-77.079498373, -12.068508168], [-77.07953328, -12.06850636], [-77.079534198, -12.068540726], [-77.07960585, -12.068538014], [-77.079603097, -12.068469282], [-77.07958932, -12.068417733], [-77.079580135, -12.068398741], [-77.079542471, -12.068399645], [-77.079542472, -12.06838608]]]}}, {"type": "Feature", "properties": {"layer": "edificios_campus", "h": 8.0, "n": "Sección Ingenieria Industrial", "c": 1, "t": "university", "id": "way/450284425", "e": 1, "lv": "", "feature_index": 67}, "geometry": {"type": "Polygon", "coordinates": [[[-77.082570056, -12.072899798], [-77.082429504, -12.072949537], [-77.082423992, -12.072954058], [-77.082416642, -12.072978476], [-77.082409293, -12.072988424], [-77.082371629, -12.073001085], [-77.082363362, -12.072977571], [-77.08229079, -12.073002892], [-77.082314671, -12.073068911], [-77.082338556, -12.073059868], [-77.082352334, -12.073097851], [-77.082505746, -12.073044496], [-77.082502072, -12.073035452], [-77.082605878, -12.072998374], [-77.082570056, -12.072899798]]]}}, {"type": "Feature", "properties": {"layer": "edificios_campus", "h": 8.0, "n": "Centro de Tecnologías Avanzadas de Manufactura", "c": 1, "t": "university", "id": "way/450284459", "e": 1, "lv": "", "feature_index": 68}, "geometry": {"type": "Polygon", "coordinates": [[[-77.082602207, -12.072899799], [-77.082648133, -12.073029123], [-77.082882385, -12.072949542], [-77.082859422, -12.072885332], [-77.082886063, -12.072876288], [-77.082885145, -12.072848253], [-77.082879635, -12.072830166], [-77.082860344, -12.072806652], [-77.082833704, -12.072815695], [-77.08283003, -12.072806652], [-77.082761132, -12.072830164], [-77.082765725, -12.072844634], [-77.082602207, -12.072899799]]]}}, {"type": "Feature", "properties": {"layer": "edificios_campus", "h": 8.0, "n": "", "c": 1, "t": "university", "id": "way/450286024", "e": 1, "lv": "", "feature_index": 69}, "geometry": {"type": "Polygon", "coordinates": [[[-77.080149688, -12.068231441], [-77.080025674, -12.068227822], [-77.080025669, -12.06834358], [-77.08005139, -12.06836619], [-77.080076192, -12.068368903], [-77.080092727, -12.068384277], [-77.080178159, -12.0683888], [-77.080183674, -12.068301077], [-77.080168058, -12.068285703], [-77.080169897, -12.068258572], [-77.080149688, -12.068231441]]]}}, {"type": "Feature", "properties": {"layer": "edificios_campus", "h": 8.0, "n": "", "c": 1, "t": "university", "id": "way/450286035", "e": 1, "lv": "", "feature_index": 70}, "geometry": {"type": "Polygon", "coordinates": [[[-77.079926469, -12.068090357], [-77.079925548, -12.06813648], [-77.079894314, -12.06816361], [-77.079893393, -12.068206115], [-77.080025675, -12.06820883], [-77.080027516, -12.068126533], [-77.080003633, -12.068092167], [-77.079926469, -12.068090357]]]}}, {"type": "Feature", "properties": {"layer": "edificios_campus", "h": 8.0, "n": "Sala Cuna", "c": 1, "t": "university", "id": "way/450286156", "e": 1, "lv": "", "feature_index": 71}, "geometry": {"type": "Polygon", "coordinates": [[[-77.078979388, -12.067648112], [-77.078790152, -12.067642683], [-77.078785553, -12.067783764], [-77.078818623, -12.067784669], [-77.078815864, -12.067875105], [-77.078972948, -12.067879629], [-77.078979388, -12.067648112]]]}}, {"type": "Feature", "properties": {"layer": "edificios_campus", "h": 8.0, "n": "", "c": 1, "t": "university", "id": "way/450286198", "e": 1, "lv": "", "feature_index": 72}, "geometry": {"type": "Polygon", "coordinates": [[[-77.079232004, -12.067784674], [-77.07914749, -12.06778196], [-77.079142891, -12.067921232], [-77.079087774, -12.067919422], [-77.079085015, -12.067998102], [-77.079593931, -12.068013482], [-77.079595772, -12.067931185], [-77.079228323, -12.067920328], [-77.079232004, -12.067784674]]]}}, {"type": "Feature", "properties": {"layer": "edificios_campus", "h": 8.0, "n": "Facultad de Gestión y Alta Dirección", "c": 1, "t": "university", "id": "way/450286308", "e": 1, "lv": "", "feature_index": 73}, "geometry": {"type": "Polygon", "coordinates": [[[-77.081056319, -12.069375472], [-77.08090199, -12.069382705], [-77.080904744, -12.069428828], [-77.080842275, -12.069487611], [-77.080842274, -12.069500272], [-77.08079818, -12.06950208], [-77.080783482, -12.069521072], [-77.080786236, -12.069565386], [-77.080932297, -12.069558152], [-77.080931379, -12.069542778], [-77.081020485, -12.069538257], [-77.081019567, -12.069526501], [-77.081041614, -12.069524692], [-77.081039778, -12.069493944], [-77.081062744, -12.06949304], [-77.081056319, -12.069375472]]]}}, {"type": "Feature", "properties": {"layer": "edificios_campus", "h": 3.2, "n": "", "c": 1, "t": "yes", "id": "way/453183137", "e": 0, "lv": "1", "feature_index": 74}, "geometry": {"type": "Polygon", "coordinates": [[[-77.078506154, -12.07095808], [-77.078440931, -12.070971645], [-77.078456544, -12.071047611], [-77.078522686, -12.071034047], [-77.078506154, -12.07095808]]]}}, {"type": "Feature", "properties": {"layer": "edificios_campus", "h": 3.2, "n": "", "c": 1, "t": "university", "id": "way/453183730", "e": 0, "lv": "1", "feature_index": 75}, "geometry": {"type": "Polygon", "coordinates": [[[-77.078640265, -12.071146189], [-77.078422549, -12.071194118], [-77.078439999, -12.071271894], [-77.078658634, -12.071223965], [-77.078640265, -12.071146189]]]}}, {"type": "Feature", "properties": {"layer": "edificios_campus", "h": 16.0, "n": "Facultad de Escuela de Gobierno y políticas Públicas", "c": 1, "t": "university", "id": "way/453184570", "e": 0, "lv": "5", "feature_index": 76}, "geometry": {"type": "Polygon", "coordinates": [[[-77.078769825, -12.070347637], [-77.078749616, -12.070333167], [-77.078682556, -12.070339497], [-77.078669695, -12.070357584], [-77.078690815, -12.070552927], [-77.078714699, -12.070550214], [-77.078729391, -12.070695817], [-77.078800125, -12.070688583], [-77.07879186, -12.070615329], [-77.078803803, -12.070614425], [-77.078790029, -12.070483292], [-77.078774412, -12.070485101], [-77.078771658, -12.07045797], [-77.078780844, -12.070457065], [-77.078769825, -12.070347637]]]}}, {"type": "Feature", "properties": {"layer": "edificios_campus", "h": 3.2, "n": "", "c": 1, "t": "university", "id": "way/453185435", "e": 0, "lv": "1", "feature_index": 77}, "geometry": {"type": "Polygon", "coordinates": [[[-77.07865404, -12.071249287], [-77.078488685, -12.071298121], [-77.0784795, -12.071268277], [-77.078430813, -12.071282746], [-77.078451938, -12.071349669], [-77.078415193, -12.071360521], [-77.078432644, -12.071418401], [-77.078683431, -12.071344246], [-77.07865404, -12.071249287]]]}}, {"type": "Feature", "properties": {"layer": "edificios_campus", "h": 8.0, "n": "Pabellón G", "c": 1, "t": "university", "id": "way/453185861", "e": 1, "lv": "", "feature_index": 78}, "geometry": {"type": "Polygon", "coordinates": [[[-77.07914274, -12.071401226], [-77.078909408, -12.071449155], [-77.078935124, -12.071571244], [-77.079168456, -12.07152422], [-77.07914274, -12.071401226]]]}}, {"type": "Feature", "properties": {"layer": "edificios_campus", "h": 3.2, "n": "", "c": 1, "t": "university", "id": "way/453187876", "e": 0, "lv": "1", "feature_index": 79}, "geometry": {"type": "Polygon", "coordinates": [[[-77.079610375, -12.070102564], [-77.079541478, -12.070107085], [-77.079546068, -12.07017853], [-77.079484521, -12.070183051], [-77.079486357, -12.070211086], [-77.079421134, -12.070214703], [-77.07942297, -12.07024093], [-77.07936969, -12.070243642], [-77.079377953, -12.070359401], [-77.079502886, -12.070352168], [-77.07950564, -12.070395577], [-77.079629654, -12.070387439], [-77.079610375, -12.070102564]]]}}, {"type": "Feature", "properties": {"layer": "edificios_campus", "h": 8.0, "n": "", "c": 1, "t": "university", "id": "way/453188077", "e": 1, "lv": "", "feature_index": 80}, "geometry": {"type": "Polygon", "coordinates": [[[-77.079265837, -12.07137681], [-77.07914274, -12.071401226], [-77.079168456, -12.07152422], [-77.079079349, -12.071542306], [-77.079085778, -12.071574863], [-77.079173967, -12.071556777], [-77.079187743, -12.071620987], [-77.079349422, -12.071588432], [-77.07933289, -12.071507039], [-77.079271342, -12.071519699], [-77.079265832, -12.07149076], [-77.079288797, -12.071485334], [-77.079265837, -12.07137681]]]}}, {"type": "Feature", "properties": {"layer": "edificios_campus", "h": 9.6, "n": "Facultad de Ciencias Sociales", "c": 1, "t": "university", "id": "way/467115684", "e": 0, "lv": "3", "feature_index": 81}, "geometry": {"type": "Polygon", "coordinates": [[[-77.080133039, -12.070857715], [-77.080113759, -12.070590023], [-77.080144074, -12.070588214], [-77.080146828, -12.070619867], [-77.080229505, -12.070614442], [-77.080223078, -12.070530336], [-77.080163367, -12.070534857], [-77.080159695, -12.070489639], [-77.080144997, -12.070490543], [-77.080141324, -12.070440803], [-77.080129382, -12.070441707], [-77.08012571, -12.070395584], [-77.080103663, -12.070396488], [-77.080100909, -12.070355792], [-77.080058652, -12.070358505], [-77.080062324, -12.07040734], [-77.08001823, -12.070410053], [-77.080038428, -12.070687693], [-77.080024649, -12.070688597], [-77.080037502, -12.07086947], [-77.080075165, -12.070866758], [-77.080077001, -12.070890271], [-77.080129363, -12.070886654], [-77.080127527, -12.070857715], [-77.080133039, -12.070857715]]]}}, {"type": "Feature", "properties": {"layer": "edificios_campus", "h": 8.0, "n": "", "c": 1, "t": "yes", "id": "way/615384725", "e": 0, "lv": "", "feature_index": 82}, "geometry": {"type": "Polygon", "coordinates": [[[-77.081575427, -12.067379546], [-77.08130719, -12.067374117], [-77.081305349, -12.067456414], [-77.081573586, -12.067460939], [-77.081575427, -12.067379546]]]}}, {"type": "Feature", "properties": {"layer": "edificios_campus", "h": 8.0, "n": "", "c": 1, "t": "yes", "id": "way/615384726", "e": 0, "lv": "", "feature_index": 83}, "geometry": {"type": "Polygon", "coordinates": [[[-77.08157084, -12.067252031], [-77.081307195, -12.067246601], [-77.081305354, -12.06734156], [-77.081568998, -12.067346989], [-77.08157084, -12.067252031]]]}}, {"type": "Feature", "properties": {"layer": "edificios_campus", "h": 8.0, "n": "", "c": 1, "t": "university", "id": "way/615390205", "e": 1, "lv": "", "feature_index": 84}, "geometry": {"type": "Polygon", "coordinates": [[[-77.081038856, -12.06958438], [-77.08092954, -12.069589805], [-77.080932293, -12.069655824], [-77.081041609, -12.069650399], [-77.081038856, -12.06958438]]]}}, {"type": "Feature", "properties": {"layer": "edificios_campus", "h": 8.0, "n": "", "c": 1, "t": "university", "id": "way/615390372", "e": 1, "lv": "", "feature_index": 85}, "geometry": {"type": "Polygon", "coordinates": [[[-77.081308861, -12.071185108], [-77.081224347, -12.071209525], [-77.08124088, -12.071267405], [-77.081326313, -12.071242988], [-77.081308861, -12.071185108]]]}}, {"type": "Feature", "properties": {"layer": "edificios_campus", "h": 8.0, "n": "", "c": 1, "t": "university", "id": "way/615390373", "e": 1, "lv": "", "feature_index": 86}, "geometry": {"type": "Polygon", "coordinates": [[[-77.081393376, -12.071166118], [-77.081330908, -12.071186013], [-77.081351116, -12.071242988], [-77.081412664, -12.071223997], [-77.081393376, -12.071166118]]]}}, {"type": "Feature", "properties": {"layer": "edificios_campus", "h": 3.2, "n": "Instituto de Radioastronomía", "c": 1, "t": "university", "id": "way/615391653", "e": 0, "lv": "1", "feature_index": 87}, "geometry": {"type": "Polygon", "coordinates": [[[-77.08163706, -12.065425215], [-77.081469872, -12.065380899], [-77.081427608, -12.065566294], [-77.08159847, -12.065600661], [-77.08163706, -12.065425215]]]}}, {"type": "Feature", "properties": {"layer": "edificios_campus", "h": 6.4, "n": "", "c": 1, "t": "university", "id": "way/615391654", "e": 0, "lv": "2", "feature_index": 88}, "geometry": {"type": "Polygon", "coordinates": [[[-77.081154746, -12.066273503], [-77.08075239, -12.066268977], [-77.080751466, -12.066373883], [-77.081050937, -12.066377504], [-77.081050935, -12.066431766], [-77.081152902, -12.066432672], [-77.081154746, -12.066273503]]]}}, {"type": "Feature", "properties": {"layer": "edificios_campus", "h": 8.0, "n": "", "c": 1, "t": "yes", "id": "way/948006108", "e": 1, "lv": "", "feature_index": 89}, "geometry": {"type": "Polygon", "coordinates": [[[-77.080698115, -12.068027965], [-77.08069903, -12.068089462], [-77.080771602, -12.068088558], [-77.080771601, -12.068102124], [-77.08080559, -12.068102124], [-77.080804675, -12.068026158], [-77.080698115, -12.068027965]]]}}, {"type": "Feature", "properties": {"layer": "edificios_campus", "h": 8.0, "n": "", "c": 1, "t": "university", "id": "way/948027056", "e": 1, "lv": "", "feature_index": 90}, "geometry": {"type": "Polygon", "coordinates": [[[-77.078985853, -12.066845941], [-77.078987694, -12.066772687], [-77.078788353, -12.066768163], [-77.078785592, -12.066891156], [-77.078921548, -12.066893871], [-77.078923387, -12.066845035], [-77.078985853, -12.066845941]]]}}, {"type": "Feature", "properties": {"layer": "edificios_campus", "h": 8.0, "n": "", "c": 1, "t": "university", "id": "way/948027057", "e": 1, "lv": "", "feature_index": 91}, "geometry": {"type": "Polygon", "coordinates": [[[-77.078667061, -12.067539584], [-77.078749737, -12.067542298], [-77.078763532, -12.067181457], [-77.078380467, -12.067166983], [-77.078378628, -12.06721401], [-77.07831065, -12.067211296], [-77.078305133, -12.067343333], [-77.078371273, -12.067346047], [-77.078369435, -12.067374987], [-77.07855224, -12.067381319], [-77.078553159, -12.06737318], [-77.078673499, -12.067377703], [-77.078667061, -12.067539584]]]}}, {"type": "Feature", "properties": {"layer": "edificios_campus", "h": 8.0, "n": "", "c": 1, "t": "yes", "id": "way/948027058", "e": 1, "lv": "", "feature_index": 92}, "geometry": {"type": "Polygon", "coordinates": [[[-77.078314317, -12.067378603], [-77.078182954, -12.067374984], [-77.078181114, -12.067440099], [-77.078312477, -12.067443718], [-77.078314317, -12.067378603]]]}}, {"type": "Feature", "properties": {"layer": "edificios_campus", "h": 8.0, "n": "Gelarti", "c": 1, "t": "university", "id": "way/1017191642", "e": 1, "lv": "", "feature_index": 93}, "geometry": {"type": "Polygon", "coordinates": [[[-77.079836306, -12.071267388], [-77.079767408, -12.07128457], [-77.079806903, -12.0714356], [-77.0798758, -12.071419322], [-77.079836306, -12.071267388]]]}}, {"type": "Feature", "properties": {"layer": "edificios_campus", "h": 8.0, "n": "", "c": 1, "t": "university", "id": "way/1101513914", "e": 1, "lv": "", "feature_index": 94}, "geometry": {"type": "Polygon", "coordinates": [[[-77.080255103, -12.073451433], [-77.080094343, -12.073465901], [-77.080101686, -12.073613313], [-77.080213758, -12.073616027], [-77.080237643, -12.073585279], [-77.080235808, -12.073547296], [-77.080263367, -12.073544583], [-77.080255103, -12.073451433]]]}}, {"type": "Feature", "properties": {"layer": "edificios_campus", "h": 8.0, "n": "", "c": 1, "t": "roof", "id": "way/1110929670", "e": 1, "lv": "", "feature_index": 95}, "geometry": {"type": "Polygon", "coordinates": [[[-77.079640676, -12.070417283], [-77.079506557, -12.070425421], [-77.079516655, -12.070583685], [-77.079650774, -12.070575547], [-77.079640676, -12.070417283]]]}}, {"type": "Feature", "properties": {"layer": "edificios_campus", "h": 9.6, "n": "Facultad de Gastronomía, Hotelería y Turismo", "c": 1, "t": "university", "id": "way/1110929680", "e": 0, "lv": "3", "feature_index": 96}, "geometry": {"type": "Polygon", "coordinates": [[[-77.081824237, -12.07052945], [-77.081502717, -12.070585517], [-77.081522003, -12.07069585], [-77.08145035, -12.070707606], [-77.081458616, -12.070755537], [-77.081853626, -12.07068681], [-77.081824237, -12.07052945]]]}}, {"type": "Feature", "properties": {"layer": "edificios_campus", "h": 8.0, "n": "", "c": 1, "t": "university", "id": "way/1110929685", "e": 1, "lv": "", "feature_index": 97}, "geometry": {"type": "Polygon", "coordinates": [[[-77.08065758, -12.070685892], [-77.080595113, -12.070691317], [-77.080600622, -12.070764571], [-77.080663088, -12.070760954], [-77.08065758, -12.070685892]]]}}, {"type": "Feature", "properties": {"layer": "edificios_campus", "h": 3.2, "n": "", "c": 1, "t": "university", "id": "way/1110929687", "e": 0, "lv": "1", "feature_index": 98}, "geometry": {"type": "Polygon", "coordinates": [[[-77.080193728, -12.069475847], [-77.080164333, -12.06945595], [-77.080103701, -12.069512924], [-77.080105537, -12.06954096], [-77.080197396, -12.069615119], [-77.080204746, -12.069602458], [-77.080193728, -12.069475847]]]}}, {"type": "Feature", "properties": {"layer": "edificios_campus", "h": 8.0, "n": "", "c": 1, "t": "university", "id": "way/1110929688", "e": 1, "lv": "", "feature_index": 99}, "geometry": {"type": "Polygon", "coordinates": [[[-77.080129425, -12.069467707], [-77.080122076, -12.069460472], [-77.080055016, -12.069462279], [-77.080036643, -12.069487601], [-77.080064201, -12.069511115], [-77.080087166, -12.069509307], [-77.080129425, -12.069467707]]]}}, {"type": "Feature", "properties": {"layer": "edificios_campus", "h": 8.0, "n": "", "c": 1, "t": "university", "id": "way/1110929689", "e": 1, "lv": "", "feature_index": 100}, "geometry": {"type": "Polygon", "coordinates": [[[-77.080049502, -12.06951835], [-77.080022863, -12.069495741], [-77.080010002, -12.069496645], [-77.080010918, -12.069576229], [-77.08002929, -12.069575325], [-77.08005042, -12.069549098], [-77.080049502, -12.06951835]]]}}, {"type": "Feature", "properties": {"layer": "edificios_campus", "h": 8.0, "n": "", "c": 1, "t": "university", "id": "way/1110929690", "e": 1, "lv": "", "feature_index": 101}, "geometry": {"type": "Polygon", "coordinates": [[[-77.080123908, -12.069585274], [-77.080091757, -12.069558143], [-77.080067873, -12.069560855], [-77.080015508, -12.069632299], [-77.080014589, -12.069652195], [-77.080129417, -12.069643153], [-77.080123908, -12.069585274]]]}}, {"type": "Feature", "properties": {"layer": "edificios_campus", "h": 3.2, "n": "", "c": 1, "t": "university", "id": "way/1110929694", "e": 0, "lv": "1", "feature_index": 102}, "geometry": {"type": "Polygon", "coordinates": [[[-77.081290595, -12.068736994], [-77.081251095, -12.068736993], [-77.081250172, -12.068825621], [-77.081289673, -12.068826526], [-77.081290595, -12.068736994]]]}}, {"type": "Feature", "properties": {"layer": "edificios_campus", "h": 8.0, "n": "Sección Ingeniería Mecánica ( Pabellón U )", "c": 1, "t": "university", "id": "way/1110929704", "e": 1, "lv": "", "feature_index": 103}, "geometry": {"type": "Polygon", "coordinates": [[[-77.081163684, -12.071994513], [-77.081239918, -12.072261301], [-77.081098448, -12.072300187], [-77.081060791, -12.072167245], [-77.081114071, -12.072152776], [-77.081115908, -12.072160011], [-77.081151735, -12.072150968], [-77.081111322, -12.072008982], [-77.081053448, -12.072024356], [-77.081067225, -12.072073191], [-77.080892685, -12.072121121], [-77.08097994, -12.072430414], [-77.080774167, -12.072486483], [-77.080828357, -12.072679113], [-77.080977176, -12.072639323], [-77.080983605, -12.072661027], [-77.081081899, -12.072634802], [-77.081048833, -12.072517234], [-77.081036891, -12.072519947], [-77.081024951, -12.072475633], [-77.081141617, -12.072443982], [-77.081136107, -12.072423181], [-77.081157235, -12.072416851], [-77.081186627, -12.072522662], [-77.081114973, -12.072541653], [-77.081137017, -12.072620333], [-77.081496202, -12.072522666], [-77.081450278, -12.072360784], [-77.081392404, -12.072376157], [-77.081386894, -12.072355357], [-77.081421802, -12.072345409], [-77.081400676, -12.07227306], [-77.081365768, -12.072282103], [-77.081275757, -12.071963766], [-77.081163684, -12.071994513]]]}}, {"type": "Feature", "properties": {"layer": "edificios_campus", "h": 8.0, "n": "", "c": 1, "t": "roof", "id": "way/1204040870", "e": 1, "lv": "", "feature_index": 104}, "geometry": {"type": "Polygon", "coordinates": [[[-77.081170185, -12.070366657], [-77.081104963, -12.070351282], [-77.081062701, -12.070487841], [-77.081068209, -12.070571947], [-77.081085661, -12.070622591], [-77.081138019, -12.07068228], [-77.081187628, -12.070618071], [-77.08115364, -12.070585513], [-77.081136188, -12.070551147], [-77.08112884, -12.07051859], [-77.081133435, -12.070478798], [-77.081170185, -12.070366657]]]}}, {"type": "Feature", "properties": {"layer": "edificios_campus", "h": 8.0, "n": "", "c": 1, "t": "roof", "id": "way/1204040872", "e": 1, "lv": "", "feature_index": 105}, "geometry": {"type": "Polygon", "coordinates": [[[-77.081388807, -12.070603603], [-77.081267548, -12.070626211], [-77.081275813, -12.070685899], [-77.081399828, -12.070663291], [-77.081388807, -12.070603603]]]}}, {"type": "Feature", "properties": {"layer": "edificios_campus", "h": 3.2, "n": "", "c": 1, "t": "university", "id": "way/1204040878", "e": 0, "lv": "1", "feature_index": 106}, "geometry": {"type": "Polygon", "coordinates": [[[-77.082339523, -12.07193936], [-77.082247672, -12.071681616], [-77.082180612, -12.071704224], [-77.082271544, -12.071962873], [-77.082339523, -12.07193936]]]}}, {"type": "Feature", "properties": {"layer": "edificios_campus", "h": 8.0, "n": "", "c": 1, "t": "yes", "id": "way/1204040882", "e": 1, "lv": "", "feature_index": 107}, "geometry": {"type": "Polygon", "coordinates": [[[-77.080799855, -12.073248862], [-77.080730039, -12.073255192], [-77.080736467, -12.07332121], [-77.080807201, -12.073314881], [-77.080799855, -12.073248862]]]}}, {"type": "Feature", "properties": {"layer": "edificios_campus", "h": 8.0, "n": "", "c": 1, "t": "yes", "id": "way/1204040883", "e": 1, "lv": "", "feature_index": 108}, "geometry": {"type": "Polygon", "coordinates": [[[-77.081256406, -12.0733384], [-77.081318874, -12.073320313], [-77.081294993, -12.073243442], [-77.081232526, -12.073262433], [-77.081256406, -12.0733384]]]}}, {"type": "Feature", "properties": {"layer": "edificios_campus", "h": 8.0, "n": "", "c": 1, "t": "yes", "id": "way/1204040884", "e": 1, "lv": "", "feature_index": 109}, "geometry": {"type": "Polygon", "coordinates": [[[-77.081233439, -12.073389948], [-77.081254565, -12.07344421], [-77.081304171, -12.073426123], [-77.081283045, -12.073371861], [-77.081233439, -12.073389948]]]}}, {"type": "Feature", "properties": {"layer": "edificios_campus", "h": 8.0, "n": "", "c": 1, "t": "yes", "id": "way/1204040885", "e": 1, "lv": "", "feature_index": 110}, "geometry": {"type": "Polygon", "coordinates": [[[-77.081249053, -12.07344421], [-77.08122609, -12.073387235], [-77.081181078, -12.073377286], [-77.081194853, -12.073458679], [-77.081249053, -12.07344421]]]}}, {"type": "Feature", "properties": {"layer": "edificios_campus", "h": 8.0, "n": "", "c": 1, "t": "yes", "id": "way/1204040886", "e": 1, "lv": "", "feature_index": 111}, "geometry": {"type": "Polygon", "coordinates": [[[-77.081071758, -12.073462295], [-77.081066252, -12.073339302], [-77.080995517, -12.073342014], [-77.081000105, -12.073465008], [-77.081071758, -12.073462295]]]}}, {"type": "Feature", "properties": {"layer": "edificios_campus", "h": 8.0, "n": "", "c": 1, "t": "yes", "id": "way/1204040887", "e": 1, "lv": "", "feature_index": 112}, "geometry": {"type": "Polygon", "coordinates": [[[-77.080926614, -12.073494851], [-77.080924783, -12.073362813], [-77.080851293, -12.073363717], [-77.080853124, -12.073495754], [-77.080926614, -12.073494851]]]}}, {"type": "Feature", "properties": {"layer": "edificios_campus", "h": 8.0, "n": "", "c": 1, "t": "yes", "id": "way/1204040888", "e": 1, "lv": "", "feature_index": 113}, "geometry": {"type": "Polygon", "coordinates": [[[-77.081531074, -12.073359203], [-77.08147137, -12.073195512], [-77.081372158, -12.073229877], [-77.081431861, -12.073393568], [-77.081531074, -12.073359203]]]}}, {"type": "Feature", "properties": {"layer": "edificios_campus", "h": 3.2, "n": "", "c": 1, "t": "yes", "id": "way/1204040891", "e": 0, "lv": "1", "feature_index": 114}, "geometry": {"type": "Polygon", "coordinates": [[[-77.079282299, -12.073043553], [-77.079259338, -12.072943169], [-77.079194115, -12.072956733], [-77.079216158, -12.073057118], [-77.079282299, -12.073043553]]]}}, {"type": "Feature", "properties": {"layer": "edificios_campus", "h": 8.0, "n": "", "c": 1, "t": "university", "id": "way/1204040892", "e": 1, "lv": "", "feature_index": 115}, "geometry": {"type": "Polygon", "coordinates": [[[-77.079304408, -12.071627319], [-77.079127112, -12.071667109], [-77.07913997, -12.071720467], [-77.079316348, -12.071681581], [-77.079304408, -12.071627319]]]}}, {"type": "Feature", "properties": {"layer": "edificios_campus", "h": 8.0, "n": "", "c": 1, "t": "university", "id": "way/1204040893", "e": 1, "lv": "", "feature_index": 116}, "geometry": {"type": "Polygon", "coordinates": [[[-77.079464245, -12.071707809], [-77.079452305, -12.071659878], [-77.07933472, -12.071687007], [-77.07934666, -12.071734939], [-77.079464245, -12.071707809]]]}}, {"type": "Feature", "properties": {"layer": "edificios_campus", "h": 8.0, "n": "", "c": 1, "t": "university", "id": "way/1204040905", "e": 1, "lv": "", "feature_index": 117}, "geometry": {"type": "Polygon", "coordinates": [[[-77.079005005, -12.070068191], [-77.079008678, -12.070099844], [-77.078882826, -12.07011793], [-77.078909458, -12.070292473], [-77.079064706, -12.070282526], [-77.07906287, -12.070259013], [-77.079129929, -12.070255396], [-77.079128093, -12.070225552], [-77.079156571, -12.070222839], [-77.07914096, -12.070096228], [-77.079173111, -12.07009442], [-77.079167603, -12.070006696], [-77.079384399, -12.069993133], [-77.079401847, -12.070129693], [-77.079183213, -12.070163152], [-77.079186885, -12.07022284], [-77.079439507, -12.070207468], [-77.079423902, -12.069950629], [-77.07924477, -12.069961479], [-77.079242934, -12.069931635], [-77.07908493, -12.069941581], [-77.079086766, -12.069974138], [-77.079056451, -12.069975947], [-77.079052779, -12.06992078], [-77.07879832, -12.069936152], [-77.078824034, -12.070113407], [-77.079005005, -12.070068191]]]}}, {"type": "Feature", "properties": {"layer": "edificios_campus", "h": 8.0, "n": "", "c": 1, "t": "university", "id": "way/1204040906", "e": 1, "lv": "", "feature_index": 118}, "geometry": {"type": "Polygon", "coordinates": [[[-77.078937007, -12.070506807], [-77.07891405, -12.070313273], [-77.07883413, -12.070322316], [-77.078857087, -12.07051585], [-77.078937007, -12.070506807]]]}}, {"type": "Feature", "properties": {"layer": "edificios_campus", "h": 8.0, "n": "", "c": 1, "t": "university", "id": "way/1204040907", "e": 1, "lv": "", "feature_index": 119}, "geometry": {"type": "Polygon", "coordinates": [[[-77.078918632, -12.070570112], [-77.078812072, -12.070579155], [-77.07882309, -12.070691296], [-77.078928732, -12.070682254], [-77.078918632, -12.070570112]]]}}, {"type": "Feature", "properties": {"layer": "edificios_campus", "h": 8.0, "n": "", "c": 1, "t": "university", "id": "way/1204040908", "e": 1, "lv": "", "feature_index": 120}, "geometry": {"type": "Polygon", "coordinates": [[[-77.079257604, -12.070569212], [-77.079103275, -12.070582776], [-77.079088584, -12.070426321], [-77.079020605, -12.07043265], [-77.079041724, -12.070663263], [-77.07926495, -12.07064337], [-77.079257604, -12.070569212]]]}}, {"type": "Feature", "properties": {"layer": "edificios_campus", "h": 8.0, "n": "", "c": 1, "t": "university", "id": "way/1204040909", "e": 1, "lv": "", "feature_index": 121}, "geometry": {"type": "Polygon", "coordinates": [[[-77.079235564, -12.07041547], [-77.079160236, -12.0704218], [-77.079170336, -12.070550219], [-77.079246582, -12.070544794], [-77.079235564, -12.07041547]]]}}, {"type": "Feature", "properties": {"layer": "edificios_campus", "h": 8.0, "n": "", "c": 1, "t": "university", "id": "way/1204040910", "e": 1, "lv": "", "feature_index": 122}, "geometry": {"type": "Polygon", "coordinates": [[[-77.079119822, -12.070301519], [-77.078995808, -12.070317796], [-77.079005909, -12.070393762], [-77.079129924, -12.070377485], [-77.079119822, -12.070301519]]]}}, {"type": "Feature", "properties": {"layer": "edificios_campus", "h": 8.0, "n": "", "c": 1, "t": "university", "id": "way/1204040911", "e": 1, "lv": "", "feature_index": 123}, "geometry": {"type": "Polygon", "coordinates": [[[-77.079230059, -12.070248162], [-77.079140034, -12.070256301], [-77.079153807, -12.070395573], [-77.079243833, -12.070387435], [-77.079230059, -12.070248162]]]}}, {"type": "Feature", "properties": {"layer": "edificios_campus", "h": 8.0, "n": "", "c": 1, "t": "university", "id": "way/1204040912", "e": 1, "lv": "", "feature_index": 124}, "geometry": {"type": "Polygon", "coordinates": [[[-77.079338456, -12.070271677], [-77.079264966, -12.07028072], [-77.07927323, -12.070346739], [-77.07934672, -12.070337696], [-77.079338456, -12.070271677]]]}}, {"type": "Feature", "properties": {"layer": "edificios_campus", "h": 8.0, "n": "", "c": 1, "t": "university", "id": "way/1204040913", "e": 1, "lv": "", "feature_index": 125}, "geometry": {"type": "Polygon", "coordinates": [[[-77.078872714, -12.070268054], [-77.078853427, -12.070172191], [-77.078637549, -12.07021379], [-77.078656836, -12.070309652], [-77.078872714, -12.070268054]]]}}, {"type": "Feature", "properties": {"layer": "edificios_campus", "h": 8.0, "n": "", "c": 1, "t": "university", "id": "way/1204040914", "e": 1, "lv": "", "feature_index": 126}, "geometry": {"type": "Polygon", "coordinates": [[[-77.078756981, -12.069956952], [-77.078594384, -12.069987698], [-77.078622855, -12.070134205], [-77.078786371, -12.070103459], [-77.078756981, -12.069956952]]]}}, {"type": "Feature", "properties": {"layer": "edificios_campus", "h": 8.0, "n": "", "c": 1, "t": "university", "id": "way/1204040917", "e": 1, "lv": "", "feature_index": 127}, "geometry": {"type": "Polygon", "coordinates": [[[-77.079234782, -12.067273708], [-77.079154862, -12.067271898], [-77.079153941, -12.067318925], [-77.079233861, -12.067320735], [-77.079234782, -12.067273708]]]}}, {"type": "Feature", "properties": {"layer": "edificios_campus", "h": 8.0, "n": "McGregor", "c": 1, "t": "university", "id": "way/1204040921", "e": 1, "lv": "", "feature_index": 128}, "geometry": {"type": "Polygon", "coordinates": [[[-77.079041814, -12.068592269], [-77.078578828, -12.068590455], [-77.078578824, -12.068678178], [-77.07904181, -12.068680897], [-77.079041814, -12.068592269]]]}}, {"type": "Feature", "properties": {"layer": "edificios_campus", "h": 8.0, "n": "McGregor", "c": 1, "t": "university", "id": "way/1204040922", "e": 1, "lv": "", "feature_index": 129}, "geometry": {"type": "Polygon", "coordinates": [[[-77.078366631, -12.068485546], [-77.078678042, -12.068526246], [-77.078675291, -12.068411392], [-77.078376739, -12.068398727], [-77.078366631, -12.068485546]]]}}, {"type": "Feature", "properties": {"layer": "edificios_campus", "h": 8.0, "n": "", "c": 1, "t": "university", "id": "way/1204040923", "e": 1, "lv": "", "feature_index": 130}, "geometry": {"type": "Polygon", "coordinates": [[[-77.08149096, -12.066328674], [-77.081441351, -12.066399213], [-77.081544234, -12.066468851], [-77.081562607, -12.066443529], [-77.081533212, -12.066423632], [-77.081564447, -12.066378415], [-77.08149096, -12.066328674]]]}}, {"type": "Feature", "properties": {"layer": "edificios_campus", "h": 8.0, "n": "", "c": 1, "t": "roof", "id": "way/1204040932", "e": 1, "lv": "", "feature_index": 131}, "geometry": {"type": "Polygon", "coordinates": [[[-77.079522335, -12.066713005], [-77.079416693, -12.0667121], [-77.079415773, -12.066758222], [-77.079521414, -12.066760032], [-77.079522335, -12.066713005]]]}}, {"type": "Feature", "properties": {"layer": "edificios_campus", "h": 8.0, "n": "", "c": 1, "t": "roof", "id": "way/1204040933", "e": 1, "lv": "", "feature_index": 132}, "geometry": {"type": "Polygon", "coordinates": [[[-77.078982185, -12.066707573], [-77.07883245, -12.066705762], [-77.078831529, -12.066752789], [-77.078982183, -12.066753695], [-77.078982185, -12.066707573]]]}}, {"type": "Feature", "properties": {"layer": "edificios_campus", "h": 8.0, "n": "", "c": 1, "t": "roof", "id": "way/1204040934", "e": 1, "lv": "", "feature_index": 133}, "geometry": {"type": "Polygon", "coordinates": [[[-77.079263283, -12.06672295], [-77.079122734, -12.06672114], [-77.079122732, -12.066758219], [-77.079263281, -12.066760029], [-77.079263283, -12.06672295]]]}}, {"type": "Feature", "properties": {"layer": "edificios_campus", "h": 8.0, "n": "", "c": 1, "t": "yes", "id": "way/1204040935", "e": 1, "lv": "", "feature_index": 134}, "geometry": {"type": "Polygon", "coordinates": [[[-77.078845349, -12.065806824], [-77.078693778, -12.065772457], [-77.078673565, -12.065856562], [-77.078826055, -12.065891834], [-77.078845349, -12.065806824]]]}}, {"type": "Feature", "properties": {"layer": "edificios_campus", "h": 8.0, "n": "", "c": 1, "t": "yes", "id": "way/1204040936", "e": 1, "lv": "", "feature_index": 135}, "geometry": {"type": "Polygon", "coordinates": [[[-77.078231687, -12.066320496], [-77.078166465, -12.066315069], [-77.078160031, -12.066394653], [-77.078225253, -12.06640008], [-77.078231687, -12.066320496]]]}}, {"type": "Feature", "properties": {"layer": "edificios_campus", "h": 8.0, "n": "", "c": 1, "t": "yes", "id": "way/1204040937", "e": 1, "lv": "", "feature_index": 136}, "geometry": {"type": "Polygon", "coordinates": [[[-77.078600124, -12.064731532], [-77.078624012, -12.064636574], [-77.078483464, -12.064602207], [-77.078459576, -12.064697164], [-77.078600124, -12.064731532]]]}}, {"type": "Feature", "properties": {"layer": "edificios_campus", "h": 8.0, "n": "", "c": 1, "t": "yes", "id": "way/1204040938", "e": 1, "lv": "", "feature_index": 137}, "geometry": {"type": "Polygon", "coordinates": [[[-77.07856521, -12.064866282], [-77.078590017, -12.064767706], [-77.078461412, -12.064736957], [-77.078436604, -12.064835532], [-77.07856521, -12.064866282]]]}}, {"type": "Feature", "properties": {"layer": "edificios_campus", "h": 8.0, "n": "Artes Escénicas", "c": 1, "t": "university", "id": "way/1204040939", "e": 1, "lv": "", "feature_index": 138}, "geometry": {"type": "Polygon", "coordinates": [[[-77.07851835, -12.06511679], [-77.078535806, -12.065048963], [-77.078364944, -12.065008265], [-77.078348406, -12.065076996], [-77.07851835, -12.06511679]]]}}, {"type": "Feature", "properties": {"layer": "edificios_campus", "h": 8.0, "n": "Artes Escénicas", "c": 1, "t": "university", "id": "way/1204040940", "e": 1, "lv": "", "feature_index": 139}, "geometry": {"type": "Polygon", "coordinates": [[[-77.078720445, -12.065160202], [-77.078735145, -12.065100514], [-77.078707587, -12.065093279], [-77.0787131, -12.06507067], [-77.078588168, -12.06503992], [-77.078567036, -12.065123121], [-77.078720445, -12.065160202]]]}}, {"type": "Feature", "properties": {"layer": "edificios_campus", "h": 8.0, "n": "Artes Escénicas", "c": 1, "t": "university", "id": "way/1204040941", "e": 1, "lv": "", "feature_index": 140}, "geometry": {"type": "Polygon", "coordinates": [[[-77.078506407, -12.065128547], [-77.078373208, -12.065099606], [-77.078346563, -12.065215364], [-77.078479762, -12.06524521], [-77.078506407, -12.065128547]]]}}, {"type": "Feature", "properties": {"layer": "edificios_campus", "h": 8.0, "n": "Artes Escénicas", "c": 1, "t": "university", "id": "way/1204040942", "e": 1, "lv": "", "feature_index": 141}, "geometry": {"type": "Polygon", "coordinates": [[[-77.078712176, -12.065180098], [-77.078528454, -12.065136686], [-77.07850089, -12.065249732], [-77.078683694, -12.065293143], [-77.078712176, -12.065180098]]]}}, {"type": "Feature", "properties": {"layer": "edificios_campus", "h": 8.0, "n": "Artes Escénicas", "c": 1, "t": "university", "id": "way/1204040943", "e": 1, "lv": "", "feature_index": 142}, "geometry": {"type": "Polygon", "coordinates": [[[-77.078474249, -12.065266914], [-77.07834105, -12.065237973], [-77.078321755, -12.065323887], [-77.078454036, -12.065353733], [-77.078474249, -12.065266914]]]}}, {"type": "Feature", "properties": {"layer": "edificios_campus", "h": 8.0, "n": "Artes Escénicas", "c": 1, "t": "university", "id": "way/1204040944", "e": 1, "lv": "", "feature_index": 143}, "geometry": {"type": "Polygon", "coordinates": [[[-77.0786791, -12.065318465], [-77.078496296, -12.065275054], [-77.078475164, -12.065358255], [-77.078658887, -12.065401667], [-77.0786791, -12.065318465]]]}}, {"type": "Feature", "properties": {"layer": "edificios_campus", "h": 8.0, "n": "Artes Escénicas", "c": 1, "t": "university", "id": "way/1204040945", "e": 1, "lv": "", "feature_index": 144}, "geometry": {"type": "Polygon", "coordinates": [[[-77.078650618, -12.065426989], [-77.078466895, -12.065383577], [-77.078439332, -12.065496622], [-77.078623054, -12.065540034], [-77.078650618, -12.065426989]]]}}, {"type": "Feature", "properties": {"layer": "edificios_campus", "h": 8.0, "n": "Artes Escénicas", "c": 1, "t": "university", "id": "way/1204040946", "e": 1, "lv": "", "feature_index": 145}, "geometry": {"type": "Polygon", "coordinates": [[[-77.078444849, -12.065375438], [-77.07831165, -12.065346496], [-77.078285005, -12.065462255], [-77.078418204, -12.065491196], [-77.078444849, -12.065375438]]]}}, {"type": "Feature", "properties": {"layer": "edificios_campus", "h": 8.0, "n": "Artes Escénicas", "c": 1, "t": "university", "id": "way/1204040947", "e": 1, "lv": "", "feature_index": 146}, "geometry": {"type": "Polygon", "coordinates": [[[-77.078386964, -12.065628659], [-77.078253765, -12.065598813], [-77.078234471, -12.06568111], [-77.07836767, -12.065710052], [-77.078386964, -12.065628659]]]}}, {"type": "Feature", "properties": {"layer": "edificios_campus", "h": 8.0, "n": "Artes Escénicas", "c": 1, "t": "university", "id": "way/1204040948", "e": 1, "lv": "", "feature_index": 147}, "geometry": {"type": "Polygon", "coordinates": [[[-77.07841361, -12.065509283], [-77.078283167, -12.065480342], [-77.078259278, -12.065583439], [-77.078388802, -12.06561238], [-77.07841361, -12.065509283]]]}}, {"type": "Feature", "properties": {"layer": "edificios_campus", "h": 8.0, "n": "", "c": 1, "t": "university", "id": "way/1385984330", "e": 1, "lv": "", "feature_index": 148}, "geometry": {"type": "Polygon", "coordinates": [[[-77.082204454, -12.072675512], [-77.082145661, -12.072691789], [-77.082154846, -12.072726155], [-77.08215209, -12.072726155], [-77.082154845, -12.072740625], [-77.082132798, -12.072746955], [-77.082132798, -12.072755999], [-77.082178727, -12.072785844], [-77.082215473, -12.072777705], [-77.082231091, -12.072747861], [-77.082226498, -12.072744244], [-77.082236603, -12.072731583], [-77.082229254, -12.072724348], [-77.082222825, -12.07270626], [-77.082213638, -12.072708973], [-77.082204454, -12.072675512]]]}}, {"type": "Feature", "properties": {"layer": "edificios_campus", "h": 8.0, "n": "", "c": 1, "t": "university", "id": "way/1385984331", "e": 1, "lv": "", "feature_index": 149}, "geometry": {"type": "Polygon", "coordinates": [[[-77.081857189, -12.073258823], [-77.08176257, -12.073287761], [-77.081778184, -12.073336597], [-77.081872803, -12.073308563], [-77.081857189, -12.073258823]]]}}, {"type": "Feature", "properties": {"layer": "edificios_campus", "h": 8.0, "n": "", "c": 1, "t": "university", "id": "way/1385984332", "e": 1, "lv": "", "feature_index": 150}, "geometry": {"type": "Polygon", "coordinates": [[[-77.081737766, -12.073296804], [-77.081610995, -12.073338404], [-77.081629365, -12.073392666], [-77.081756137, -12.073351067], [-77.081737766, -12.073296804]]]}}, {"type": "Feature", "properties": {"layer": "edificios_campus", "h": 8.0, "n": "", "c": 1, "t": "university", "id": "way/1385984333", "e": 1, "lv": "", "feature_index": 151}, "geometry": {"type": "Polygon", "coordinates": [[[-77.081519145, -12.073056241], [-77.081453922, -12.073069806], [-77.081462188, -12.073108693], [-77.081528329, -12.073095129], [-77.081519145, -12.073056241]]]}}, {"type": "Feature", "properties": {"layer": "edificios_campus", "h": 8.0, "n": "", "c": 1, "t": "university", "id": "way/1385984334", "e": 1, "lv": "", "feature_index": 152}, "geometry": {"type": "Polygon", "coordinates": [[[-77.081366655, -12.073017351], [-77.0812555, -12.073051716], [-77.081271115, -12.073098743], [-77.081381351, -12.073064379], [-77.081366655, -12.073017351]]]}}, {"type": "Feature", "properties": {"layer": "edificios_campus", "h": 8.0, "n": "", "c": 1, "t": "university", "id": "way/1385984335", "e": 1, "lv": "", "feature_index": 153}, "geometry": {"type": "Polygon", "coordinates": [[[-77.081141572, -12.073480383], [-77.08112596, -12.073386329], [-77.081069005, -12.073389042], [-77.081073594, -12.073480383], [-77.081141572, -12.073480383]]]}}, {"type": "Feature", "properties": {"layer": "edificios_campus", "h": 8.0, "n": "", "c": 1, "t": "university", "id": "way/1385984336", "e": 1, "lv": "", "feature_index": 154}, "geometry": {"type": "Polygon", "coordinates": [[[-77.081141572, -12.073480383], [-77.081197609, -12.07347134], [-77.081181078, -12.073377286], [-77.08112596, -12.073386329], [-77.081141572, -12.073480383]]]}}, {"type": "Feature", "properties": {"layer": "edificios_campus", "h": 8.0, "n": "", "c": 1, "t": "university", "id": "way/1385984337", "e": 1, "lv": "", "feature_index": 155}, "geometry": {"type": "Polygon", "coordinates": [[[-77.080939484, -12.073293178], [-77.080883448, -12.073294986], [-77.080885283, -12.073342013], [-77.080941319, -12.073340205], [-77.080939484, -12.073293178]]]}}, {"type": "Feature", "properties": {"layer": "edificios_campus", "h": 8.0, "n": "", "c": 1, "t": "university", "id": "way/1385984338", "e": 1, "lv": "", "feature_index": 156}, "geometry": {"type": "Polygon", "coordinates": [[[-77.080993682, -12.073303126], [-77.080944995, -12.07330403], [-77.080945912, -12.073340205], [-77.080994599, -12.073338396], [-77.080993682, -12.073303126]]]}}, {"type": "Feature", "properties": {"layer": "edificios_campus", "h": 8.0, "n": "", "c": 1, "t": "university", "id": "way/1385984339", "e": 1, "lv": "", "feature_index": 157}, "geometry": {"type": "Polygon", "coordinates": [[[-77.080736466, -12.073334776], [-77.080715338, -12.07333568], [-77.080717173, -12.073374568], [-77.080738302, -12.073373664], [-77.080736466, -12.073334776]]]}}, {"type": "Feature", "properties": {"layer": "edificios_campus", "h": 8.0, "n": "", "c": 1, "t": "university", "id": "way/1385984340", "e": 1, "lv": "", "feature_index": 158}, "geometry": {"type": "Polygon", "coordinates": [[[-77.080828326, -12.0733809], [-77.080770453, -12.073382708], [-77.080776875, -12.073570816], [-77.080834749, -12.073569007], [-77.080828326, -12.0733809]]]}}, {"type": "Feature", "properties": {"layer": "edificios_campus", "h": 8.0, "n": "", "c": 1, "t": "university", "id": "way/1385984341", "e": 1, "lv": "", "feature_index": 159}, "geometry": {"type": "Polygon", "coordinates": [[[-77.080839353, -12.073322116], [-77.080759432, -12.073324828], [-77.080760349, -12.073357385], [-77.080841188, -12.073353769], [-77.080839353, -12.073322116]]]}}, {"type": "Feature", "properties": {"layer": "edificios_campus", "h": 8.0, "n": "", "c": 1, "t": "university", "id": "way/1385984342", "e": 1, "lv": "", "feature_index": 160}, "geometry": {"type": "Polygon", "coordinates": [[[-77.080786079, -12.07316566], [-77.080736473, -12.07317199], [-77.080742902, -12.073219922], [-77.080792507, -12.073214496], [-77.080786079, -12.07316566]]]}}, {"type": "Feature", "properties": {"layer": "edificios_campus", "h": 8.0, "n": "", "c": 1, "t": "university", "id": "way/1385984343", "e": 1, "lv": "", "feature_index": 161}, "geometry": {"type": "Polygon", "coordinates": [[[-77.079310764, -12.073337472], [-77.079340158, -12.073388117], [-77.079430185, -12.073338378], [-77.079400791, -12.073287733], [-77.079310764, -12.073337472]]]}}, {"type": "Feature", "properties": {"layer": "edificios_campus", "h": 3.2, "n": "", "c": 1, "t": "yes", "id": "way/1428793440", "e": 0, "lv": "1", "feature_index": 162}, "geometry": {"type": "Polygon", "coordinates": [[[-77.079764558, -12.073466802], [-77.079714033, -12.073478558], [-77.079728729, -12.073534629], [-77.079778335, -12.073521968], [-77.079764558, -12.073466802]]]}}, {"type": "Feature", "properties": {"layer": "edificios_entorno", "h": 24.0, "n": "", "c": 0, "t": "yes", "id": "way/201423242", "e": 0, "feature_index": 1}, "geometry": {"type": "Polygon", "coordinates": [[[-77.079199532, -12.075150722], [-77.078810032, -12.075237536], [-77.07883483, -12.075343347], [-77.079223411, -12.075256533], [-77.079199532, -12.075150722]]]}}, {"type": "Feature", "properties": {"layer": "edificios_entorno", "h": 8.0, "n": "Centro Comercial Shopping Center San Miguel", "c": 0, "t": "yes", "id": "way/225365961", "e": 1, "feature_index": 2}, "geometry": {"type": "Polygon", "coordinates": [[[-77.082105147, -12.074863168], [-77.081632974, -12.074906572], [-77.081650404, -12.075456426], [-77.082149217, -12.075418448], [-77.082105147, -12.074863168]]]}}, {"type": "Feature", "properties": {"layer": "edificios_entorno", "h": 8.0, "n": "Boulevard Plaza San Miguel", "c": 0, "t": "yes", "id": "way/225365963", "e": 1, "feature_index": 3}, "geometry": {"type": "Polygon", "coordinates": [[[-77.082939219, -12.075740411], [-77.08237059, -12.075779292], [-77.082394463, -12.076018045], [-77.082954825, -12.075973737], [-77.082939219, -12.075740411]]]}}, {"type": "Feature", "properties": {"layer": "edificios_entorno", "h": 8.0, "n": "Coney Park", "c": 0, "t": "yes", "id": "way/225365964", "e": 1, "feature_index": 4}, "geometry": {"type": "Polygon", "coordinates": [[[-77.082182261, -12.076032512], [-77.082162063, -12.075751254], [-77.08146299, -12.075800082], [-77.081484106, -12.07608134], [-77.082182261, -12.076032512]]]}}, {"type": "Feature", "properties": {"layer": "edificios_entorno", "h": 8.0, "n": "Centro de Convenciones Plaza San Miguel", "c": 0, "t": "yes", "id": "way/225365965", "e": 1, "feature_index": 5}, "geometry": {"type": "Polygon", "coordinates": [[[-77.081423488, -12.075813647], [-77.081056038, -12.07583173], [-77.080702362, -12.075994511], [-77.080692255, -12.076026164], [-77.08077676, -12.076225125], [-77.080824527, -12.076259492], [-77.081101035, -12.076191667], [-77.081437254, -12.076127462], [-77.081458383, -12.076112088], [-77.08144186, -12.0758245], [-77.081423488, -12.075813647]]]}}, {"type": "Feature", "properties": {"layer": "edificios_entorno", "h": 8.0, "n": "Maestro", "c": 0, "t": "yes", "id": "way/225365966", "e": 1, "feature_index": 6}, "geometry": {"type": "Polygon", "coordinates": [[[-77.080210853, -12.077035429], [-77.080630666, -12.076986598], [-77.080199874, -12.076010784], [-77.08009516, -12.075821771], [-77.079758938, -12.075953804], [-77.080210853, -12.077035429]]]}}, {"type": "Feature", "properties": {"layer": "edificios_entorno", "h": 10.0, "n": "", "c": 0, "t": "yes", "id": "way/293493224", "e": 0, "feature_index": 7}, "geometry": {"type": "Polygon", "coordinates": [[[-77.082579453, -12.068049692], [-77.081977752, -12.068122938], [-77.081993363, -12.068243219], [-77.082067772, -12.068234176], [-77.082148584, -12.068854571], [-77.082671283, -12.068791272], [-77.082579453, -12.068049692]]]}}, {"type": "Feature", "properties": {"layer": "edificios_entorno", "h": 8.0, "n": "", "c": 0, "t": "yes", "id": "way/294594368", "e": 1, "feature_index": 8}, "geometry": {"type": "Polygon", "coordinates": [[[-77.082516021, -12.069123172], [-77.08202823, -12.069186472], [-77.082054866, -12.069269673], [-77.082521528, -12.069225365], [-77.082516021, -12.069123172]]]}}, {"type": "Feature", "properties": {"layer": "edificios_entorno", "h": 4.0, "n": "", "c": 0, "t": "yes", "id": "way/294594369", "e": 0, "feature_index": 9}, "geometry": {"type": "Polygon", "coordinates": [[[-77.083413582, -12.067587572], [-77.083561481, -12.067565869], [-77.08355689, -12.067507989], [-77.083431039, -12.067509796], [-77.083388784, -12.067469099], [-77.083373174, -12.067310836], [-77.083324487, -12.067315357], [-77.083421831, -12.068009005], [-77.083490726, -12.068052416], [-77.083555031, -12.068024381], [-77.083547684, -12.06798278], [-77.083495322, -12.067996345], [-77.083459496, -12.06797464], [-77.083413582, -12.067587572]]]}}, {"type": "Feature", "properties": {"layer": "edificios_entorno", "h": 8.0, "n": "", "c": 0, "t": "roof", "id": "way/294594370", "e": 1, "feature_index": 10}, "geometry": {"type": "Polygon", "coordinates": [[[-77.083490726, -12.068052416], [-77.083461331, -12.068034328], [-77.083446632, -12.068060554], [-77.083465921, -12.068091303], [-77.083468673, -12.068192592], [-77.083435602, -12.068207966], [-77.083459476, -12.068434962], [-77.083532046, -12.068464806], [-77.083726796, -12.068430443], [-77.083769057, -12.068329155], [-77.083735987, -12.06832011], [-77.08368454, -12.068404216], [-77.083654225, -12.068415068], [-77.083622993, -12.068387032], [-77.083583491, -12.068406023], [-77.083558687, -12.068434963], [-77.08353021, -12.06843858], [-77.083497141, -12.068404214], [-77.083492551, -12.068341812], [-77.083519191, -12.068341813], [-77.083512764, -12.068264037], [-77.083476937, -12.068270367], [-77.083476939, -12.068225149], [-77.083512767, -12.068177218], [-77.083490726, -12.068052416]]]}}, {"type": "Feature", "properties": {"layer": "edificios_entorno", "h": 8.0, "n": "", "c": 0, "t": "yes", "id": "way/294596343", "e": 1, "feature_index": 11}, "geometry": {"type": "Polygon", "coordinates": [[[-77.081937332, -12.068126555], [-77.081835364, -12.06814012], [-77.081854649, -12.068279392], [-77.081956617, -12.068265828], [-77.08194927, -12.068214279], [-77.081974992, -12.068210662], [-77.081968564, -12.068164539], [-77.081932737, -12.068160017], [-77.081937332, -12.068126555]]]}}, {"type": "Feature", "properties": {"layer": "edificios_entorno", "h": 8.0, "n": "Entrada", "c": 0, "t": "retail", "id": "way/294602558", "e": 1, "feature_index": 12}, "geometry": {"type": "Polygon", "coordinates": [[[-77.08199242, -12.068810255], [-77.081970372, -12.068824725], [-77.081966691, -12.068982989], [-77.082052123, -12.068965807], [-77.082052125, -12.068937772], [-77.082001601, -12.068917875], [-77.08199242, -12.068810255]]]}}, {"type": "Feature", "properties": {"layer": "edificios_entorno", "h": 3.2, "n": "Aves", "c": 0, "t": "yes", "id": "way/316316386", "e": 0, "feature_index": 13}, "geometry": {"type": "Polygon", "coordinates": [[[-77.084376214, -12.069538297], [-77.084388154, -12.069586228], [-77.084719779, -12.069527449], [-77.084787757, -12.06951931], [-77.084787756, -12.069560006], [-77.084731717, -12.069615172], [-77.084503897, -12.06965044], [-77.084479093, -12.069681188], [-77.084488278, -12.069717362], [-77.084773971, -12.069684809], [-77.084775812, -12.069591659], [-77.084853895, -12.069593469], [-77.084869516, -12.069491276], [-77.084723456, -12.069474091], [-77.084376214, -12.069538297]]]}}, {"type": "Feature", "properties": {"layer": "edificios_entorno", "h": 3.2, "n": "Felinos Pequeños", "c": 0, "t": "yes", "id": "way/316316392", "e": 0, "feature_index": 14}, "geometry": {"type": "Polygon", "coordinates": [[[-77.083633147, -12.067256577], [-77.083637742, -12.067224924], [-77.083627639, -12.067181514], [-77.083606512, -12.067150766], [-77.083571605, -12.067129061], [-77.083533942, -12.067120921], [-77.083498115, -12.06712092], [-77.083458614, -12.06713539], [-77.083432892, -12.067155286], [-77.083410843, -12.067194173], [-77.083409004, -12.067236678], [-77.083412677, -12.067262905], [-77.083426456, -12.067283705], [-77.083459527, -12.067264714], [-77.083448504, -12.06724934], [-77.083445749, -12.067228539], [-77.08345953, -12.067190556], [-77.083489846, -12.067167947], [-77.083516486, -12.067161617], [-77.083545882, -12.067164331], [-77.083575277, -12.067183323], [-77.083595485, -12.067214976], [-77.083591809, -12.067249341], [-77.083633147, -12.067256577]]]}}, {"type": "Feature", "properties": {"layer": "edificios_entorno", "h": 3.2, "n": "", "c": 0, "t": "hut", "id": "way/316316410", "e": 0, "feature_index": 15}, "geometry": {"type": "Polygon", "coordinates": [[[-77.083781921, -12.068251379], [-77.083760793, -12.068245953], [-77.083744257, -12.068250475], [-77.083725884, -12.068268562], [-77.083724045, -12.068297501], [-77.083741498, -12.068319206], [-77.083763545, -12.068324633], [-77.083791104, -12.068312876], [-77.083802129, -12.068289363], [-77.08380121, -12.068283032], [-77.083797537, -12.068266754], [-77.083781921, -12.068251379]]]}}, {"type": "Feature", "properties": {"layer": "edificios_entorno", "h": 3.2, "n": "", "c": 0, "t": "hut", "id": "way/316316411", "e": 0, "feature_index": 16}, "geometry": {"type": "Polygon", "coordinates": [[[-77.0838922, -12.067224927], [-77.08387199, -12.067219501], [-77.083854536, -12.067224022], [-77.083837082, -12.067242109], [-77.083835243, -12.067271049], [-77.083852696, -12.067292754], [-77.083874743, -12.06729818], [-77.083901383, -12.067286424], [-77.083913327, -12.067262911], [-77.083908734, -12.067240301], [-77.0838922, -12.067224927]]]}}, {"type": "Feature", "properties": {"layer": "edificios_entorno", "h": 8.0, "n": "", "c": 0, "t": "yes", "id": "way/387031763", "e": 1, "feature_index": 17}, "geometry": {"type": "Polygon", "coordinates": [[[-77.078132123, -12.074453444], [-77.077862045, -12.074505894], [-77.077919906, -12.074789865], [-77.077851928, -12.074802525], [-77.077865704, -12.074870353], [-77.078155073, -12.074814286], [-77.078130275, -12.074695814], [-77.078178962, -12.074685866], [-77.078132123, -12.074453444]]]}}, {"type": "Feature", "properties": {"layer": "edificios_entorno", "h": 8.0, "n": "", "c": 0, "t": "yes", "id": "way/387031768", "e": 1, "feature_index": 18}, "geometry": {"type": "Polygon", "coordinates": [[[-77.077981605, -12.071323437], [-77.077325702, -12.071463606], [-77.077360604, -12.071602878], [-77.077702332, -12.071590221], [-77.078014666, -12.071520589], [-77.077981605, -12.071323437]]]}}, {"type": "Feature", "properties": {"layer": "edificios_entorno", "h": 8.0, "n": "", "c": 0, "t": "yes", "id": "way/387071619", "e": 1, "feature_index": 19}, "geometry": {"type": "Polygon", "coordinates": [[[-77.077176853, -12.072198852], [-77.077068455, -12.072211512], [-77.077140083, -12.072780358], [-77.077248481, -12.072767698], [-77.077176853, -12.072198852]]]}}, {"type": "Feature", "properties": {"layer": "edificios_entorno", "h": 8.0, "n": "", "c": 0, "t": "yes", "id": "way/387071620", "e": 1, "feature_index": 20}, "geometry": {"type": "Polygon", "coordinates": [[[-77.078076148, -12.073041731], [-77.07756631, -12.073110456], [-77.077623247, -12.073516517], [-77.078133085, -12.073447791], [-77.078076148, -12.073041731]]]}}, {"type": "Feature", "properties": {"layer": "edificios_entorno", "h": 8.0, "n": "", "c": 0, "t": "yes", "id": "way/387071638", "e": 1, "feature_index": 21}, "geometry": {"type": "Polygon", "coordinates": [[[-77.082601583, -12.066127918], [-77.082522582, -12.066119778], [-77.082526258, -12.06608722], [-77.082446338, -12.06607908], [-77.082442662, -12.066116159], [-77.082387545, -12.066109828], [-77.082378355, -12.066185794], [-77.082593312, -12.066207502], [-77.082601583, -12.066127918]]]}}, {"type": "Feature", "properties": {"layer": "edificios_entorno", "h": 8.0, "n": "", "c": 0, "t": "yes", "id": "way/393067874", "e": 1, "feature_index": 22}, "geometry": {"type": "Polygon", "coordinates": [[[-77.083325108, -12.074174057], [-77.083220383, -12.074218369], [-77.083243337, -12.074496009], [-77.083347141, -12.074502341], [-77.083325108, -12.074174057]]]}}, {"type": "Feature", "properties": {"layer": "edificios_entorno", "h": 8.0, "n": "", "c": 0, "t": "yes", "id": "way/393068232", "e": 1, "feature_index": 23}, "geometry": {"type": "Polygon", "coordinates": [[[-77.082943821, -12.075518842], [-77.082684769, -12.075526978], [-77.082682931, -12.075563153], [-77.082662721, -12.075565866], [-77.082660881, -12.075613797], [-77.082936469, -12.075586669], [-77.082943821, -12.075518842]]]}}, {"type": "Feature", "properties": {"layer": "edificios_entorno", "h": 8.0, "n": "", "c": 0, "t": "yes", "id": "way/393068233", "e": 1, "feature_index": 24}, "geometry": {"type": "Polygon", "coordinates": [[[-77.082874936, -12.075248436], [-77.08266549, -12.075248434], [-77.082653545, -12.075325305], [-77.082862992, -12.075309933], [-77.082874936, -12.075248436]]]}}, {"type": "Feature", "properties": {"layer": "edificios_entorno", "h": 8.0, "n": "", "c": 0, "t": "yes", "id": "way/393068234", "e": 1, "feature_index": 25}, "geometry": {"type": "Polygon", "coordinates": [[[-77.082425747, -12.074852319], [-77.082348583, -12.074854127], [-77.082327453, -12.074886684], [-77.08233112, -12.075068461], [-77.082441355, -12.075054897], [-77.082425747, -12.074852319]]]}}, {"type": "Feature", "properties": {"layer": "edificios_entorno", "h": 8.0, "n": "D'Paso Shopping Center", "c": 0, "t": "yes", "id": "way/401693254", "e": 1, "feature_index": 26}, "geometry": {"type": "Polygon", "coordinates": [[[-77.079862794, -12.07475914], [-77.079470572, -12.074083575], [-77.07930246, -12.074185766], [-77.079823293, -12.074766374], [-77.079862794, -12.07475914]]]}}, {"type": "Feature", "properties": {"layer": "edificios_entorno", "h": 36.0, "n": "", "c": 0, "t": "apartments", "id": "way/401693255", "e": 0, "feature_index": 27}, "geometry": {"type": "Polygon", "coordinates": [[[-77.07909758, -12.074788975], [-77.078761362, -12.07484685], [-77.078765036, -12.074865842], [-77.078744826, -12.074872172], [-77.078759521, -12.074929147], [-77.078779731, -12.074927339], [-77.078785242, -12.07494633], [-77.07916923, -12.074867655], [-77.079270281, -12.074792594], [-77.079277633, -12.074724767], [-77.079260181, -12.074690401], [-77.079155455, -12.074766366], [-77.07909758, -12.074788975]]]}}, {"type": "Feature", "properties": {"layer": "edificios_entorno", "h": 36.0, "n": "", "c": 0, "t": "apartments", "id": "way/401693256", "e": 0, "feature_index": 28}, "geometry": {"type": "Polygon", "coordinates": [[[-77.079260181, -12.074690401], [-77.078641065, -12.073874657], [-77.078607075, -12.073899074], [-77.078586869, -12.073813159], [-77.078456423, -12.073843002], [-77.078481221, -12.073947004], [-77.078553793, -12.073930726], [-77.078577673, -12.074029302], [-77.078821094, -12.07434945], [-77.078651144, -12.074473346], [-77.078697991, -12.074533939], [-77.078878047, -12.074401904], [-77.079155455, -12.074766366], [-77.079260181, -12.074690401]]]}}, {"type": "Feature", "properties": {"layer": "edificios_entorno", "h": 8.0, "n": "", "c": 0, "t": "yes", "id": "way/408906813", "e": 1, "feature_index": 29}, "geometry": {"type": "Polygon", "coordinates": [[[-77.077015222, -12.0711317], [-77.076938059, -12.071091003], [-77.076633074, -12.071153401], [-77.076631235, -12.071187766], [-77.076601839, -12.071194097], [-77.076593573, -12.071166966], [-77.076558664, -12.071184148], [-77.07660183, -12.07141657], [-77.077060227, -12.071313478], [-77.077015222, -12.0711317]]]}}, {"type": "Feature", "properties": {"layer": "edificios_entorno", "h": 8.0, "n": "", "c": 0, "t": "yes", "id": "way/408906816", "e": 1, "feature_index": 30}, "geometry": {"type": "Polygon", "coordinates": [[[-77.0772798, -12.070789854], [-77.077135576, -12.070808844], [-77.077289878, -12.071418387], [-77.077410219, -12.07138764], [-77.0772798, -12.070789854]]]}}, {"type": "Feature", "properties": {"layer": "edificios_entorno", "h": 8.0, "n": "", "c": 0, "t": "yes", "id": "way/408906817", "e": 1, "feature_index": 31}, "geometry": {"type": "Polygon", "coordinates": [[[-77.076337287, -12.07094268], [-77.076217865, -12.07096981], [-77.076261954, -12.071080143], [-77.07627571, -12.071620953], [-77.076427282, -12.071632711], [-77.076519148, -12.071539563], [-77.076404342, -12.0710295], [-77.076360248, -12.071039448], [-77.076337287, -12.07094268]]]}}, {"type": "Feature", "properties": {"layer": "edificios_entorno", "h": 8.0, "n": "", "c": 0, "t": "yes", "id": "way/408906819", "e": 1, "feature_index": 32}, "geometry": {"type": "Polygon", "coordinates": [[[-77.076973893, -12.070919174], [-77.076577964, -12.070996945], [-77.076593577, -12.071063868], [-77.076991344, -12.070990619], [-77.076973893, -12.070919174]]]}}, {"type": "Feature", "properties": {"layer": "edificios_entorno", "h": 8.0, "n": "", "c": 0, "t": "yes", "id": "way/408906826", "e": 1, "feature_index": 33}, "geometry": {"type": "Polygon", "coordinates": [[[-77.078608878, -12.074682254], [-77.07846649, -12.074712096], [-77.078449958, -12.074637034], [-77.078598776, -12.074606287], [-77.078580408, -12.074520372], [-77.078170698, -12.074607186], [-77.078189985, -12.074703954], [-77.078367281, -12.074665973], [-77.078380139, -12.074724756], [-77.078178959, -12.074767259], [-77.078203757, -12.074880305], [-77.078632757, -12.074790778], [-77.078608878, -12.074682254]]]}}, {"type": "Feature", "properties": {"layer": "edificios_entorno", "h": 8.0, "n": "", "c": 0, "t": "yes", "id": "way/408906829", "e": 1, "feature_index": 34}, "geometry": {"type": "Polygon", "coordinates": [[[-77.078366353, -12.07488302], [-77.078286432, -12.074898393], [-77.078282758, -12.07488121], [-77.077900608, -12.074956268], [-77.077898771, -12.074945416], [-77.077791292, -12.074966215], [-77.077820681, -12.075112722], [-77.078391151, -12.075000588], [-77.078366353, -12.07488302]]]}}, {"type": "Feature", "properties": {"layer": "edificios_entorno", "h": 8.0, "n": "", "c": 0, "t": "yes", "id": "way/408906830", "e": 1, "feature_index": 35}, "geometry": {"type": "Polygon", "coordinates": [[[-77.077503859, -12.072742379], [-77.077248481, -12.072767698], [-77.077270519, -12.072968468], [-77.077526816, -12.072945861], [-77.077503859, -12.072742379]]]}}, {"type": "Feature", "properties": {"layer": "edificios_entorno", "h": 8.0, "n": "", "c": 0, "t": "yes", "id": "way/408906833", "e": 1, "feature_index": 36}, "geometry": {"type": "Polygon", "coordinates": [[[-77.077606745, -12.07274238], [-77.077505696, -12.072761371], [-77.07752498, -12.072925965], [-77.077626028, -12.072918732], [-77.077606745, -12.07274238]]]}}, {"type": "Feature", "properties": {"layer": "edificios_entorno", "h": 8.0, "n": "", "c": 0, "t": "yes", "id": "way/412569086", "e": 1, "feature_index": 37}, "geometry": {"type": "Polygon", "coordinates": [[[-77.084640801, -12.068973072], [-77.084356026, -12.069028235], [-77.084367966, -12.069087019], [-77.084651822, -12.069031856], [-77.084640801, -12.068973072]]]}}, {"type": "Feature", "properties": {"layer": "edificios_entorno", "h": 8.0, "n": "", "c": 0, "t": "yes", "id": "way/412570372", "e": 1, "feature_index": 38}, "geometry": {"type": "Polygon", "coordinates": [[[-77.083493537, -12.066780879], [-77.083316242, -12.066804391], [-77.083329099, -12.066877644], [-77.083506394, -12.066860464], [-77.083493537, -12.066780879]]]}}, {"type": "Feature", "properties": {"layer": "edificios_entorno", "h": 8.0, "n": "", "c": 0, "t": "yes", "id": "way/412570373", "e": 1, "feature_index": 39}, "geometry": {"type": "Polygon", "coordinates": [[[-77.083465974, -12.066874933], [-77.083363088, -12.066890306], [-77.083364921, -12.066975316], [-77.083474238, -12.066965369], [-77.083465974, -12.066874933]]]}}, {"type": "Feature", "properties": {"layer": "edificios_entorno", "h": 8.0, "n": "", "c": 0, "t": "yes", "id": "way/412570968", "e": 1, "feature_index": 40}, "geometry": {"type": "Polygon", "coordinates": [[[-77.08540586, -12.072528138], [-77.085299301, -12.072486536], [-77.085268064, -12.072571546], [-77.085241424, -12.072570641], [-77.085223969, -12.072614955], [-77.085365434, -12.072671931], [-77.085376459, -12.072634852], [-77.085327774, -12.072591442], [-77.085360847, -12.072539894], [-77.085385649, -12.072547129], [-77.08540586, -12.072528138]]]}}, {"type": "Feature", "properties": {"layer": "edificios_entorno", "h": 8.0, "n": "Museo de Sitio Ernst W.Middendorf", "c": 0, "t": "yes", "id": "way/430888751", "e": 1, "feature_index": 41}, "geometry": {"type": "Polygon", "coordinates": [[[-77.082604199, -12.069350168], [-77.082299211, -12.069469541], [-77.082397493, -12.069709198], [-77.082483845, -12.069674834], [-77.082478335, -12.069635946], [-77.082647365, -12.069569025], [-77.082624401, -12.069512954], [-77.082664822, -12.06949758], [-77.082604199, -12.069350168]]]}}, {"type": "Feature", "properties": {"layer": "edificios_entorno", "h": 8.0, "n": "", "c": 0, "t": "yes", "id": "way/430889408", "e": 1, "feature_index": 42}, "geometry": {"type": "Polygon", "coordinates": [[[-77.083908686, -12.068348148], [-77.083847138, -12.068368947], [-77.083873774, -12.068465715], [-77.08394359, -12.068444915], [-77.083908686, -12.068348148]]]}}, {"type": "Feature", "properties": {"layer": "edificios_entorno", "h": 8.0, "n": "", "c": 0, "t": "yes", "id": "way/430889542", "e": 1, "feature_index": 43}, "geometry": {"type": "Polygon", "coordinates": [[[-77.083928949, -12.06712816], [-77.083850866, -12.067130873], [-77.083869236, -12.067186943], [-77.083904143, -12.067197796], [-77.083936296, -12.067172474], [-77.083928949, -12.06712816]]]}}, {"type": "Feature", "properties": {"layer": "edificios_entorno", "h": 8.0, "n": "", "c": 0, "t": "yes", "id": "way/430911682", "e": 1, "feature_index": 44}, "geometry": {"type": "Polygon", "coordinates": [[[-77.085494983, -12.072146497], [-77.085419654, -12.072173627], [-77.085448128, -12.072247785], [-77.085522538, -12.072219751], [-77.085494983, -12.072146497]]]}}, {"type": "Feature", "properties": {"layer": "edificios_entorno", "h": 8.0, "n": "", "c": 0, "t": "yes", "id": "way/431578780", "e": 1, "feature_index": 45}, "geometry": {"type": "Polygon", "coordinates": [[[-77.084489116, -12.071561361], [-77.08444594, -12.071593014], [-77.084496461, -12.071666268], [-77.084547904, -12.071648181], [-77.084489116, -12.071561361]]]}}, {"type": "Feature", "properties": {"layer": "edificios_entorno", "h": 8.0, "n": "", "c": 0, "t": "yes", "id": "way/431578869", "e": 1, "feature_index": 46}, "geometry": {"type": "Polygon", "coordinates": [[[-77.08429531, -12.071021454], [-77.08422825, -12.07103954], [-77.084263153, -12.071144447], [-77.084330214, -12.071115508], [-77.08429531, -12.071021454]]]}}, {"type": "Feature", "properties": {"layer": "edificios_entorno", "h": 8.0, "n": "Colegio Karol Wojtyla", "c": 0, "t": "yes", "id": "way/435326241", "e": 1, "feature_index": 47}, "geometry": {"type": "Polygon", "coordinates": [[[-77.078745323, -12.063425631], [-77.078652543, -12.063405734], [-77.07862406, -12.063535058], [-77.078715921, -12.063554955], [-77.078745323, -12.063425631]]]}}, {"type": "Feature", "properties": {"layer": "edificios_entorno", "h": 8.0, "n": "San Antonio ABAD", "c": 0, "t": "yes", "id": "way/435326242", "e": 1, "feature_index": 48}, "geometry": {"type": "Polygon", "coordinates": [[[-77.078762783, -12.063287264], [-77.078795859, -12.063160653], [-77.0787288, -12.063144374], [-77.078695724, -12.063270985], [-77.078762783, -12.063287264]]]}}, {"type": "Feature", "properties": {"layer": "edificios_entorno", "h": 8.0, "n": "", "c": 0, "t": "yes", "id": "way/435340538", "e": 1, "feature_index": 49}, "geometry": {"type": "Polygon", "coordinates": [[[-77.077602277, -12.069866501], [-77.077414876, -12.069905387], [-77.077431408, -12.069982258], [-77.077619727, -12.069943373], [-77.077602277, -12.069866501]]]}}, {"type": "Feature", "properties": {"layer": "edificios_entorno", "h": 8.0, "n": "", "c": 0, "t": "yes", "id": "way/435340541", "e": 1, "feature_index": 50}, "geometry": {"type": "Polygon", "coordinates": [[[-77.07763087, -12.067200435], [-77.077454495, -12.067194103], [-77.077451735, -12.067285444], [-77.077627191, -12.067291776], [-77.07763087, -12.067200435]]]}}, {"type": "Feature", "properties": {"layer": "edificios_entorno", "h": 8.0, "n": "Farola", "c": 0, "t": "yes", "id": "way/435341851", "e": 1, "feature_index": 51}, "geometry": {"type": "Polygon", "coordinates": [[[-77.077766881, -12.065936136], [-77.077766882, -12.065900865], [-77.077707172, -12.065900865], [-77.07770717, -12.065935231], [-77.077766881, -12.065936136]]]}}, {"type": "Feature", "properties": {"layer": "edificios_entorno", "h": 8.0, "n": "Full Sanguchón", "c": 0, "t": "yes", "id": "way/435341852", "e": 1, "feature_index": 52}, "geometry": {"type": "Polygon", "coordinates": [[[-77.077766881, -12.065936136], [-77.07770717, -12.065935231], [-77.077707169, -12.065973214], [-77.077765961, -12.065973215], [-77.077766881, -12.065936136]]]}}, {"type": "Feature", "properties": {"layer": "edificios_entorno", "h": 8.0, "n": "", "c": 0, "t": "yes", "id": "way/435341853", "e": 1, "feature_index": 53}, "geometry": {"type": "Polygon", "coordinates": [[[-77.077828457, -12.065271428], [-77.077656676, -12.065247913], [-77.077646568, -12.065317549], [-77.07781835, -12.065341064], [-77.077828457, -12.065271428]]]}}, {"type": "Feature", "properties": {"layer": "edificios_entorno", "h": 8.0, "n": "", "c": 0, "t": "commercial", "id": "way/435826878", "e": 1, "feature_index": 54}, "geometry": {"type": "Polygon", "coordinates": [[[-77.077711584, -12.070069985], [-77.077537963, -12.070100731], [-77.077507646, -12.070154088], [-77.077537035, -12.07031597], [-77.077712493, -12.070285224], [-77.07774281, -12.070241814], [-77.077711584, -12.070069985]]]}}, {"type": "Feature", "properties": {"layer": "edificios_entorno", "h": 8.0, "n": "", "c": 0, "t": "yes", "id": "way/435851170", "e": 1, "feature_index": 55}, "geometry": {"type": "Polygon", "coordinates": [[[-77.075796348, -12.067941088], [-77.075834936, -12.067808147], [-77.075808297, -12.067800912], [-77.075822078, -12.06775479], [-77.075684286, -12.0677159], [-77.075631917, -12.067895868], [-77.075796348, -12.067941088]]]}}, {"type": "Feature", "properties": {"layer": "edificios_entorno", "h": 8.0, "n": "", "c": 0, "t": "yes", "id": "way/435869706", "e": 1, "feature_index": 56}, "geometry": {"type": "Polygon", "coordinates": [[[-77.077439762, -12.067990848], [-77.07738464, -12.068088518], [-77.077367187, -12.068081283], [-77.077285429, -12.068082187], [-77.077275322, -12.068145492], [-77.077188972, -12.068134639], [-77.077154976, -12.068293806], [-77.07727899, -12.068292904], [-77.077427809, -12.068251305], [-77.077514162, -12.068180765], [-77.077598681, -12.068060486], [-77.077439762, -12.067990848]]]}}, {"type": "Feature", "properties": {"layer": "edificios_entorno", "h": 8.0, "n": "Serenazgo Metropolitano Sin Fronteras", "c": 0, "t": "yes", "id": "way/435875351", "e": 1, "feature_index": 57}, "geometry": {"type": "Polygon", "coordinates": [[[-77.077857724, -12.068252214], [-77.077779641, -12.068250404], [-77.077779639, -12.068302857], [-77.077854047, -12.068300145], [-77.077857724, -12.068252214]]]}}, {"type": "Feature", "properties": {"layer": "edificios_entorno", "h": 8.0, "n": "", "c": 0, "t": "yes", "id": "way/442973716", "e": 1, "feature_index": 58}, "geometry": {"type": "Polygon", "coordinates": [[[-77.080724426, -12.075585739], [-77.080668396, -12.075468171], [-77.080474562, -12.075557701], [-77.080531512, -12.075674364], [-77.080724426, -12.075585739]]]}}, {"type": "Feature", "properties": {"layer": "edificios_entorno", "h": 8.0, "n": "", "c": 0, "t": "yes", "id": "way/442973723", "e": 1, "feature_index": 59}, "geometry": {"type": "Polygon", "coordinates": [[[-77.081289398, -12.075148937], [-77.081205803, -12.07515165], [-77.081207638, -12.07520772], [-77.081291233, -12.075205008], [-77.081289398, -12.075148937]]]}}, {"type": "Feature", "properties": {"layer": "edificios_entorno", "h": 8.0, "n": "", "c": 0, "t": "yes", "id": "way/442973724", "e": 1, "feature_index": 60}, "geometry": {"type": "Polygon", "coordinates": [[[-77.08117457, -12.075162502], [-77.081104754, -12.075165214], [-77.081105672, -12.075187823], [-77.081079032, -12.075188727], [-77.081080868, -12.07522671], [-77.081163544, -12.075223998], [-77.081162626, -12.075202294], [-77.081176405, -12.075201389], [-77.08117457, -12.075162502]]]}}, {"type": "Feature", "properties": {"layer": "edificios_entorno", "h": 8.0, "n": "", "c": 0, "t": "yes", "id": "way/442973725", "e": 1, "feature_index": 61}, "geometry": {"type": "Polygon", "coordinates": [[[-77.08104137, -12.075154361], [-77.080995439, -12.075156169], [-77.080994521, -12.075141699], [-77.080952264, -12.075142603], [-77.080955015, -12.07526017], [-77.08100462, -12.075258362], [-77.08100462, -12.075278258], [-77.081040446, -12.07527645], [-77.081038612, -12.075205005], [-77.081011054, -12.075195057], [-77.081010135, -12.0751833], [-77.081042287, -12.0751833], [-77.08104137, -12.075154361]]]}}, {"type": "Feature", "properties": {"layer": "edificios_entorno", "h": 8.0, "n": "", "c": 0, "t": "yes", "id": "way/442973726", "e": 1, "feature_index": 62}, "geometry": {"type": "Polygon", "coordinates": [[[-77.080787828, -12.075191437], [-77.080710664, -12.075196862], [-77.080713418, -12.075238463], [-77.080748326, -12.07523575], [-77.080749244, -12.075252029], [-77.080792419, -12.075248412], [-77.080787828, -12.075191437]]]}}, {"type": "Feature", "properties": {"layer": "edificios_entorno", "h": 8.0, "n": "Manos Criollas", "c": 0, "t": "yes", "id": "way/442973727", "e": 1, "feature_index": 63}, "geometry": {"type": "Polygon", "coordinates": [[[-77.081380352, -12.074911091], [-77.081270117, -12.074914707], [-77.081271952, -12.074966256], [-77.081287569, -12.074965351], [-77.081288486, -12.074999717], [-77.081383104, -12.074997005], [-77.081380352, -12.074911091]]]}}, {"type": "Feature", "properties": {"layer": "edificios_entorno", "h": 8.0, "n": "", "c": 0, "t": "yes", "id": "way/442973728", "e": 1, "feature_index": 64}, "geometry": {"type": "Polygon", "coordinates": [[[-77.082456043, -12.075272849], [-77.082352239, -12.075278274], [-77.082355911, -12.075340675], [-77.082459715, -12.075334346], [-77.082456043, -12.075272849]]]}}, {"type": "Feature", "properties": {"layer": "edificios_entorno", "h": 8.0, "n": "", "c": 0, "t": "yes", "id": "way/442973729", "e": 1, "feature_index": 65}, "geometry": {"type": "Polygon", "coordinates": [[[-77.082472585, -12.075135386], [-77.082429409, -12.075134481], [-77.08242849, -12.075149855], [-77.08240828, -12.075148951], [-77.0824092, -12.075131768], [-77.08236878, -12.075130863], [-77.08236694, -12.075210447], [-77.082470744, -12.075213161], [-77.082472585, -12.075135386]]]}}, {"type": "Feature", "properties": {"layer": "edificios_entorno", "h": 8.0, "n": "", "c": 0, "t": "yes", "id": "way/442973730", "e": 1, "feature_index": 66}, "geometry": {"type": "Polygon", "coordinates": [[[-77.082588343, -12.074852321], [-77.08252404, -12.074857747], [-77.082529549, -12.074915626], [-77.082570887, -12.074912009], [-77.082575478, -12.074962654], [-77.082528628, -12.07496627], [-77.082533219, -12.075017819], [-77.082602116, -12.075012394], [-77.082588343, -12.074852321]]]}}, {"type": "Feature", "properties": {"layer": "edificios_entorno", "h": 8.0, "n": "", "c": 0, "t": "yes", "id": "way/442973731", "e": 1, "feature_index": 67}, "geometry": {"type": "Polygon", "coordinates": [[[-77.082878629, -12.074831524], [-77.082767476, -12.07482881], [-77.082765636, -12.074885785], [-77.082876789, -12.074888499], [-77.082878629, -12.074831524]]]}}, {"type": "Feature", "properties": {"layer": "edificios_entorno", "h": 8.0, "n": "", "c": 0, "t": "yes", "id": "way/442973732", "e": 1, "feature_index": 68}, "geometry": {"type": "Polygon", "coordinates": [[[-77.082824418, -12.075113685], [-77.082750928, -12.07511278], [-77.082750008, -12.075143528], [-77.0828088, -12.075143529], [-77.082808799, -12.075169756], [-77.082823497, -12.075169756], [-77.082824418, -12.075113685]]]}}, {"type": "Feature", "properties": {"layer": "edificios_entorno", "h": 8.0, "n": "", "c": 0, "t": "yes", "id": "way/442973733", "e": 1, "feature_index": 69}, "geometry": {"type": "Polygon", "coordinates": [[[-77.082687543, -12.075110066], [-77.082653554, -12.075111875], [-77.082657226, -12.07517518], [-77.082706832, -12.075171563], [-77.082704996, -12.075145337], [-77.082690298, -12.075146241], [-77.082687543, -12.075110066]]]}}, {"type": "Feature", "properties": {"layer": "edificios_entorno", "h": 8.0, "n": "", "c": 0, "t": "yes", "id": "way/442973734", "e": 1, "feature_index": 70}, "geometry": {"type": "Polygon", "coordinates": [[[-77.08285474, -12.074937335], [-77.082772064, -12.074939142], [-77.082772981, -12.074968986], [-77.082788598, -12.074968987], [-77.082789516, -12.074991596], [-77.082778492, -12.074994309], [-77.082778491, -12.075023248], [-77.08284555, -12.075022345], [-77.082843716, -12.074949996], [-77.08285474, -12.074949996], [-77.08285474, -12.074937335]]]}}, {"type": "Feature", "properties": {"layer": "edificios_entorno", "h": 8.0, "n": "", "c": 0, "t": "yes", "id": "way/442973735", "e": 1, "feature_index": 71}, "geometry": {"type": "Polygon", "coordinates": [[[-77.082749094, -12.075041335], [-77.082728884, -12.075042239], [-77.08273072, -12.075078414], [-77.08270408, -12.075080222], [-77.082704998, -12.075101023], [-77.082751847, -12.075099215], [-77.082749094, -12.075041335]]]}}, {"type": "Feature", "properties": {"layer": "edificios_entorno", "h": 8.0, "n": "", "c": 0, "t": "yes", "id": "way/442973736", "e": 1, "feature_index": 72}, "geometry": {"type": "Polygon", "coordinates": [[[-77.082638849, -12.075286417], [-77.08261129, -12.075286416], [-77.082612211, -12.075234868], [-77.082541477, -12.075234867], [-77.082541473, -12.075321686], [-77.082580974, -12.075321686], [-77.082580973, -12.075343391], [-77.082612206, -12.075343391], [-77.082612207, -12.075319878], [-77.082638847, -12.075319878], [-77.082638849, -12.075286417]]]}}, {"type": "Feature", "properties": {"layer": "edificios_entorno", "h": 8.0, "n": "", "c": 0, "t": "yes", "id": "way/442973737", "e": 1, "feature_index": 73}, "geometry": {"type": "Polygon", "coordinates": [[[-77.082601192, -12.075127248], [-77.08256261, -12.075128152], [-77.082562607, -12.075199597], [-77.082601189, -12.075199597], [-77.082601192, -12.075127248]]]}}, {"type": "Feature", "properties": {"layer": "edificios_entorno", "h": 8.0, "n": "", "c": 0, "t": "yes", "id": "way/442973738", "e": 1, "feature_index": 74}, "geometry": {"type": "Polygon", "coordinates": [[[-77.083273621, -12.07520051], [-77.083151444, -12.075203221], [-77.083155112, -12.075348824], [-77.083280963, -12.075346112], [-77.083280047, -12.075296372], [-77.083241465, -12.075297276], [-77.083240548, -12.075253867], [-77.083273619, -12.075227641], [-77.083273621, -12.07520051]]]}}, {"type": "Feature", "properties": {"layer": "edificios_entorno", "h": 8.0, "n": "", "c": 0, "t": "yes", "id": "way/442973739", "e": 1, "feature_index": 75}, "geometry": {"type": "Polygon", "coordinates": [[[-77.083472965, -12.075129972], [-77.083372835, -12.075130875], [-77.083372832, -12.075205033], [-77.08347388, -12.075205034], [-77.083472965, -12.075129972]]]}}, {"type": "Feature", "properties": {"layer": "edificios_entorno", "h": 8.0, "n": "", "c": 0, "t": "yes", "id": "way/442973740", "e": 1, "feature_index": 76}, "geometry": {"type": "Polygon", "coordinates": [[[-77.083302116, -12.074787215], [-77.083100937, -12.0748053], [-77.083106446, -12.074865893], [-77.083308544, -12.074847808], [-77.083302116, -12.074787215]]]}}, {"type": "Feature", "properties": {"layer": "edificios_entorno", "h": 8.0, "n": "", "c": 0, "t": "yes", "id": "way/442973741", "e": 1, "feature_index": 77}, "geometry": {"type": "Polygon", "coordinates": [[[-77.083328751, -12.074908401], [-77.083250667, -12.074915635], [-77.083243317, -12.074953618], [-77.083224026, -12.074955426], [-77.083221269, -12.074971705], [-77.083246072, -12.074968992], [-77.083248827, -12.074988888], [-77.083336097, -12.07498075], [-77.083328751, -12.074908401]]]}}, {"type": "Feature", "properties": {"layer": "edificios_entorno", "h": 8.0, "n": "", "c": 0, "t": "yes", "id": "way/442973742", "e": 1, "feature_index": 78}, "geometry": {"type": "Polygon", "coordinates": [[[-77.083219434, -12.074915634], [-77.083169829, -12.074916538], [-77.083170746, -12.074948191], [-77.083138594, -12.074949095], [-77.083140429, -12.074999739], [-77.083221268, -12.074997027], [-77.083219434, -12.074915634]]]}}, {"type": "Feature", "properties": {"layer": "edificios_entorno", "h": 8.0, "n": "", "c": 0, "t": "yes", "id": "way/442973743", "e": 1, "feature_index": 79}, "geometry": {"type": "Polygon", "coordinates": [[[-77.083233207, -12.075066663], [-77.083160636, -12.07507028], [-77.083164307, -12.075138107], [-77.083236879, -12.075133586], [-77.083233207, -12.075066663]]]}}, {"type": "Feature", "properties": {"layer": "edificios_entorno", "h": 8.0, "n": "", "c": 0, "t": "yes", "id": "way/442973744", "e": 1, "feature_index": 80}, "geometry": {"type": "Polygon", "coordinates": [[[-77.083689758, -12.075177905], [-77.083668629, -12.075179714], [-77.083676892, -12.075283716], [-77.083698021, -12.075281907], [-77.083689758, -12.075177905]]]}}, {"type": "Feature", "properties": {"layer": "edificios_entorno", "h": 8.0, "n": "", "c": 0, "t": "yes", "id": "way/442973745", "e": 1, "feature_index": 81}, "geometry": {"type": "Polygon", "coordinates": [[[-77.083645664, -12.075177905], [-77.083613512, -12.075180618], [-77.08361994, -12.075242114], [-77.083636475, -12.075240306], [-77.083632802, -12.075211366], [-77.083648419, -12.075203227], [-77.083645664, -12.075177905]]]}}, {"type": "Feature", "properties": {"layer": "edificios_entorno", "h": 8.0, "n": "", "c": 0, "t": "yes", "id": "way/442973746", "e": 1, "feature_index": 82}, "geometry": {"type": "Polygon", "coordinates": [[[-77.083464692, -12.075252965], [-77.083397632, -12.075254773], [-77.083398548, -12.075313557], [-77.083466527, -12.075311749], [-77.083464692, -12.075252965]]]}}, {"type": "Feature", "properties": {"layer": "edificios_entorno", "h": 8.0, "n": "", "c": 0, "t": "yes", "id": "way/442973748", "e": 1, "feature_index": 83}, "geometry": {"type": "Polygon", "coordinates": [[[-77.083484892, -12.075479056], [-77.0834261, -12.07547996], [-77.08342793, -12.075632798], [-77.083486722, -12.075631894], [-77.083484892, -12.075479056]]]}}, {"type": "Feature", "properties": {"layer": "edificios_entorno", "h": 8.0, "n": "", "c": 0, "t": "yes", "id": "way/442973749", "e": 1, "feature_index": 84}, "geometry": {"type": "Polygon", "coordinates": [[[-77.082863907, -12.075389517], [-77.082771126, -12.075395846], [-77.082775716, -12.075467291], [-77.082868497, -12.075461866], [-77.082863907, -12.075389517]]]}}, {"type": "Feature", "properties": {"layer": "edificios_entorno", "h": 8.0, "n": "", "c": 0, "t": "yes", "id": "way/442973750", "e": 1, "feature_index": 85}, "geometry": {"type": "Polygon", "coordinates": [[[-77.082485433, -12.075420261], [-77.082389896, -12.07542659], [-77.082393568, -12.075488992], [-77.082490023, -12.075482662], [-77.082485433, -12.075420261]]]}}, {"type": "Feature", "properties": {"layer": "edificios_entorno", "h": 8.0, "n": "", "c": 0, "t": "yes", "id": "way/442973751", "e": 1, "feature_index": 86}, "geometry": {"type": "Polygon", "coordinates": [[[-77.083104647, -12.073984137], [-77.082868556, -12.074089945], [-77.082915402, -12.074193043], [-77.083152411, -12.074087236], [-77.083104647, -12.073984137]]]}}, {"type": "Feature", "properties": {"layer": "edificios_entorno", "h": 8.0, "n": "", "c": 0, "t": "yes", "id": "way/442973752", "e": 1, "feature_index": 87}, "geometry": {"type": "Polygon", "coordinates": [[[-77.082453337, -12.074126115], [-77.082382602, -12.074152341], [-77.082441388, -12.074304275], [-77.082520389, -12.074298849], [-77.082453337, -12.074126115]]]}}, {"type": "Feature", "properties": {"layer": "edificios_entorno", "h": 8.0, "n": "", "c": 0, "t": "yes", "id": "way/442973753", "e": 1, "feature_index": 88}, "geometry": {"type": "Polygon", "coordinates": [[[-77.082580095, -12.074419131], [-77.082492826, -12.07441099], [-77.082500178, -12.074342259], [-77.082403723, -12.074333214], [-77.082386261, -12.074512278], [-77.082569066, -12.074529463], [-77.082580095, -12.074419131]]]}}, {"type": "Feature", "properties": {"layer": "edificios_entorno", "h": 8.0, "n": "", "c": 0, "t": "yes", "id": "way/442973758", "e": 1, "feature_index": 89}, "geometry": {"type": "Polygon", "coordinates": [[[-77.081269195, -12.075006048], [-77.081200298, -12.075002429], [-77.081195701, -12.075086535], [-77.081264598, -12.075089249], [-77.081269195, -12.075006048]]]}}, {"type": "Feature", "properties": {"layer": "edificios_entorno", "h": 8.0, "n": "", "c": 0, "t": "yes", "id": "way/442973765", "e": 1, "feature_index": 90}, "geometry": {"type": "Polygon", "coordinates": [[[-77.07968186, -12.073976862], [-77.079666244, -12.073949731], [-77.079591834, -12.073990427], [-77.079616636, -12.074012132], [-77.07968186, -12.073976862]]]}}, {"type": "Feature", "properties": {"layer": "edificios_entorno", "h": 8.0, "n": "", "c": 0, "t": "yes", "id": "way/442973766", "e": 1, "feature_index": 91}, "geometry": {"type": "Polygon", "coordinates": [[[-77.079866505, -12.073932551], [-77.079841704, -12.073883715], [-77.079789341, -12.073909036], [-77.079814142, -12.073957872], [-77.079866505, -12.073932551]]]}}, {"type": "Feature", "properties": {"layer": "edificios_entorno", "h": 8.0, "n": "", "c": 0, "t": "yes", "id": "way/442973767", "e": 1, "feature_index": 92}, "geometry": {"type": "Polygon", "coordinates": [[[-77.079981312, -12.074406439], [-77.079965697, -12.074378403], [-77.079953754, -12.074384734], [-77.079939057, -12.07437569], [-77.07990966, -12.074391968], [-77.0798968, -12.074371168], [-77.079848112, -12.074398298], [-77.079864646, -12.074426334], [-77.079843517, -12.07443809], [-77.079862807, -12.074472456], [-77.079981312, -12.074406439]]]}}, {"type": "Feature", "properties": {"layer": "edificios_entorno", "h": 8.0, "n": "", "c": 0, "t": "yes", "id": "way/442973768", "e": 1, "feature_index": 93}, "geometry": {"type": "Polygon", "coordinates": [[[-77.07984169, -12.074202955], [-77.079815051, -12.074190294], [-77.079745234, -12.074217424], [-77.079775547, -12.074255408], [-77.07984169, -12.074202955]]]}}, {"type": "Feature", "properties": {"layer": "edificios_entorno", "h": 8.0, "n": "", "c": 0, "t": "yes", "id": "way/442973769", "e": 1, "feature_index": 94}, "geometry": {"type": "Polygon", "coordinates": [[[-77.079717682, -12.074060064], [-77.079695637, -12.074032933], [-77.079660728, -12.074060064], [-77.079682774, -12.07408629], [-77.079717682, -12.074060064]]]}}, {"type": "Feature", "properties": {"layer": "edificios_entorno", "h": 8.0, "n": "", "c": 0, "t": "yes", "id": "way/442973770", "e": 1, "feature_index": 95}, "geometry": {"type": "Polygon", "coordinates": [[[-77.080239469, -12.073859301], [-77.080160467, -12.073864727], [-77.080165975, -12.07393798], [-77.080182509, -12.073966016], [-77.080246813, -12.073961495], [-77.080239469, -12.073859301]]]}}, {"type": "Feature", "properties": {"layer": "edificios_entorno", "h": 8.0, "n": "", "c": 0, "t": "yes", "id": "way/442973771", "e": 1, "feature_index": 96}, "geometry": {"type": "Polygon", "coordinates": [[[-77.080469116, -12.07404289], [-77.08042686, -12.074043794], [-77.080427778, -12.074060073], [-77.080398382, -12.074060072], [-77.080398381, -12.074081777], [-77.08041216, -12.074081777], [-77.080412159, -12.074105291], [-77.080469114, -12.074104387], [-77.080469116, -12.07404289]]]}}, {"type": "Feature", "properties": {"layer": "edificios_entorno", "h": 8.0, "n": "", "c": 0, "t": "yes", "id": "way/442973772", "e": 1, "feature_index": 97}, "geometry": {"type": "Polygon", "coordinates": [[[-77.080523324, -12.073842122], [-77.080467288, -12.073848452], [-77.08047647, -12.073928036], [-77.080497596, -12.073977776], [-77.08054904, -12.073972351], [-77.080544448, -12.073935272], [-77.080508622, -12.073938889], [-77.080502194, -12.073881009], [-77.080527915, -12.073878297], [-77.080523324, -12.073842122]]]}}, {"type": "Feature", "properties": {"layer": "edificios_entorno", "h": 8.0, "n": "", "c": 0, "t": "yes", "id": "way/442973773", "e": 1, "feature_index": 98}, "geometry": {"type": "Polygon", "coordinates": [[[-77.082282489, -12.07376075], [-77.082208998, -12.073788784], [-77.082194302, -12.073750801], [-77.082129079, -12.073775218], [-77.08220256, -12.073965135], [-77.082342193, -12.073913588], [-77.082282489, -12.07376075]]]}}, {"type": "Feature", "properties": {"layer": "edificios_entorno", "h": 8.0, "n": "", "c": 0, "t": "yes", "id": "way/442973774", "e": 1, "feature_index": 99}, "geometry": {"type": "Polygon", "coordinates": [[[-77.083154285, -12.073235324], [-77.083021083, -12.07328235], [-77.083042209, -12.073339325], [-77.083083547, -12.073323951], [-77.083130392, -12.073446945], [-77.083221337, -12.073414389], [-77.083154285, -12.073235324]]]}}, {"type": "Feature", "properties": {"layer": "edificios_entorno", "h": 8.0, "n": "", "c": 0, "t": "yes", "id": "way/442973775", "e": 1, "feature_index": 100}, "geometry": {"type": "Polygon", "coordinates": [[[-77.082812553, -12.073335705], [-77.082655466, -12.073385443], [-77.082717006, -12.073569934], [-77.082814382, -12.073539187], [-77.08277856, -12.073430663], [-77.082838271, -12.073411672], [-77.082812553, -12.073335705]]]}}, {"type": "Feature", "properties": {"layer": "edificios_entorno", "h": 8.0, "n": "", "c": 0, "t": "yes", "id": "way/442973776", "e": 1, "feature_index": 101}, "geometry": {"type": "Polygon", "coordinates": [[[-77.083222254, -12.073445138], [-77.083162543, -12.073465937], [-77.083173565, -12.073494877], [-77.08310926, -12.073517485], [-77.083124875, -12.073559086], [-77.083085374, -12.073573556], [-77.083105581, -12.073629627], [-77.083186421, -12.073601592], [-77.083170806, -12.073559087], [-77.083206632, -12.0735618], [-77.08322776, -12.073588027], [-77.083270017, -12.073573558], [-77.083222254, -12.073445138]]]}}, {"type": "Feature", "properties": {"layer": "edificios_entorno", "h": 8.0, "n": "", "c": 0, "t": "yes", "id": "way/442973777", "e": 1, "feature_index": 102}, "geometry": {"type": "Polygon", "coordinates": [[[-77.083268179, -12.073590741], [-77.083197444, -12.073613349], [-77.083215814, -12.073667611], [-77.083201116, -12.073672133], [-77.083192849, -12.073645002], [-77.083153348, -12.073657662], [-77.083152428, -12.073700168], [-77.083125787, -12.073708307], [-77.083156098, -12.073799648], [-77.083219484, -12.073779752], [-77.083221322, -12.073759856], [-77.083236938, -12.073755335], [-77.083248879, -12.073790605], [-77.083326044, -12.073766188], [-77.083268179, -12.073590741]]]}}, {"type": "Feature", "properties": {"layer": "edificios_entorno", "h": 8.0, "n": "", "c": 0, "t": "yes", "id": "way/442973778", "e": 1, "feature_index": 103}, "geometry": {"type": "Polygon", "coordinates": [[[-77.082962281, -12.073511153], [-77.082928291, -12.073525623], [-77.08293564, -12.073542806], [-77.082911755, -12.073551849], [-77.082921859, -12.073576267], [-77.082893381, -12.073579884], [-77.08288879, -12.073545518], [-77.082832753, -12.073566318], [-77.082841019, -12.073587118], [-77.082829996, -12.073590736], [-77.082825403, -12.073578075], [-77.082808868, -12.073583501], [-77.082802438, -12.073566318], [-77.082758344, -12.0735835], [-77.082769366, -12.073611535], [-77.082789576, -12.073604301], [-77.082829991, -12.073704686], [-77.082796001, -12.073717346], [-77.082807942, -12.073748095], [-77.08285663, -12.073730008], [-77.082849282, -12.073711921], [-77.082893376, -12.073694738], [-77.082904399, -12.073721869], [-77.082942063, -12.073708304], [-77.082930122, -12.073680269], [-77.082970542, -12.073664895], [-77.082986157, -12.073702879], [-77.08300453, -12.073695644], [-77.082989833, -12.073660374], [-77.08301923, -12.073648617], [-77.083010963, -12.073629626], [-77.082975136, -12.073644095], [-77.082943906, -12.073569032], [-77.082980652, -12.073554563], [-77.082962281, -12.073511153]]]}}, {"type": "Feature", "properties": {"layer": "edificios_entorno", "h": 8.0, "n": "", "c": 0, "t": "yes", "id": "way/442973779", "e": 1, "feature_index": 104}, "geometry": {"type": "Polygon", "coordinates": [[[-77.082999954, -12.073284158], [-77.082837356, -12.073339322], [-77.082858482, -12.073397202], [-77.083020162, -12.073342038], [-77.082999954, -12.073284158]]]}}, {"type": "Feature", "properties": {"layer": "edificios_entorno", "h": 8.0, "n": "", "c": 0, "t": "yes", "id": "way/442973780", "e": 1, "feature_index": 105}, "geometry": {"type": "Polygon", "coordinates": [[[-77.082487357, -12.073427042], [-77.082405598, -12.07345598], [-77.082442339, -12.073554557], [-77.082524097, -12.073525618], [-77.082487357, -12.073427042]]]}}, {"type": "Feature", "properties": {"layer": "edificios_entorno", "h": 8.0, "n": "", "c": 0, "t": "yes", "id": "way/442973781", "e": 1, "feature_index": 106}, "geometry": {"type": "Polygon", "coordinates": [[[-77.082874082, -12.073761661], [-77.082776707, -12.073793313], [-77.08279967, -12.073862045], [-77.082859381, -12.073843054], [-77.082852033, -12.073822253], [-77.082889697, -12.073809593], [-77.082874082, -12.073761661]]]}}, {"type": "Feature", "properties": {"layer": "edificios_entorno", "h": 8.0, "n": "", "c": 0, "t": "roof", "id": "way/442973782", "e": 1, "feature_index": 107}, "geometry": {"type": "Polygon", "coordinates": [[[-77.083551088, -12.074196668], [-77.083429828, -12.074240076], [-77.083469324, -12.074343174], [-77.083589666, -12.074298862], [-77.083551088, -12.074196668]]]}}, {"type": "Feature", "properties": {"layer": "edificios_entorno", "h": 8.0, "n": "", "c": 0, "t": "roof", "id": "way/442973783", "e": 1, "feature_index": 108}, "geometry": {"type": "Polygon", "coordinates": [[[-77.083576804, -12.074338654], [-77.083506069, -12.074344984], [-77.083517087, -12.07447069], [-77.083587822, -12.074464361], [-77.083576804, -12.074338654]]]}}, {"type": "Feature", "properties": {"layer": "edificios_entorno", "h": 8.0, "n": "", "c": 0, "t": "yes", "id": "way/442973785", "e": 1, "feature_index": 109}, "geometry": {"type": "Polygon", "coordinates": [[[-77.083178131, -12.074104419], [-77.083077082, -12.074137879], [-77.083111066, -12.07423736], [-77.083220384, -12.074201186], [-77.083211199, -12.074174055], [-77.083187314, -12.074182194], [-77.083169863, -12.07413155], [-77.08318548, -12.074126124], [-77.083178131, -12.074104419]]]}}, {"type": "Feature", "properties": {"layer": "edificios_entorno", "h": 8.0, "n": "", "c": 0, "t": "yes", "id": "way/442973786", "e": 1, "feature_index": 110}, "geometry": {"type": "Polygon", "coordinates": [[[-77.082755559, -12.074249112], [-77.082592042, -12.074300659], [-77.082621434, -12.074392], [-77.082784951, -12.074340453], [-77.082755559, -12.074249112]]]}}, {"type": "Feature", "properties": {"layer": "edificios_entorno", "h": 8.0, "n": "", "c": 0, "t": "yes", "id": "way/442973787", "e": 1, "feature_index": 111}, "geometry": {"type": "Polygon", "coordinates": [[[-77.082958592, -12.073844864], [-77.08283182, -12.073886463], [-77.082863968, -12.073979613], [-77.08299074, -12.073937109], [-77.082958592, -12.073844864]]]}}, {"type": "Feature", "properties": {"layer": "edificios_entorno", "h": 8.0, "n": "", "c": 0, "t": "yes", "id": "way/442973788", "e": 1, "feature_index": 112}, "geometry": {"type": "Polygon", "coordinates": [[[-77.082546141, -12.073612437], [-77.082469894, -12.073632332], [-77.082482754, -12.073654037], [-77.08255257, -12.073635951], [-77.082546141, -12.073612437]]]}}, {"type": "Feature", "properties": {"layer": "edificios_entorno", "h": 8.0, "n": "", "c": 0, "t": "yes", "id": "way/442973789", "e": 1, "feature_index": 113}, "geometry": {"type": "Polygon", "coordinates": [[[-77.082434982, -12.073740856], [-77.082379864, -12.073758038], [-77.082423033, -12.073894597], [-77.082478151, -12.073878319], [-77.082434982, -12.073740856]]]}}, {"type": "Feature", "properties": {"layer": "edificios_entorno", "h": 8.0, "n": "", "c": 0, "t": "yes", "id": "way/442973790", "e": 1, "feature_index": 114}, "geometry": {"type": "Polygon", "coordinates": [[[-77.081776332, -12.073690203], [-77.081655072, -12.073730898], [-77.081667931, -12.073767977], [-77.081789191, -12.073727282], [-77.081776332, -12.073690203]]]}}, {"type": "Feature", "properties": {"layer": "edificios_entorno", "h": 8.0, "n": "", "c": 0, "t": "yes", "id": "way/442973791", "e": 1, "feature_index": 115}, "geometry": {"type": "Polygon", "coordinates": [[[-77.081643106, -12.074281656], [-77.081583394, -12.074298838], [-77.081589819, -12.074429971], [-77.081650448, -12.074427259], [-77.081643106, -12.074281656]]]}}, {"type": "Feature", "properties": {"layer": "edificios_entorno", "h": 8.0, "n": "", "c": 0, "t": "yes", "id": "way/442975079", "e": 1, "feature_index": 116}, "geometry": {"type": "Polygon", "coordinates": [[[-77.082232891, -12.073591633], [-77.082201661, -12.07351657], [-77.082130926, -12.073544605], [-77.082138274, -12.073560884], [-77.082168589, -12.073560884], [-77.082188797, -12.073608815], [-77.082232891, -12.073591633]]]}}, {"type": "Feature", "properties": {"layer": "edificios_entorno", "h": 8.0, "n": "", "c": 0, "t": "yes", "id": "way/442975080", "e": 1, "feature_index": 117}, "geometry": {"type": "Polygon", "coordinates": [[[-77.082052842, -12.073568117], [-77.082031714, -12.073574448], [-77.08203998, -12.07359977], [-77.082000479, -12.073611526], [-77.081994968, -12.073594343], [-77.081968327, -12.073603387], [-77.081964653, -12.07359163], [-77.081924233, -12.073604291], [-77.0819325, -12.073631422], [-77.081975676, -12.073617857], [-77.081983942, -12.073643179], [-77.082017013, -12.073632327], [-77.08201885, -12.073638657], [-77.082038141, -12.073632327], [-77.082029875, -12.073607909], [-77.082062027, -12.073597057], [-77.082052842, -12.073568117]]]}}, {"type": "Feature", "properties": {"layer": "edificios_entorno", "h": 8.0, "n": "", "c": 0, "t": "yes", "id": "way/442975081", "e": 1, "feature_index": 118}, "geometry": {"type": "Polygon", "coordinates": [[[-77.080560038, -12.074559283], [-77.080516863, -12.0745421], [-77.080516858, -12.074665093], [-77.080583917, -12.07466419], [-77.080560038, -12.074559283]]]}}, {"type": "Feature", "properties": {"layer": "edificios_entorno", "h": 8.0, "n": "", "c": 0, "t": "yes", "id": "way/442975085", "e": 1, "feature_index": 119}, "geometry": {"type": "Polygon", "coordinates": [[[-77.08110757, -12.073783345], [-77.081046023, -12.073781536], [-77.081045102, -12.073818615], [-77.081096545, -12.073820424], [-77.08110757, -12.073783345]]]}}, {"type": "Feature", "properties": {"layer": "edificios_entorno", "h": 8.0, "n": "", "c": 0, "t": "yes", "id": "way/442975086", "e": 1, "feature_index": 120}, "geometry": {"type": "Polygon", "coordinates": [[[-77.08113604, -12.07396241], [-77.081080922, -12.073962409], [-77.08108092, -12.07402481], [-77.081109397, -12.07402481], [-77.081109399, -12.073990445], [-77.081136039, -12.073990445], [-77.08113604, -12.07396241]]]}}, {"type": "Feature", "properties": {"layer": "edificios_entorno", "h": 8.0, "n": "", "c": 0, "t": "yes", "id": "way/442975088", "e": 1, "feature_index": 121}, "geometry": {"type": "Polygon", "coordinates": [[[-77.081948078, -12.074513177], [-77.081895716, -12.074524029], [-77.081892957, -12.07459276], [-77.081945319, -12.07459457], [-77.081948078, -12.074513177]]]}}, {"type": "Feature", "properties": {"layer": "edificios_entorno", "h": 8.0, "n": "", "c": 0, "t": "yes", "id": "way/442975140", "e": 1, "feature_index": 122}, "geometry": {"type": "Polygon", "coordinates": [[[-77.0784683, -12.075347864], [-77.078322238, -12.075372281], [-77.078341524, -12.075478091], [-77.078420526, -12.075464527], [-77.078430629, -12.075520598], [-77.07845635, -12.075516076], [-77.07846921, -12.075537781], [-77.078497688, -12.075532355], [-77.078489422, -12.075487137], [-77.078456351, -12.075492563], [-77.078444412, -12.075428353], [-77.078482076, -12.075422023], [-77.0784683, -12.075347864]]]}}, {"type": "Feature", "properties": {"layer": "edificios_entorno", "h": 8.0, "n": "", "c": 0, "t": "yes", "id": "way/442975141", "e": 1, "feature_index": 123}, "geometry": {"type": "Polygon", "coordinates": [[[-77.078057672, -12.075423826], [-77.077699407, -12.075484414], [-77.077731551, -12.075663479], [-77.077769215, -12.075657149], [-77.077760949, -12.075609217], [-77.07788129, -12.075588418], [-77.0778868, -12.075620976], [-77.077949267, -12.075611028], [-77.077942838, -12.075573045], [-77.078040213, -12.075556768], [-77.078048478, -12.075598368], [-77.078087061, -12.075592038], [-77.078057672, -12.075423826]]]}}, {"type": "Feature", "properties": {"layer": "edificios_entorno", "h": 8.0, "n": "", "c": 0, "t": "yes", "id": "way/442975145", "e": 1, "feature_index": 124}, "geometry": {"type": "Polygon", "coordinates": [[[-77.08034416, -12.074580986], [-77.080296392, -12.074583698], [-77.080302818, -12.074684987], [-77.080349668, -12.074682274], [-77.08034416, -12.074580986]]]}}, {"type": "Feature", "properties": {"layer": "edificios_entorno", "h": 8.0, "n": "", "c": 0, "t": "yes", "id": "way/442975146", "e": 1, "feature_index": 125}, "geometry": {"type": "Polygon", "coordinates": [[[-77.080070433, -12.074076347], [-77.080050225, -12.074040172], [-77.080016235, -12.074058259], [-77.080037361, -12.074094434], [-77.080070433, -12.074076347]]]}}, {"type": "Feature", "properties": {"layer": "edificios_entorno", "h": 8.0, "n": "", "c": 0, "t": "yes", "id": "way/442975148", "e": 1, "feature_index": 126}, "geometry": {"type": "Polygon", "coordinates": [[[-77.080962426, -12.073831275], [-77.080904551, -12.073856596], [-77.080915573, -12.073912667], [-77.080960585, -12.073914476], [-77.080962426, -12.073831275]]]}}, {"type": "Feature", "properties": {"layer": "edificios_entorno", "h": 8.0, "n": "", "c": 0, "t": "yes", "id": "way/442975150", "e": 1, "feature_index": 127}, "geometry": {"type": "Polygon", "coordinates": [[[-77.079623911, -12.075720476], [-77.079568791, -12.075766598], [-77.079584404, -12.075850704], [-77.079645953, -12.075839853], [-77.079623911, -12.075720476]]]}}, {"type": "Feature", "properties": {"layer": "edificios_entorno", "h": 8.0, "n": "", "c": 0, "t": "yes", "id": "way/442975157", "e": 1, "feature_index": 128}, "geometry": {"type": "Polygon", "coordinates": [[[-77.078678641, -12.075893199], [-77.078567487, -12.075891389], [-77.078566567, -12.075938416], [-77.078678639, -12.075940226], [-77.078678641, -12.075893199]]]}}, {"type": "Feature", "properties": {"layer": "edificios_entorno", "h": 8.0, "n": "", "c": 0, "t": "yes", "id": "way/442978785", "e": 1, "feature_index": 129}, "geometry": {"type": "Polygon", "coordinates": [[[-77.077957593, -12.074255386], [-77.077519407, -12.074336774], [-77.077541448, -12.074455246], [-77.077584624, -12.074447107], [-77.077599319, -12.074519456], [-77.07755798, -12.074527595], [-77.077580022, -12.07464245], [-77.077794063, -12.07460266], [-77.077771103, -12.074487806], [-77.077651681, -12.074509509], [-77.077637905, -12.07443716], [-77.077980554, -12.074373858], [-77.077957593, -12.074255386]]]}}, {"type": "Feature", "properties": {"layer": "edificios_entorno", "h": 8.0, "n": "", "c": 0, "t": "yes", "id": "way/442978786", "e": 1, "feature_index": 130}, "geometry": {"type": "Polygon", "coordinates": [[[-77.078479375, -12.074153199], [-77.078062317, -12.074236396], [-77.078083441, -12.074337685], [-77.078290133, -12.074296991], [-77.078305746, -12.074371149], [-77.078129369, -12.074406417], [-77.078147738, -12.074495949], [-77.078536318, -12.074418179], [-77.07851795, -12.074330455], [-77.078381992, -12.07435668], [-77.078366379, -12.074281618], [-77.078500499, -12.074255393], [-77.078479375, -12.074153199]]]}}, {"type": "Feature", "properties": {"layer": "edificios_entorno", "h": 8.0, "n": "", "c": 0, "t": "yes", "id": "way/442978787", "e": 1, "feature_index": 131}, "geometry": {"type": "Polygon", "coordinates": [[[-77.077808758, -12.07467501], [-77.07759931, -12.07471299], [-77.077637883, -12.074922803], [-77.07771413, -12.074909239], [-77.077699435, -12.074831463], [-77.077835392, -12.07480343], [-77.077808758, -12.07467501]]]}}, {"type": "Feature", "properties": {"layer": "edificios_entorno", "h": 8.0, "n": "", "c": 0, "t": "yes", "id": "way/442978789", "e": 1, "feature_index": 132}, "geometry": {"type": "Polygon", "coordinates": [[[-77.07994734, -12.074008518], [-77.079898656, -12.073949734], [-77.079849048, -12.073991334], [-77.079876604, -12.074051927], [-77.07994734, -12.074008518]]]}}, {"type": "Feature", "properties": {"layer": "edificios_entorno", "h": 18.0, "n": "Orquidia", "c": 0, "t": "yes", "id": "way/447892340", "e": 0, "feature_index": 133}, "geometry": {"type": "Polygon", "coordinates": [[[-77.080030914, -12.074479693], [-77.079917003, -12.074542093], [-77.080005183, -12.074705784], [-77.080058462, -12.074741055], [-77.080142976, -12.074722968], [-77.080142979, -12.074647002], [-77.080168701, -12.07462801], [-77.080163193, -12.074561087], [-77.080125529, -12.074561087], [-77.080112669, -12.074533956], [-77.080065819, -12.074552043], [-77.080030914, -12.074479693]]]}}, {"type": "Feature", "properties": {"layer": "edificios_entorno", "h": 8.0, "n": "Hotel Sol y Luna", "c": 0, "t": "yes", "id": "way/447892750", "e": 1, "feature_index": 134}, "geometry": {"type": "Polygon", "coordinates": [[[-77.082959486, -12.074415518], [-77.082971422, -12.074553885], [-77.083216695, -12.074527662], [-77.083197411, -12.074377537], [-77.082959486, -12.074415518]]]}}, {"type": "Feature", "properties": {"layer": "edificios_entorno", "h": 8.0, "n": "Chinesse Cuisine", "c": 0, "t": "yes", "id": "way/447893035", "e": 1, "feature_index": 135}, "geometry": {"type": "Polygon", "coordinates": [[[-77.082030756, -12.074481525], [-77.082022482, -12.074618989], [-77.082127205, -12.074612659], [-77.082130886, -12.074479718], [-77.082030756, -12.074481525]]]}}, {"type": "Feature", "properties": {"layer": "edificios_entorno", "h": 8.0, "n": "La Leña", "c": 0, "t": "yes", "id": "way/447894134", "e": 1, "feature_index": 136}, "geometry": {"type": "Polygon", "coordinates": [[[-77.08094494, -12.074566523], [-77.080874206, -12.074569235], [-77.080883387, -12.074694037], [-77.080950446, -12.074688612], [-77.08094494, -12.074566523]]]}}, {"type": "Feature", "properties": {"layer": "edificios_entorno", "h": 8.0, "n": "El Carmen", "c": 0, "t": "yes", "id": "way/447894462", "e": 1, "feature_index": 137}, "geometry": {"type": "Polygon", "coordinates": [[[-77.080800713, -12.074634348], [-77.080805304, -12.074694941], [-77.080875119, -12.07469042], [-77.080870529, -12.074628923], [-77.080800713, -12.074634348]]]}}, {"type": "Feature", "properties": {"layer": "edificios_entorno", "h": 8.0, "n": "Atlantida", "c": 0, "t": "yes", "id": "way/447894810", "e": 1, "feature_index": 138}, "geometry": {"type": "Polygon", "coordinates": [[[-77.081189278, -12.074934602], [-77.081191113, -12.074987055], [-77.081263684, -12.074984343], [-77.08126093, -12.07493189], [-77.081189278, -12.074934602]]]}}, {"type": "Feature", "properties": {"layer": "edificios_entorno", "h": 8.0, "n": "Villa Chicken", "c": 0, "t": "yes", "id": "way/447895040", "e": 1, "feature_index": 139}, "geometry": {"type": "Polygon", "coordinates": [[[-77.081104764, -12.074935505], [-77.081029437, -12.074942739], [-77.081038615, -12.075120899], [-77.08111578, -12.075121805], [-77.081104764, -12.074935505]]]}}, {"type": "Feature", "properties": {"layer": "edificios_entorno", "h": 8.0, "n": "Las Delicias", "c": 0, "t": "yes", "id": "way/447895251", "e": 1, "feature_index": 140}, "geometry": {"type": "Polygon", "coordinates": [[[-77.081018413, -12.074947261], [-77.080941249, -12.074951782], [-77.080953183, -12.075129942], [-77.081030348, -12.075125421], [-77.081018413, -12.074947261]]]}}, {"type": "Feature", "properties": {"layer": "edificios_entorno", "h": 8.0, "n": "Kina", "c": 0, "t": "yes", "id": "way/447895711", "e": 1, "feature_index": 141}, "geometry": {"type": "Polygon", "coordinates": [[[-77.080428655, -12.075006942], [-77.080401096, -12.075015081], [-77.080367106, -12.075034072], [-77.08034414, -12.075053064], [-77.080331278, -12.075083812], [-77.080322089, -12.075130839], [-77.080348725, -12.075224893], [-77.080446102, -12.075168824], [-77.080428655, -12.075006942]]]}}, {"type": "Feature", "properties": {"layer": "edificios_entorno", "h": 8.0, "n": "Mundo Light's", "c": 0, "t": "yes", "id": "way/448694697", "e": 1, "feature_index": 142}, "geometry": {"type": "Polygon", "coordinates": [[[-77.077640992, -12.066800707], [-77.077635478, -12.066864916], [-77.07754729, -12.066858585], [-77.077544533, -12.066893855], [-77.077678651, -12.066903805], [-77.077686923, -12.06680342], [-77.077640992, -12.066800707]]]}}, {"type": "Feature", "properties": {"layer": "edificios_entorno", "h": 16.0, "n": "", "c": 0, "t": "apartments", "id": "way/454554150", "e": 0, "feature_index": 143}, "geometry": {"type": "Polygon", "coordinates": [[[-77.077000583, -12.069763397], [-77.076239038, -12.069927078], [-77.076275776, -12.070099812], [-77.077039158, -12.069933418], [-77.077000583, -12.069763397]]]}}, {"type": "Feature", "properties": {"layer": "edificios_entorno", "h": 16.0, "n": "", "c": 0, "t": "apartments", "id": "way/454554151", "e": 0, "feature_index": 144}, "geometry": {"type": "Polygon", "coordinates": [[[-77.077051097, -12.069999437], [-77.076218818, -12.070175778], [-77.076258311, -12.070353938], [-77.077091509, -12.070174884], [-77.077051097, -12.069999437]]]}}, {"type": "Feature", "properties": {"layer": "edificios_entorno", "h": 16.0, "n": "", "c": 0, "t": "apartments", "id": "way/454554153", "e": 0, "feature_index": 145}, "geometry": {"type": "Polygon", "coordinates": [[[-77.07611686, -12.069956016], [-77.07538563, -12.070107941], [-77.075415019, -12.070269822], [-77.076149923, -12.07012242], [-77.07611686, -12.069956016]]]}}, {"type": "Feature", "properties": {"layer": "edificios_entorno", "h": 8.0, "n": "", "c": 0, "t": "yes", "id": "way/460360123", "e": 1, "feature_index": 146}, "geometry": {"type": "Polygon", "coordinates": [[[-77.0775216, -12.066145041], [-77.077415958, -12.06614504], [-77.077415956, -12.066195684], [-77.077521597, -12.066195685], [-77.0775216, -12.066145041]]]}}, {"type": "Feature", "properties": {"layer": "edificios_entorno", "h": 8.0, "n": "", "c": 0, "t": "yes", "id": "way/460360124", "e": 1, "feature_index": 147}, "geometry": {"type": "Polygon", "coordinates": [[[-77.0759094, -12.066536612], [-77.07582948, -12.066523045], [-77.075825803, -12.066582733], [-77.075913073, -12.066572786], [-77.0759094, -12.066536612]]]}}, {"type": "Feature", "properties": {"layer": "edificios_entorno", "h": 8.0, "n": "", "c": 0, "t": "yes", "id": "way/460360126", "e": 1, "feature_index": 148}, "geometry": {"type": "Polygon", "coordinates": [[[-77.076508382, -12.065618689], [-77.076501037, -12.065514687], [-77.076457862, -12.065513782], [-77.076467962, -12.06561688], [-77.076508382, -12.065618689]]]}}, {"type": "Feature", "properties": {"layer": "edificios_entorno", "h": 8.0, "n": "", "c": 0, "t": "yes", "id": "way/460360133", "e": 1, "feature_index": 149}, "geometry": {"type": "Polygon", "coordinates": [[[-77.078004876, -12.064269395], [-77.077925875, -12.064262159], [-77.077922199, -12.064296525], [-77.077901071, -12.064294716], [-77.077897395, -12.064336316], [-77.077865243, -12.064333603], [-77.077863405, -12.064348977], [-77.077996605, -12.064360735], [-77.078004876, -12.064269395]]]}}, {"type": "Feature", "properties": {"layer": "edificios_entorno", "h": 8.0, "n": "", "c": 0, "t": "yes", "id": "way/460360134", "e": 1, "feature_index": 150}, "geometry": {"type": "Polygon", "coordinates": [[[-77.079005276, -12.063813607], [-77.078945566, -12.063800945], [-77.07892811, -12.063857015], [-77.078998843, -12.063876008], [-77.079005276, -12.063813607]]]}}, {"type": "Feature", "properties": {"layer": "edificios_entorno", "h": 8.0, "n": "", "c": 0, "t": "yes", "id": "way/460360137", "e": 1, "feature_index": 151}, "geometry": {"type": "Polygon", "coordinates": [[[-77.07807379, -12.063874188], [-77.077994788, -12.063888657], [-77.077976414, -12.063925736], [-77.07792589, -12.063923927], [-77.077913028, -12.063960101], [-77.077890981, -12.063960101], [-77.077879955, -12.064005319], [-77.078032445, -12.064041495], [-77.07807379, -12.063874188]]]}}, {"type": "Feature", "properties": {"layer": "edificios_entorno", "h": 8.0, "n": "", "c": 0, "t": "yes", "id": "way/460360139", "e": 1, "feature_index": 152}, "geometry": {"type": "Polygon", "coordinates": [[[-77.077600688, -12.064148205], [-77.077509746, -12.064116551], [-77.07750974, -12.064234119], [-77.077599766, -12.064225981], [-77.077600688, -12.064148205]]]}}, {"type": "Feature", "properties": {"layer": "edificios_entorno", "h": 8.0, "n": "", "c": 0, "t": "yes", "id": "way/460360141", "e": 1, "feature_index": 153}, "geometry": {"type": "Polygon", "coordinates": [[[-77.078013187, -12.063290873], [-77.077922244, -12.063267358], [-77.077900193, -12.063349655], [-77.077951636, -12.063363221], [-77.077959904, -12.063349656], [-77.077994811, -12.0633587], [-77.078013187, -12.063290873]]]}}, {"type": "Feature", "properties": {"layer": "edificios_entorno", "h": 8.0, "n": "", "c": 0, "t": "yes", "id": "way/460360142", "e": 1, "feature_index": 154}, "geometry": {"type": "Polygon", "coordinates": [[[-77.077834976, -12.063240226], [-77.077677893, -12.063205858], [-77.077642979, -12.063358696], [-77.077730247, -12.063378593], [-77.077755055, -12.063270973], [-77.077823951, -12.063286348], [-77.077834976, -12.063240226]]]}}, {"type": "Feature", "properties": {"layer": "edificios_entorno", "h": 8.0, "n": "", "c": 0, "t": "yes", "id": "way/460360145", "e": 1, "feature_index": 155}, "geometry": {"type": "Polygon", "coordinates": [[[-77.077923147, -12.06362006], [-77.077753204, -12.063572127], [-77.07773483, -12.063617345], [-77.077763306, -12.063635432], [-77.07773942, -12.063686077], [-77.077870781, -12.063724061], [-77.077888237, -12.063671609], [-77.077911203, -12.063676131], [-77.077923147, -12.06362006]]]}}, {"type": "Feature", "properties": {"layer": "edificios_entorno", "h": 8.0, "n": "", "c": 0, "t": "yes", "id": "way/460360146", "e": 1, "feature_index": 156}, "geometry": {"type": "Polygon", "coordinates": [[[-77.077965411, -12.063455466], [-77.07793969, -12.063440996], [-77.077937855, -12.063401204], [-77.077909378, -12.063394873], [-77.077915809, -12.063366838], [-77.077831297, -12.063347845], [-77.077822109, -12.063387637], [-77.077806492, -12.06338402], [-77.077790873, -12.063450038], [-77.077847827, -12.0634627], [-77.077839558, -12.063495257], [-77.077949792, -12.063519676], [-77.077965411, -12.063455466]]]}}, {"type": "Feature", "properties": {"layer": "edificios_entorno", "h": 8.0, "n": "", "c": 0, "t": "yes", "id": "way/460360147", "e": 1, "feature_index": 157}, "geometry": {"type": "Polygon", "coordinates": [[[-77.077342609, -12.062893849], [-77.077255341, -12.062880282], [-77.077237883, -12.06298338], [-77.077325151, -12.062996946], [-77.077342609, -12.062893849]]]}}, {"type": "Feature", "properties": {"layer": "edificios_entorno", "h": 8.0, "n": "", "c": 0, "t": "yes", "id": "way/460360148", "e": 1, "feature_index": 158}, "geometry": {"type": "Polygon", "coordinates": [[[-77.078227251, -12.062711177], [-77.078189588, -12.062691281], [-77.078181322, -12.062658724], [-77.078104158, -12.062647871], [-77.078104157, -12.062683141], [-77.078048121, -12.062680427], [-77.078022398, -12.062712984], [-77.078225412, -12.062751874], [-77.078227251, -12.062711177]]]}}, {"type": "Feature", "properties": {"layer": "edificios_entorno", "h": 8.0, "n": "", "c": 0, "t": "yes", "id": "way/460360149", "e": 1, "feature_index": 159}, "geometry": {"type": "Polygon", "coordinates": [[[-77.078099554, -12.06289024], [-77.078015042, -12.062874865], [-77.078000342, -12.062924605], [-77.078090366, -12.062935458], [-77.078099554, -12.06289024]]]}}, {"type": "Feature", "properties": {"layer": "edificios_entorno", "h": 8.0, "n": "", "c": 0, "t": "yes", "id": "way/517486029", "e": 1, "feature_index": 160}, "geometry": {"type": "Polygon", "coordinates": [[[-77.081231562, -12.074298834], [-77.081148886, -12.074304259], [-77.081159901, -12.074483324], [-77.081242578, -12.074477899], [-77.081231562, -12.074298834]]]}}, {"type": "Feature", "properties": {"layer": "edificios_entorno", "h": 8.0, "n": "", "c": 0, "t": "yes", "id": "way/517486030", "e": 1, "feature_index": 161}, "geometry": {"type": "Polygon", "coordinates": [[[-77.08052422, -12.074347662], [-77.0804443, -12.074359417], [-77.080460831, -12.074460706], [-77.080540751, -12.074448046], [-77.08052422, -12.074347662]]]}}, {"type": "Feature", "properties": {"layer": "edificios_entorno", "h": 8.0, "n": "", "c": 0, "t": "yes", "id": "way/517486031", "e": 1, "feature_index": 162}, "geometry": {"type": "Polygon", "coordinates": [[[-77.081521861, -12.073964223], [-77.0813758, -12.073977787], [-77.08138498, -12.074116154], [-77.081526448, -12.074107112], [-77.081521861, -12.073964223]]]}}, {"type": "Feature", "properties": {"layer": "edificios_entorno", "h": 8.0, "n": "", "c": 0, "t": "yes", "id": "way/517486032", "e": 1, "feature_index": 163}, "geometry": {"type": "Polygon", "coordinates": [[[-77.082131816, -12.0742066], [-77.0820473, -12.074267191], [-77.08210517, -12.074349489], [-77.082202545, -12.074310602], [-77.082131816, -12.0742066]]]}}, {"type": "Feature", "properties": {"layer": "edificios_entorno", "h": 8.0, "n": "Base de seguridad Ciudadana La Mar", "c": 0, "t": "service", "id": "way/612114328", "e": 1, "feature_index": 164}, "geometry": {"type": "Polygon", "coordinates": [[[-77.08011816, -12.075023217], [-77.080065799, -12.075020503], [-77.080060284, -12.075092852], [-77.080108971, -12.075092853], [-77.08011816, -12.075023217]]]}}, {"type": "Feature", "properties": {"layer": "edificios_entorno", "h": 8.0, "n": "", "c": 0, "t": "yes", "id": "way/614583136", "e": 1, "feature_index": 165}, "geometry": {"type": "Polygon", "coordinates": [[[-77.082825368, -12.074401046], [-77.082704109, -12.074419132], [-77.08273166, -12.074591866], [-77.082852919, -12.07457378], [-77.082825368, -12.074401046]]]}}, {"type": "Feature", "properties": {"layer": "edificios_entorno", "h": 8.0, "n": "", "c": 0, "t": "yes", "id": "way/614584890", "e": 1, "feature_index": 166}, "geometry": {"type": "Polygon", "coordinates": [[[-77.082613116, -12.075555013], [-77.08236325, -12.075571288], [-77.082366922, -12.07562555], [-77.082599334, -12.075610179], [-77.082613116, -12.075555013]]]}}, {"type": "Feature", "properties": {"layer": "edificios_entorno", "h": 8.0, "n": "", "c": 0, "t": "yes", "id": "way/614584891", "e": 1, "feature_index": 167}, "geometry": {"type": "Polygon", "coordinates": [[[-77.083266259, -12.075480863], [-77.083128466, -12.075483574], [-77.083130299, -12.075592098], [-77.083268092, -12.075589386], [-77.083266259, -12.075480863]]]}}, {"type": "Feature", "properties": {"layer": "edificios_entorno", "h": 8.0, "n": "", "c": 0, "t": "yes", "id": "way/614816173", "e": 1, "feature_index": 168}, "geometry": {"type": "Polygon", "coordinates": [[[-77.083845924, -12.07515982], [-77.083799073, -12.075185142], [-77.083845001, -12.075268344], [-77.083891852, -12.075243022], [-77.083845924, -12.07515982]]]}}, {"type": "Feature", "properties": {"layer": "edificios_entorno", "h": 8.0, "n": "", "c": 0, "t": "yes", "id": "way/614816175", "e": 1, "feature_index": 169}, "geometry": {"type": "Polygon", "coordinates": [[[-77.083802757, -12.074971712], [-77.083542783, -12.075065762], [-77.083580442, -12.075164339], [-77.083839498, -12.075070288], [-77.083802757, -12.074971712]]]}}, {"type": "Feature", "properties": {"layer": "edificios_entorno", "h": 8.0, "n": "", "c": 0, "t": "yes", "id": "way/614816176", "e": 1, "feature_index": 170}, "geometry": {"type": "Polygon", "coordinates": [[[-77.083356358, -12.073797841], [-77.08326725, -12.073832206], [-77.083283783, -12.073871998], [-77.083183652, -12.073910885], [-77.083203859, -12.07396153], [-77.083393099, -12.073888278], [-77.083356358, -12.073797841]]]}}, {"type": "Feature", "properties": {"layer": "edificios_entorno", "h": 8.0, "n": "", "c": 0, "t": "yes", "id": "way/614816178", "e": 1, "feature_index": 171}, "geometry": {"type": "Polygon", "coordinates": [[[-77.081974746, -12.073877409], [-77.081913196, -12.07392534], [-77.081965552, -12.074051951], [-77.082035369, -12.074023917], [-77.081974746, -12.073877409]]]}}, {"type": "Feature", "properties": {"layer": "edificios_entorno", "h": 8.0, "n": "", "c": 0, "t": "yes", "id": "way/614816180", "e": 1, "feature_index": 172}, "geometry": {"type": "Polygon", "coordinates": [[[-77.081703748, -12.073972364], [-77.081639444, -12.07397779], [-77.081650462, -12.074107114], [-77.081715685, -12.074101689], [-77.081703748, -12.073972364]]]}}, {"type": "Feature", "properties": {"layer": "edificios_entorno", "h": 8.0, "n": "", "c": 0, "t": "yes", "id": "way/614816181", "e": 1, "feature_index": 173}, "geometry": {"type": "Polygon", "coordinates": [[[-77.080658353, -12.074039275], [-77.080599561, -12.074041987], [-77.080605985, -12.074188494], [-77.080628032, -12.07418759], [-77.080662941, -12.074153225], [-77.080658353, -12.074039275]]]}}, {"type": "Feature", "properties": {"layer": "edificios_entorno", "h": 8.0, "n": "", "c": 0, "t": "yes", "id": "way/614816183", "e": 1, "feature_index": 174}, "geometry": {"type": "Polygon", "coordinates": [[[-77.079960195, -12.074153217], [-77.079917017, -12.074200243], [-77.079956515, -12.074265358], [-77.080009797, -12.074233706], [-77.079960195, -12.074153217]]]}}, {"type": "Feature", "properties": {"layer": "edificios_entorno", "h": 8.0, "n": "", "c": 0, "t": "yes", "id": "way/614818484", "e": 1, "feature_index": 175}, "geometry": {"type": "Polygon", "coordinates": [[[-77.080842064, -12.074343144], [-77.080769492, -12.074351282], [-77.080776839, -12.074419109], [-77.08084941, -12.074411875], [-77.080842064, -12.074343144]]]}}, {"type": "Feature", "properties": {"layer": "edificios_entorno", "h": 8.0, "n": "", "c": 0, "t": "yes", "id": "way/614818486", "e": 1, "feature_index": 176}, "geometry": {"type": "Polygon", "coordinates": [[[-77.081054267, -12.074322346], [-77.080994556, -12.074326867], [-77.080998228, -12.074380224], [-77.081058858, -12.074374799], [-77.081054267, -12.074322346]]]}}, {"type": "Feature", "properties": {"layer": "edificios_entorno", "h": 8.0, "n": "", "c": 0, "t": "yes", "id": "way/614818487", "e": 1, "feature_index": 177}, "geometry": {"type": "Polygon", "coordinates": [[[-77.080663852, -12.074325959], [-77.080627107, -12.074328671], [-77.080628943, -12.074358515], [-77.080666607, -12.074354898], [-77.080663852, -12.074325959]]]}}, {"type": "Feature", "properties": {"layer": "edificios_entorno", "h": 8.0, "n": "", "c": 0, "t": "yes", "id": "way/614818488", "e": 1, "feature_index": 178}, "geometry": {"type": "Polygon", "coordinates": [[[-77.080142081, -12.07417221], [-77.080108091, -12.074193915], [-77.080153101, -12.074261743], [-77.080186172, -12.074240038], [-77.080142081, -12.07417221]]]}}, {"type": "Feature", "properties": {"layer": "edificios_entorno", "h": 8.0, "n": "", "c": 0, "t": "yes", "id": "way/614818489", "e": 1, "feature_index": 179}, "geometry": {"type": "Polygon", "coordinates": [[[-77.080383682, -12.074094438], [-77.080321215, -12.07411162], [-77.080331317, -12.074172213], [-77.080380005, -12.074164074], [-77.080383682, -12.074094438]]]}}, {"type": "Feature", "properties": {"layer": "edificios_entorno", "h": 8.0, "n": "", "c": 0, "t": "yes", "id": "way/615356371", "e": 1, "feature_index": 180}, "geometry": {"type": "Polygon", "coordinates": [[[-77.085169781, -12.072351784], [-77.085147735, -12.072334601], [-77.085128443, -12.072359923], [-77.085151408, -12.072377106], [-77.085169781, -12.072351784]]]}}, {"type": "Feature", "properties": {"layer": "edificios_entorno", "h": 8.0, "n": "", "c": 0, "t": "yes", "id": "way/615376360", "e": 1, "feature_index": 181}, "geometry": {"type": "Polygon", "coordinates": [[[-77.083635863, -12.068173602], [-77.083555942, -12.068198924], [-77.083562368, -12.068283934], [-77.083644126, -12.068278509], [-77.083635863, -12.068173602]]]}}, {"type": "Feature", "properties": {"layer": "edificios_entorno", "h": 8.0, "n": "", "c": 0, "t": "yes", "id": "way/615376361", "e": 1, "feature_index": 182}, "geometry": {"type": "Polygon", "coordinates": [[[-77.083983087, -12.068519978], [-77.08392062, -12.068545299], [-77.083949094, -12.068612223], [-77.084011562, -12.068586901], [-77.083983087, -12.068519978]]]}}, {"type": "Feature", "properties": {"layer": "edificios_entorno", "h": 8.0, "n": "", "c": 0, "t": "yes", "id": "way/615377162", "e": 1, "feature_index": 183}, "geometry": {"type": "Polygon", "coordinates": [[[-77.083799361, -12.068550724], [-77.083567866, -12.068604983], [-77.083575214, -12.068634827], [-77.083607366, -12.068626689], [-77.083619306, -12.068675524], [-77.08374424, -12.068646586], [-77.083749751, -12.0686701], [-77.08382416, -12.068652013], [-77.083799361, -12.068550724]]]}}, {"type": "Feature", "properties": {"layer": "edificios_entorno", "h": 8.0, "n": "", "c": 0, "t": "yes", "id": "way/615379956", "e": 1, "feature_index": 184}, "geometry": {"type": "Polygon", "coordinates": [[[-77.084554412, -12.069875627], [-77.084520424, -12.069843069], [-77.084473572, -12.069890096], [-77.08450756, -12.069921749], [-77.084554412, -12.069875627]]]}}, {"type": "Feature", "properties": {"layer": "edificios_entorno", "h": 8.0, "n": "", "c": 0, "t": "yes", "id": "way/615379966", "e": 1, "feature_index": 185}, "geometry": {"type": "Polygon", "coordinates": [[[-77.083830518, -12.070319661], [-77.083800203, -12.070328705], [-77.083831432, -12.070431803], [-77.083858991, -12.070415524], [-77.083830518, -12.070319661]]]}}, {"type": "Feature", "properties": {"layer": "edificios_entorno", "h": 8.0, "n": "", "c": 0, "t": "yes", "id": "way/615379967", "e": 1, "feature_index": 186}, "geometry": {"type": "Polygon", "coordinates": [[[-77.083810315, -12.070152354], [-77.083772651, -12.070174962], [-77.083786425, -12.070296147], [-77.083825926, -12.070291626], [-77.083810315, -12.070152354]]]}}, {"type": "Feature", "properties": {"layer": "edificios_entorno", "h": 8.0, "n": "", "c": 0, "t": "yes", "id": "way/615381486", "e": 1, "feature_index": 187}, "geometry": {"type": "Polygon", "coordinates": [[[-77.084275106, -12.070909312], [-77.084189672, -12.07094639], [-77.084212635, -12.070997035], [-77.084298069, -12.070959957], [-77.084275106, -12.070909312]]]}}, {"type": "Feature", "properties": {"layer": "edificios_entorno", "h": 8.0, "n": "", "c": 0, "t": "yes", "id": "way/615381494", "e": 1, "feature_index": 188}, "geometry": {"type": "Polygon", "coordinates": [[[-77.083876443, -12.070466169], [-77.083852558, -12.07047883], [-77.083894811, -12.070554797], [-77.083917777, -12.07054304], [-77.083876443, -12.070466169]]]}}, {"type": "Feature", "properties": {"layer": "edificios_entorno", "h": 8.0, "n": "", "c": 0, "t": "roof", "id": "way/615381495", "e": 1, "feature_index": 189}, "geometry": {"type": "Polygon", "coordinates": [[[-77.0848915, -12.070935546], [-77.084673785, -12.070978049], [-77.084684806, -12.071033215], [-77.084902521, -12.070991617], [-77.0848915, -12.070935546]]]}}, {"type": "Feature", "properties": {"layer": "edificios_entorno", "h": 8.0, "n": "", "c": 0, "t": "roof", "id": "way/615383980", "e": 1, "feature_index": 190}, "geometry": {"type": "Polygon", "coordinates": [[[-77.081974987, -12.068317377], [-77.081836275, -12.068334558], [-77.081843621, -12.068386107], [-77.081906082, -12.068515432], [-77.081998863, -12.068503676], [-77.081974987, -12.068317377]]]}}, {"type": "Feature", "properties": {"layer": "edificios_entorno", "h": 8.0, "n": "", "c": 0, "t": "roof", "id": "way/615384723", "e": 1, "feature_index": 191}, "geometry": {"type": "Polygon", "coordinates": [[[-77.082364407, -12.070066422], [-77.082325825, -12.070079083], [-77.082382772, -12.070247295], [-77.082420436, -12.070235539], [-77.082364407, -12.070066422]]]}}, {"type": "Feature", "properties": {"layer": "edificios_entorno", "h": 8.0, "n": "", "c": 0, "t": "yes", "id": "way/615390206", "e": 1, "feature_index": 192}, "geometry": {"type": "Polygon", "coordinates": [[[-77.084021665, -12.068614032], [-77.083905916, -12.068676432], [-77.083936228, -12.068730694], [-77.084035442, -12.068677338], [-77.084021665, -12.068614032]]]}}, {"type": "Feature", "properties": {"layer": "edificios_entorno", "h": 8.0, "n": "", "c": 0, "t": "yes", "id": "way/615390503", "e": 1, "feature_index": 193}, "geometry": {"type": "Polygon", "coordinates": [[[-77.084678389, -12.070721209], [-77.084646236, -12.070751053], [-77.084675631, -12.070781802], [-77.084708702, -12.070751958], [-77.084678389, -12.070721209]]]}}, {"type": "Feature", "properties": {"layer": "edificios_entorno", "h": 8.0, "n": "", "c": 0, "t": "yes", "id": "way/615390504", "e": 1, "feature_index": 194}, "geometry": {"type": "Polygon", "coordinates": [[[-77.084816181, -12.070760098], [-77.084750957, -12.070783611], [-77.084761061, -12.070808933], [-77.084825366, -12.070784516], [-77.084816181, -12.070760098]]]}}, {"type": "Feature", "properties": {"layer": "edificios_entorno", "h": 8.0, "n": "", "c": 0, "t": "yes", "id": "way/615390505", "e": 1, "feature_index": 195}, "geometry": {"type": "Polygon", "coordinates": [[[-77.084696778, -12.070337759], [-77.084670138, -12.070337759], [-77.084671972, -12.07042096], [-77.084698612, -12.070420056], [-77.084696778, -12.070337759]]]}}, {"type": "Feature", "properties": {"layer": "edificios_entorno", "h": 8.0, "n": "", "c": 0, "t": "yes", "id": "way/615391141", "e": 1, "feature_index": 196}, "geometry": {"type": "Polygon", "coordinates": [[[-77.082716332, -12.067937552], [-77.082627225, -12.067949308], [-77.08262998, -12.067972822], [-77.082720006, -12.067961066], [-77.082716332, -12.067937552]]]}}, {"type": "Feature", "properties": {"layer": "edificios_entorno", "h": 8.0, "n": "", "c": 0, "t": "yes", "id": "way/615392523", "e": 1, "feature_index": 197}, "geometry": {"type": "Polygon", "coordinates": [[[-77.083560467, -12.069770709], [-77.083530152, -12.069777039], [-77.083541173, -12.069823162], [-77.083571488, -12.069816832], [-77.083560467, -12.069770709]]]}}, {"type": "Feature", "properties": {"layer": "edificios_entorno", "h": 8.0, "n": "", "c": 0, "t": "yes", "id": "way/615393968", "e": 1, "feature_index": 198}, "geometry": {"type": "Polygon", "coordinates": [[[-77.080848465, -12.07502413], [-77.080766707, -12.075028651], [-77.080769461, -12.075079295], [-77.080851218, -12.075074774], [-77.080848465, -12.07502413]]]}}, {"type": "Feature", "properties": {"layer": "edificios_entorno", "h": 8.0, "n": "", "c": 0, "t": "yes", "id": "way/615393969", "e": 1, "feature_index": 199}, "geometry": {"type": "Polygon", "coordinates": [[[-77.08067117, -12.075035885], [-77.080521434, -12.075041309], [-77.080527858, -12.075187816], [-77.080676676, -12.075182392], [-77.08067117, -12.075035885]]]}}, {"type": "Feature", "properties": {"layer": "edificios_entorno", "h": 8.0, "n": "", "c": 0, "t": "yes", "id": "way/615394205", "e": 1, "feature_index": 200}, "geometry": {"type": "Polygon", "coordinates": [[[-77.082569936, -12.075659014], [-77.082469805, -12.075678005], [-77.082478989, -12.075725032], [-77.082566259, -12.075708754], [-77.082569936, -12.075659014]]]}}, {"type": "Feature", "properties": {"layer": "edificios_entorno", "h": 8.0, "n": "", "c": 0, "t": "yes", "id": "way/615394206", "e": 1, "feature_index": 201}, "geometry": {"type": "Polygon", "coordinates": [[[-77.084150006, -12.074755573], [-77.084087539, -12.074758285], [-77.084103154, -12.074798077], [-77.084151841, -12.074796269], [-77.084150006, -12.074755573]]]}}, {"type": "Feature", "properties": {"layer": "edificios_entorno", "h": 32.0, "n": "", "c": 0, "t": "yes", "id": "way/615642563", "e": 0, "feature_index": 202}, "geometry": {"type": "Polygon", "coordinates": [[[-77.08254974, -12.075342486], [-77.082500134, -12.075345199], [-77.082508396, -12.07547181], [-77.082608526, -12.075466385], [-77.082603019, -12.075369618], [-77.082551576, -12.075373235], [-77.08254974, -12.075342486]]]}}, {"type": "Feature", "properties": {"layer": "edificios_entorno", "h": 8.0, "n": "", "c": 0, "t": "yes", "id": "way/615642564", "e": 1, "feature_index": 203}, "geometry": {"type": "Polygon", "coordinates": [[[-77.08121961, -12.074514977], [-77.08109927, -12.074526733], [-77.081112126, -12.074646109], [-77.081232466, -12.074634353], [-77.08121961, -12.074514977]]]}}, {"type": "Feature", "properties": {"layer": "edificios_entorno", "h": 8.0, "n": "", "c": 0, "t": "yes", "id": "way/620164357", "e": 1, "feature_index": 204}, "geometry": {"type": "Polygon", "coordinates": [[[-77.079379564, -12.07555407], [-77.079342818, -12.075586627], [-77.079364862, -12.075652646], [-77.079408957, -12.075638177], [-77.079379564, -12.07555407]]]}}, {"type": "Feature", "properties": {"layer": "edificios_entorno", "h": 8.0, "n": "", "c": 0, "t": "yes", "id": "way/620164358", "e": 1, "feature_index": 205}, "geometry": {"type": "Polygon", "coordinates": [[[-77.079106731, -12.075605616], [-77.078925761, -12.075652641], [-77.078952396, -12.075750312], [-77.079133367, -12.075702383], [-77.079106731, -12.075605616]]]}}, {"type": "Feature", "properties": {"layer": "edificios_entorno", "h": 8.0, "n": "", "c": 0, "t": "yes", "id": "way/620164359", "e": 1, "feature_index": 206}, "geometry": {"type": "Polygon", "coordinates": [[[-77.079379579, -12.075207699], [-77.079255564, -12.075240254], [-77.07930608, -12.075424745], [-77.079430096, -12.07539219], [-77.079379579, -12.075207699]]]}}, {"type": "Feature", "properties": {"layer": "edificios_entorno", "h": 8.0, "n": "", "c": 0, "t": "yes", "id": "way/620164360", "e": 1, "feature_index": 207}, "geometry": {"type": "Polygon", "coordinates": [[[-77.079253723, -12.07532436], [-77.079061729, -12.075368672], [-77.079090201, -12.075487144], [-77.079282195, -12.075442832], [-77.079253723, -12.07532436]]]}}, {"type": "Feature", "properties": {"layer": "edificios_entorno", "h": 8.0, "n": "", "c": 0, "t": "yes", "id": "way/620164361", "e": 1, "feature_index": 208}, "geometry": {"type": "Polygon", "coordinates": [[[-77.079366693, -12.075800057], [-77.079293203, -12.075812717], [-77.079314326, -12.075926668], [-77.079386898, -12.075914007], [-77.079366693, -12.075800057]]]}}, {"type": "Feature", "properties": {"layer": "edificios_entorno", "h": 8.0, "n": "", "c": 0, "t": "yes", "id": "way/620164362", "e": 1, "feature_index": 209}, "geometry": {"type": "Polygon", "coordinates": [[[-77.079083754, -12.07586969], [-77.079022206, -12.075883255], [-77.079035064, -12.075939325], [-77.079072728, -12.075931187], [-77.079058028, -12.075970979], [-77.079104879, -12.075961031], [-77.079083754, -12.07586969]]]}}, {"type": "Feature", "properties": {"layer": "edificios_entorno", "h": 8.0, "n": "", "c": 0, "t": "yes", "id": "way/620164363", "e": 1, "feature_index": 210}, "geometry": {"type": "Polygon", "coordinates": [[[-77.078886248, -12.075922141], [-77.078837561, -12.075931184], [-77.078833885, -12.075960123], [-77.07877693, -12.075970071], [-77.078786114, -12.076018002], [-77.078900024, -12.075997203], [-77.078886248, -12.075922141]]]}}, {"type": "Feature", "properties": {"layer": "edificios_entorno", "h": 8.0, "n": "", "c": 0, "t": "yes", "id": "way/620164364", "e": 1, "feature_index": 211}, "geometry": {"type": "Polygon", "coordinates": [[[-77.079482455, -12.075437408], [-77.079380487, -12.075468156], [-77.079398857, -12.075527844], [-77.079500825, -12.075496192], [-77.079482455, -12.075437408]]]}}, {"type": "Feature", "properties": {"layer": "edificios_entorno", "h": 8.0, "n": "", "c": 0, "t": "yes", "id": "way/620164366", "e": 1, "feature_index": 212}, "geometry": {"type": "Polygon", "coordinates": [[[-77.078982725, -12.075414793], [-77.078828395, -12.075454584], [-77.07884952, -12.075533264], [-77.07900385, -12.075493473], [-77.078982725, -12.075414793]]]}}, {"type": "Feature", "properties": {"layer": "edificios_entorno", "h": 8.0, "n": "", "c": 0, "t": "yes", "id": "way/620164367", "e": 1, "feature_index": 213}, "geometry": {"type": "Polygon", "coordinates": [[[-77.082009637, -12.074259051], [-77.081938902, -12.074277138], [-77.081946247, -12.074368479], [-77.082032598, -12.07436848], [-77.082009637, -12.074259051]]]}}, {"type": "Feature", "properties": {"layer": "edificios_entorno", "h": 8.0, "n": "", "c": 0, "t": "yes", "id": "way/620164368", "e": 1, "feature_index": 214}, "geometry": {"type": "Polygon", "coordinates": [[[-77.08094772, -12.074003104], [-77.080895358, -12.07402119], [-77.080909131, -12.074174933], [-77.080962411, -12.074170411], [-77.08094772, -12.074003104]]]}}, {"type": "Feature", "properties": {"layer": "edificios_entorno", "h": 8.0, "n": "", "c": 0, "t": "yes", "id": "way/620164369", "e": 1, "feature_index": 215}, "geometry": {"type": "Polygon", "coordinates": [[[-77.080729991, -12.074357612], [-77.080700595, -12.074375699], [-77.080685894, -12.0744381], [-77.0807355, -12.074435387], [-77.080729991, -12.074357612]]]}}, {"type": "Feature", "properties": {"layer": "edificios_entorno", "h": 8.0, "n": "", "c": 0, "t": "yes", "id": "way/620164370", "e": 1, "feature_index": 216}, "geometry": {"type": "Polygon", "coordinates": [[[-77.082705045, -12.074000411], [-77.082558983, -12.074041106], [-77.082579189, -12.074108029], [-77.082725252, -12.074067335], [-77.082705045, -12.074000411]]]}}, {"type": "Feature", "properties": {"layer": "edificios_entorno", "h": 8.0, "n": "", "c": 0, "t": "yes", "id": "way/620166431", "e": 1, "feature_index": 217}, "geometry": {"type": "Polygon", "coordinates": [[[-77.080845691, -12.075440138], [-77.080774956, -12.075455511], [-77.080863137, -12.075623724], [-77.080922848, -12.075597498], [-77.080845691, -12.075440138]]]}}, {"type": "Feature", "properties": {"layer": "edificios_entorno", "h": 8.0, "n": "", "c": 0, "t": "yes", "id": "way/620166433", "e": 1, "feature_index": 218}, "geometry": {"type": "Polygon", "coordinates": [[[-77.080916436, -12.075176968], [-77.080837434, -12.075191437], [-77.080831919, -12.075270117], [-77.080910002, -12.07527464], [-77.080916436, -12.075176968]]]}}, {"type": "Feature", "properties": {"layer": "edificios_entorno", "h": 8.0, "n": "", "c": 0, "t": "yes", "id": "way/620166435", "e": 1, "feature_index": 219}, "geometry": {"type": "Polygon", "coordinates": [[[-77.080536122, -12.075290914], [-77.080397406, -12.075362357], [-77.080447927, -12.075446463], [-77.08056092, -12.075385872], [-77.080536122, -12.075290914]]]}}, {"type": "Feature", "properties": {"layer": "edificios_entorno", "h": 8.0, "n": "", "c": 0, "t": "yes", "id": "way/620166436", "e": 1, "feature_index": 220}, "geometry": {"type": "Polygon", "coordinates": [[[-77.081822226, -12.074522219], [-77.081760679, -12.07452674], [-77.081765269, -12.074592759], [-77.081827735, -12.074588238], [-77.081822226, -12.074522219]]]}}, {"type": "Feature", "properties": {"layer": "edificios_entorno", "h": 8.0, "n": "", "c": 0, "t": "yes", "id": "way/620166438", "e": 1, "feature_index": 221}, "geometry": {"type": "Polygon", "coordinates": [[[-77.081787329, -12.074291606], [-77.081723025, -12.074300649], [-77.0817368, -12.07439199], [-77.081801104, -12.074382042], [-77.081787329, -12.074291606]]]}}, {"type": "Feature", "properties": {"layer": "edificios_entorno", "h": 8.0, "n": "", "c": 0, "t": "yes", "id": "way/620166440", "e": 1, "feature_index": 222}, "geometry": {"type": "Polygon", "coordinates": [[[-77.08084024, -12.074045608], [-77.08079982, -12.074055555], [-77.080812678, -12.0741062], [-77.080872389, -12.074091731], [-77.080866879, -12.074070026], [-77.080847587, -12.074074547], [-77.08084024, -12.074045608]]]}}, {"type": "Feature", "properties": {"layer": "edificios_entorno", "h": 8.0, "n": "El Pezon", "c": 0, "t": "yes", "id": "way/769764140", "e": 1, "feature_index": 223}, "geometry": {"type": "Polygon", "coordinates": [[[-77.08031841, -12.075252024], [-77.080366174, -12.075339748], [-77.080540717, -12.075235748], [-77.080515917, -12.075171538], [-77.080442427, -12.075178772], [-77.08031841, -12.075252024]]]}}, {"type": "Feature", "properties": {"layer": "edificios_entorno", "h": 8.0, "n": "", "c": 0, "t": "yes", "id": "way/948941893", "e": 1, "feature_index": 224}, "geometry": {"type": "Polygon", "coordinates": [[[-77.076400538, -12.074033799], [-77.076234266, -12.07405098], [-77.076256304, -12.074254462], [-77.076422576, -12.074237281], [-77.076400538, -12.074033799]]]}}, {"type": "Feature", "properties": {"layer": "edificios_entorno", "h": 8.0, "n": "", "c": 0, "t": "yes", "id": "way/948941894", "e": 1, "feature_index": 225}, "geometry": {"type": "Polygon", "coordinates": [[[-77.0760396, -12.072164473], [-77.076032261, -12.071938382], [-77.075915596, -12.071944711], [-77.075948656, -12.072167185], [-77.0760396, -12.072164473]]]}}, {"type": "Feature", "properties": {"layer": "edificios_entorno", "h": 8.0, "n": "", "c": 0, "t": "yes", "id": "way/948941895", "e": 1, "feature_index": 226}, "geometry": {"type": "Polygon", "coordinates": [[[-77.076013891, -12.071889546], [-77.076012058, -12.071778309], [-77.075889881, -12.071780116], [-77.075906412, -12.071890449], [-77.076013891, -12.071889546]]]}}, {"type": "Feature", "properties": {"layer": "edificios_entorno", "h": 8.0, "n": "", "c": 0, "t": "yes", "id": "way/948941896", "e": 1, "feature_index": 227}, "geometry": {"type": "Polygon", "coordinates": [[[-77.07687556, -12.071852477], [-77.07687831, -12.071986323], [-77.076911381, -12.071986324], [-77.076912298, -12.072018881], [-77.07695088, -12.072017977], [-77.076949963, -12.071973663], [-77.076938021, -12.071974567], [-77.076935271, -12.071851574], [-77.07687556, -12.071852477]]]}}, {"type": "Feature", "properties": {"layer": "edificios_entorno", "h": 8.0, "n": "", "c": 0, "t": "yes", "id": "way/948941897", "e": 1, "feature_index": 228}, "geometry": {"type": "Polygon", "coordinates": [[[-77.077550734, -12.072173535], [-77.077525021, -12.071970052], [-77.077207176, -12.072008032], [-77.077212686, -12.072054154], [-77.077058356, -12.072073144], [-77.077074886, -12.072205182], [-77.077230134, -12.072187096], [-77.077232889, -12.072211514], [-77.077550734, -12.072173535]]]}}, {"type": "Feature", "properties": {"layer": "edificios_entorno", "h": 8.0, "n": "", "c": 0, "t": "yes", "id": "way/948941902", "e": 1, "feature_index": 229}, "geometry": {"type": "Polygon", "coordinates": [[[-77.07708772, -12.072821958], [-77.077019741, -12.072830097], [-77.077043617, -12.073024535], [-77.077111596, -12.073016397], [-77.07708772, -12.072821958]]]}}, {"type": "Feature", "properties": {"layer": "edificios_entorno", "h": 8.0, "n": "", "c": 0, "t": "yes", "id": "way/948983602", "e": 1, "feature_index": 230}, "geometry": {"type": "Polygon", "coordinates": [[[-77.081135605, -12.062815214], [-77.08107957, -12.062802552], [-77.081052006, -12.062910171], [-77.08110896, -12.062922833], [-77.081135605, -12.062815214]]]}}, {"type": "Feature", "properties": {"layer": "edificios_entorno", "h": 8.0, "n": "", "c": 0, "t": "yes", "id": "way/948983603", "e": 1, "feature_index": 231}, "geometry": {"type": "Polygon", "coordinates": [[[-77.081343203, -12.063071151], [-77.081290845, -12.06297981], [-77.081216435, -12.06302141], [-77.081230213, -12.063045828], [-77.081180607, -12.063072958], [-77.081208163, -12.06312089], [-77.08125777, -12.063093759], [-77.081268793, -12.063111847], [-77.081343203, -12.063071151]]]}}, {"type": "Feature", "properties": {"layer": "edificios_entorno", "h": 8.0, "n": "", "c": 0, "t": "yes", "id": "way/948983604", "e": 1, "feature_index": 232}, "geometry": {"type": "Polygon", "coordinates": [[[-77.081154885, -12.063068436], [-77.081068537, -12.063014173], [-77.081029953, -12.063070243], [-77.081116301, -12.06312541], [-77.081154885, -12.063068436]]]}}, {"type": "Feature", "properties": {"layer": "edificios_entorno", "h": 8.0, "n": "", "c": 0, "t": "yes", "id": "way/948983605", "e": 1, "feature_index": 233}, "geometry": {"type": "Polygon", "coordinates": [[[-77.081519585, -12.062913794], [-77.081369851, -12.062878522], [-77.081350557, -12.062957201], [-77.081500291, -12.062992473], [-77.081519585, -12.062913794]]]}}, {"type": "Feature", "properties": {"layer": "edificios_entorno", "h": 3.2, "n": "", "c": 0, "t": "yes", "id": "way/957357763", "e": 0, "feature_index": 234}, "geometry": {"type": "Polygon", "coordinates": [[[-77.081782278, -12.063675272], [-77.081726246, -12.063590261], [-77.081616007, -12.063688835], [-77.081660098, -12.063753046], [-77.081782278, -12.063675272]]]}}, {"type": "Feature", "properties": {"layer": "edificios_entorno", "h": 3.2, "n": "Car Wash Premiun", "c": 0, "t": "house", "id": "way/957357764", "e": 0, "feature_index": 235}, "geometry": {"type": "Polygon", "coordinates": [[[-77.08219842, -12.063532387], [-77.082053279, -12.063505254], [-77.082024795, -12.063657187], [-77.082169936, -12.063683416], [-77.08219842, -12.063532387]]]}}, {"type": "Feature", "properties": {"layer": "edificios_entorno", "h": 16.0, "n": "", "c": 0, "t": "yes", "id": "way/957357765", "e": 0, "feature_index": 236}, "geometry": {"type": "Polygon", "coordinates": [[[-77.08216718, -12.063696981], [-77.08198162, -12.06366623], [-77.081966918, -12.063751241], [-77.082152478, -12.063781087], [-77.08216718, -12.063696981]]]}}, {"type": "Feature", "properties": {"layer": "edificios_entorno", "h": 3.2, "n": "", "c": 0, "t": "house", "id": "way/957357766", "e": 0, "feature_index": 237}, "geometry": {"type": "Polygon", "coordinates": [[[-77.082053279, -12.063505254], [-77.081948557, -12.063486262], [-77.081920073, -12.063640003], [-77.081990806, -12.063652665], [-77.081996319, -12.063622821], [-77.08202939, -12.063628248], [-77.082053279, -12.063505254]]]}}, {"type": "Feature", "properties": {"layer": "edificios_entorno", "h": 3.2, "n": "", "c": 0, "t": "house", "id": "way/957357767", "e": 0, "feature_index": 238}, "geometry": {"type": "Polygon", "coordinates": [[[-77.082095522, -12.063821783], [-77.081952218, -12.063798267], [-77.081943948, -12.063857955], [-77.082007328, -12.063977332], [-77.082067037, -12.063989994], [-77.082095522, -12.063821783]]]}}, {"type": "Feature", "properties": {"layer": "edificios_entorno", "h": 8.0, "n": "", "c": 0, "t": "apartments", "id": "way/957357768", "e": 1, "feature_index": 239}, "geometry": {"type": "Polygon", "coordinates": [[[-77.078490842, -12.063934786], [-77.078420095, -12.064243173], [-77.078640562, -12.064291107], [-77.078710391, -12.06398272], [-77.078490842, -12.063934786]]]}}, {"type": "Feature", "properties": {"layer": "edificios_entorno", "h": 16.0, "n": "", "c": 0, "t": "yes", "id": "way/957357770", "e": 0, "feature_index": 240}, "geometry": {"type": "Polygon", "coordinates": [[[-77.078587309, -12.06368066], [-77.07855607, -12.063819932], [-77.078806851, -12.063875101], [-77.078839009, -12.06373583], [-77.078587309, -12.06368066]]]}}, {"type": "Feature", "properties": {"layer": "edificios_entorno", "h": 8.0, "n": "Caseta de Serenazgo", "c": 0, "t": "yes", "id": "way/957700085", "e": 1, "feature_index": 241}, "geometry": {"type": "Polygon", "coordinates": [[[-77.082169042, -12.063130849], [-77.082183739, -12.063145319], [-77.082172715, -12.063155267], [-77.082203028, -12.063186016], [-77.082211296, -12.063178781], [-77.082229668, -12.063197773], [-77.082258147, -12.063170642], [-77.082204869, -12.06311638], [-77.082200275, -12.063120901], [-77.08219109, -12.063110953], [-77.082169042, -12.063130849]]]}}, {"type": "Feature", "properties": {"layer": "edificios_entorno", "h": 6.4, "n": "", "c": 0, "t": "house", "id": "way/957700090", "e": 0, "feature_index": 242}, "geometry": {"type": "Polygon", "coordinates": [[[-77.080566954, -12.063367774], [-77.080391499, -12.063327979], [-77.080355666, -12.063477199], [-77.080531121, -12.063516993], [-77.080566954, -12.063367774]]]}}, {"type": "Feature", "properties": {"layer": "edificios_entorno", "h": 8.0, "n": "", "c": 0, "t": "house", "id": "way/957700091", "e": 1, "feature_index": 243}, "geometry": {"type": "Polygon", "coordinates": [[[-77.080867372, -12.062718443], [-77.080761732, -12.062683172], [-77.080746113, -12.062732007], [-77.080691915, -12.062722059], [-77.080662512, -12.062867661], [-77.080817758, -12.062905646], [-77.080867372, -12.062718443]]]}}, {"type": "Feature", "properties": {"layer": "edificios_entorno", "h": 16.0, "n": "", "c": 0, "t": "apartments", "id": "way/975716135", "e": 0, "feature_index": 244}, "geometry": {"type": "Polygon", "coordinates": [[[-77.076197682, -12.070358459], [-77.076167374, -12.07019296], [-77.075424203, -12.070324989], [-77.075457265, -12.070504053], [-77.076197682, -12.070358459]]]}}, {"type": "Feature", "properties": {"layer": "edificios_entorno", "h": 16.0, "n": "", "c": 0, "t": "apartments", "id": "way/975716136", "e": 0, "feature_index": 245}, "geometry": {"type": "Polygon", "coordinates": [[[-77.076209621, -12.070410008], [-77.075464612, -12.070551985], [-77.075497675, -12.070726527], [-77.076247277, -12.070587264], [-77.076209621, -12.070410008]]]}}, {"type": "Feature", "properties": {"layer": "edificios_entorno", "h": 20.0, "n": "", "c": 0, "t": "apartments", "id": "way/975716138", "e": 0, "feature_index": 246}, "geometry": {"type": "Polygon", "coordinates": [[[-77.077099775, -12.070216485], [-77.076333637, -12.070377452], [-77.07637313, -12.070557421], [-77.077145698, -12.070396454], [-77.077099775, -12.070216485]]]}}, {"type": "Feature", "properties": {"layer": "edificios_entorno", "h": 16.0, "n": "", "c": 0, "t": "apartments", "id": "way/975716139", "e": 0, "feature_index": 247}, "geometry": {"type": "Polygon", "coordinates": [[[-77.076286812, -12.069801372], [-77.076255586, -12.069630447], [-77.075328689, -12.06979503], [-77.075361751, -12.069979521], [-77.076286812, -12.069801372]]]}}, {"type": "Feature", "properties": {"layer": "edificios_entorno", "h": 8.0, "n": "", "c": 0, "t": "house", "id": "way/1211346891", "e": 1, "feature_index": 248}, "geometry": {"type": "Polygon", "coordinates": [[[-77.079368111, -12.064301968], [-77.07933779, -12.06444124], [-77.079405768, -12.06445571], [-77.079436088, -12.064316439], [-77.079368111, -12.064301968]]]}}, {"type": "Feature", "properties": {"layer": "edificios_entorno", "h": 8.0, "n": "", "c": 0, "t": "house", "id": "way/1211346892", "e": 1, "feature_index": 249}, "geometry": {"type": "Polygon", "coordinates": [[[-77.078929013, -12.064215144], [-77.078839908, -12.064195247], [-77.078809587, -12.064328188], [-77.078898693, -12.064348085], [-77.078929013, -12.064215144]]]}}, {"type": "Feature", "properties": {"layer": "edificios_entorno", "h": 8.0, "n": "", "c": 0, "t": "house", "id": "way/1211346893", "e": 1, "feature_index": 250}, "geometry": {"type": "Polygon", "coordinates": [[[-77.078839908, -12.064195247], [-77.078758151, -12.064178063], [-77.078727831, -12.064311004], [-77.078809587, -12.064328188], [-77.078839908, -12.064195247]]]}}, {"type": "Feature", "properties": {"layer": "edificios_entorno", "h": 8.0, "n": "", "c": 0, "t": "house", "id": "way/1211346894", "e": 1, "feature_index": 251}, "geometry": {"type": "Polygon", "coordinates": [[[-77.078758151, -12.064178063], [-77.078670883, -12.064158166], [-77.078640562, -12.064291107], [-77.078727831, -12.064311004], [-77.078758151, -12.064178063]]]}}, {"type": "Feature", "properties": {"layer": "edificios_entorno", "h": 8.0, "n": "", "c": 0, "t": "roof", "id": "way/1317392344", "e": 1, "feature_index": 252}, "geometry": {"type": "Polygon", "coordinates": [[[-77.082966291, -12.065782455], [-77.082933225, -12.065687496], [-77.082837687, -12.065718243], [-77.082870753, -12.065814106], [-77.082966291, -12.065782455]]]}}, {"type": "Feature", "properties": {"layer": "edificios_entorno", "h": 8.0, "n": "", "c": 0, "t": "roof", "id": "way/1317392345", "e": 1, "feature_index": 253}, "geometry": {"type": "Polygon", "coordinates": [[[-77.082102775, -12.066036571], [-77.082004483, -12.066018483], [-77.081953947, -12.066288887], [-77.082052239, -12.066306071], [-77.082102775, -12.066036571]]]}}, {"type": "Feature", "properties": {"layer": "edificios_entorno", "h": 8.0, "n": "", "c": 0, "t": "yes", "id": "way/1361858459", "e": 1, "feature_index": 254}, "geometry": {"type": "Polygon", "coordinates": [[[-77.083113075, -12.070278957], [-77.082990896, -12.070329599], [-77.082931192, -12.070192135], [-77.082850352, -12.070225596], [-77.082954146, -12.070466158], [-77.083158083, -12.070382055], [-77.083113075, -12.070278957]]]}}, {"type": "Feature", "properties": {"layer": "edificios_entorno", "h": 8.0, "n": "", "c": 0, "t": "yes", "id": "way/1385969801", "e": 1, "feature_index": 255}, "geometry": {"type": "Polygon", "coordinates": [[[-77.085293801, -12.072215226], [-77.0852543, -12.072227887], [-77.085271751, -12.072281245], [-77.085311253, -12.072268584], [-77.085293801, -12.072215226]]]}}]}